ID,Nivel_Educacion,Sector_Trabajo,Ocupacion,Horas_Semanales,Ingreso_Mensual_MXN,Clase_Ingreso
1,Básica,Construcción,Administrador/a,35,11300.0,Baja
2,Media Superior,Manufactura,Lutier,31,16200.0,Media
3,Licenciatura,Comercio,Paleontólogo/a,52,17900.0,Media
4,Básica,Informal,Repartidor,28,8500.0,Baja
5,Básica,Comercio,Paleontólogo/a,20,9200.0,Baja
6,Licenciatura,Comercio,Técnico/a de sonido,43,21000.0,Media
7,Licenciatura,Manufactura,Escultor,39,14400.0,Baja
8,Licenciatura,Comercio,Economista,42,13400.0,Baja
9,Licenciatura,Construcción,Camarero,32,9300.0,Baja
10,Licenciatura,Servicios,Animador,23,8500.0,Baja
11,Posgrado,Manufactura,Actuario/a,24,18800.0,Media
12,Licenciatura,Comercio,Barbero,24,8500.0,Baja
13,Posgrado,Finanzas,Cerrajero,39,11600.0,Baja
14,Media Superior,Servicios,Ferretero,40,22100.0,Media
15,Básica,Manufactura,Barbero,26,8500.0,Baja
16,Media Superior,Informal,Contador/a,45,9400.0,Baja
17,Media Superior,Comercio,Médico/a cirujano/a,38,13000.0,Baja
18,Posgrado,Informal,Periodista,43,18100.0,Media
19,Media Superior,Servicios,Soldador,41,8500.0,Baja
20,Licenciatura,Gobierno,Carnicero,53,22700.0,Media
21,Básica,Manufactura,Zapatero,49,15700.0,Media
22,Media Superior,Informal,Historiador/a,22,12700.0,Baja
23,Básica,Comercio,Administrador/a,34,9400.0,Baja
24,Básica,Comercio,Economista,37,17000.0,Media
25,Posgrado,Comercio,Periodista,35,19500.0,Media
26,Licenciatura,Gobierno,Psicoanalista,39,22200.0,Media
27,Licenciatura,Manufactura,Leñador,54,15700.0,Media
28,Básica,Comercio,Pescador,49,9400.0,Baja
29,Licenciatura,Servicios,Kinesiólogo/a,53,23000.0,Media
30,Media Superior,Manufactura,Barrendero,38,8700.0,Baja
31,Licenciatura,Manufactura,Joyero,30,13900.0,Baja
32,Posgrado,Informal,Repartidor,44,22900.0,Media
33,Licenciatura,Gobierno,Artesano,38,8500.0,Baja
34,Media Superior,Finanzas,Lavandero,24,8500.0,Baja
35,Media Superior,Gobierno,Cerrajero,51,16700.0,Media
36,Licenciatura,Servicios,Jardinero,42,23100.0,Media
37,Media Superior,Manufactura,Abogado/a,36,16900.0,Media
38,Básica,Servicios,Albañil,43,9400.0,Baja
39,Media Superior,Informal,Repartidor,58,8500.0,Baja
40,Licenciatura,Servicios,Cocinero,58,31400.0,Media
41,Básica,Gobierno,Pintor,50,20700.0,Media
42,Media Superior,Construcción,Abogado/a,57,26900.0,Media
43,Básica,Manufactura,Vendedor,20,8500.0,Baja
44,Licenciatura,Finanzas,Técnico/a de sonido,23,8600.0,Baja
45,Licenciatura,Construcción,Frutero,50,16900.0,Media
46,Media Superior,Manufactura,Meteorólogo/a,47,13800.0,Baja
47,Licenciatura,Manufactura,Historiador/a,39,8500.0,Baja
48,Básica,Construcción,Repartidor,39,8500.0,Baja
49,Licenciatura,Servicios,Joyero,47,13300.0,Baja
50,Básica,Gobierno,Vendedor,34,9600.0,Baja
51,Media Superior,Servicios,Relojero,30,9000.0,Baja
52,Media Superior,Informal,Desarrollador/a web,55,16400.0,Media
53,Licenciatura,Informal,Artesano,52,12100.0,Baja
54,Posgrado,Gobierno,Fumigador,36,20400.0,Media
55,Licenciatura,Informal,Barrendero,39,20800.0,Media
56,Licenciatura,Gobierno,Imprentero,23,10900.0,Baja
57,Licenciatura,Construcción,Obrero,51,17600.0,Media
58,Media Superior,Finanzas,Matemático/a,53,25100.0,Media
59,Licenciatura,Gobierno,Obrero,21,8500.0,Baja
60,Licenciatura,Informal,Joyero,36,17900.0,Media
61,Media Superior,Construcción,Radiólogo/a,29,8500.0,Baja
62,Básica,Comercio,Fontanero o plomero,36,8500.0,Baja
63,Licenciatura,Construcción,Veterinario/a,32,8500.0,Baja
64,Básica,Finanzas,Maestro,54,26700.0,Media
65,Licenciatura,Manufactura,Biólogo/a,55,27300.0,Media
66,Media Superior,Informal,Herrero,54,8500.0,Baja
67,Licenciatura,Informal,Biólogo/a,35,12500.0,Baja
68,Media Superior,Servicios,Pastor,22,8500.0,Baja
69,Licenciatura,Servicios,Leñador,30,9100.0,Baja
70,Licenciatura,Manufactura,Escritor,32,19500.0,Media
71,Licenciatura,Comercio,Zapatero,22,8500.0,Baja
72,Media Superior,Servicios,Sastre,44,8500.0,Baja
73,Básica,Manufactura,Psicólogo/a,48,19600.0,Media
74,Media Superior,Servicios,Traductor/a,58,19000.0,Media
75,Media Superior,Informal,Imprentero,39,8500.0,Baja
76,Básica,Manufactura,Lechero,58,8500.0,Baja
77,Media Superior,Construcción,Peluquero,27,17900.0,Media
78,Licenciatura,Informal,Cocinero,27,8500.0,Baja
79,Media Superior,Gobierno,Contador/a,53,17900.0,Media
80,Media Superior,Servicios,Jardinero,29,8500.0,Baja
81,Licenciatura,Servicios,Físico/a,25,17600.0,Media
82,Media Superior,Informal,Soldador,43,9700.0,Baja
83,Básica,Manufactura,Pintor,29,8500.0,Baja
84,Media Superior,Manufactura,Fontanero o plomero,21,8500.0,Baja
85,Licenciatura,Comercio,Lutier,32,8500.0,Baja
86,Básica,Servicios,Artesano,47,10800.0,Baja
87,Básica,Construcción,Químico/a,45,15500.0,Media
88,Licenciatura,Comercio,Músico/a,38,13400.0,Baja
89,Básica,Construcción,Psicólogo/a,44,11200.0,Baja
90,Licenciatura,Finanzas,Maestro,49,24100.0,Media
91,Media Superior,Construcción,Historiador/a,37,8500.0,Baja
92,Media Superior,Gobierno,Técnico/a de sonido,26,8500.0,Baja
93,Licenciatura,Gobierno,Bombero,38,11500.0,Baja
94,Licenciatura,Servicios,Camarero,47,13200.0,Baja
95,Licenciatura,Gobierno,Obrero,47,22200.0,Media
96,Básica,Comercio,Diseñador/a gráfico,50,15500.0,Media
97,Licenciatura,Gobierno,Farmacólogo/a,46,22700.0,Media
98,Licenciatura,Gobierno,Cocinero,37,9800.0,Baja
99,Básica,Servicios,Cajero,20,8500.0,Baja
100,Licenciatura,Gobierno,Geógrafo/a,24,14900.0,Baja
101,Posgrado,Comercio,Farmacólogo/a,57,25000.0,Media
102,Básica,Servicios,Psicoanalista,56,15700.0,Media
103,Licenciatura,Comercio,Contador/a,34,13700.0,Baja
104,Media Superior,Gobierno,Obrero,28,13400.0,Baja
105,Licenciatura,Servicios,Médico/a cirujano/a,32,17900.0,Media
106,Licenciatura,Servicios,Relojero,38,15300.0,Media
107,Básica,Servicios,Panadero,43,8500.0,Baja
108,Licenciatura,Gobierno,Lechero,37,19700.0,Media
109,Licenciatura,Manufactura,Abogado/a,28,8500.0,Baja
110,Licenciatura,Gobierno,Joyero,40,20000.0,Media
111,Media Superior,Gobierno,Radiólogo/a,57,30800.0,Media
112,Media Superior,Manufactura,Ferretero,30,17900.0,Media
113,Media Superior,Gobierno,Lutier,52,18400.0,Media
114,Media Superior,Informal,Desarrollador/a web,20,10700.0,Baja
115,Posgrado,Informal,Animador,59,25700.0,Media
116,Licenciatura,Finanzas,Imprentero,23,8500.0,Baja
117,Licenciatura,Informal,Enfermero/a,52,22000.0,Media
118,Básica,Manufactura,Biólogo/a,59,18100.0,Media
119,Licenciatura,Comercio,Kinesiólogo/a,33,9400.0,Baja
120,Media Superior,Servicios,Lutier,39,12500.0,Baja
121,Licenciatura,Servicios,Afilador,34,15000.0,Media
122,Media Superior,Servicios,Tornero,20,9100.0,Baja
123,Media Superior,Comercio,Leñador,37,8500.0,Baja
124,Básica,Informal,Artesano,31,8500.0,Baja
125,Licenciatura,Manufactura,Frutero,39,18200.0,Media
126,Básica,Comercio,Traductor/a,25,10700.0,Baja
127,Licenciatura,Comercio,Relojero,50,10300.0,Baja
128,Media Superior,Servicios,Repartidor,30,8500.0,Baja
129,Posgrado,Construcción,Chofer transportista,47,8600.0,Baja
130,Licenciatura,Informal,Frutero,53,21900.0,Media
131,Básica,Comercio,Jardinero,32,8500.0,Baja
132,Licenciatura,Comercio,Periodista,25,8500.0,Baja
133,Licenciatura,Construcción,Fumigador,39,17000.0,Media
134,Media Superior,Servicios,Escritor,49,12600.0,Baja
135,Licenciatura,Finanzas,Cajero,51,21400.0,Media
136,Media Superior,Finanzas,Óptico,30,8700.0,Baja
137,Licenciatura,Manufactura,Ferretero,34,15500.0,Media
138,Media Superior,Manufactura,Tornero,46,14100.0,Baja
139,Básica,Informal,Óptico,47,9300.0,Baja
140,Licenciatura,Finanzas,Ingeniero/a,57,32700.0,Media
141,Media Superior,Finanzas,Frutero,59,14700.0,Baja
142,Media Superior,Informal,Herrero,53,8500.0,Baja
143,Licenciatura,Manufactura,Kinesiólogo/a,30,20000.0,Media
144,Media Superior,Servicios,Albañil,48,8500.0,Baja
145,Media Superior,Informal,Matemático/a,50,17200.0,Media
146,Media Superior,Informal,Profesor/a,54,15300.0,Media
147,Media Superior,Servicios,Cajero,25,8500.0,Baja
148,Licenciatura,Informal,Químico/a,28,8500.0,Baja
149,Licenciatura,Gobierno,Cerrajero,59,19600.0,Media
150,Licenciatura,Comercio,Vigilante,35,8500.0,Baja
151,Licenciatura,Comercio,Herrero,30,12800.0,Baja
152,Básica,Servicios,Cajero,25,8500.0,Baja
153,Media Superior,Servicios,Diseñador/a gráfico,27,12700.0,Baja
154,Licenciatura,Gobierno,Soldador,58,31800.0,Media
155,Licenciatura,Comercio,Albañil,39,11500.0,Baja
156,Licenciatura,Manufactura,Escultor,23,8500.0,Baja
157,Media Superior,Comercio,Escritor,27,8500.0,Baja
158,Media Superior,Manufactura,Chofer transportista,29,9900.0,Baja
159,Licenciatura,Finanzas,Carnicero,43,10800.0,Baja
160,Licenciatura,Construcción,Biólogo/a,27,10700.0,Baja
161,Licenciatura,Manufactura,Bibliotecario/a,37,19200.0,Media
162,Posgrado,Comercio,Químico/a,42,11900.0,Baja
163,Licenciatura,Gobierno,Panadero,48,14000.0,Baja
164,Licenciatura,Informal,Leñador,42,18000.0,Media
165,Media Superior,Informal,Biólogo/a,21,8500.0,Baja
166,Media Superior,Finanzas,Historiador/a,26,15600.0,Media
167,Licenciatura,Gobierno,Médico/a cirujano/a,39,11000.0,Baja
168,Básica,Gobierno,Zapatero,30,8500.0,Baja
169,Básica,Manufactura,Guardabosques,33,8500.0,Baja
170,Básica,Informal,Biólogo/a,53,8700.0,Baja
171,Básica,Comercio,Vendedor,43,11300.0,Baja
172,Media Superior,Finanzas,Escritor,22,21000.0,Media
173,Básica,Informal,Historiador/a,39,14700.0,Baja
174,Media Superior,Comercio,Barrendero,46,8500.0,Baja
175,Licenciatura,Comercio,Apicultor,25,8500.0,Baja
176,Media Superior,Gobierno,Obrero,56,23200.0,Media
177,Media Superior,Construcción,Jardinero,36,8500.0,Baja
178,Licenciatura,Gobierno,Traductor/a,29,8500.0,Baja
179,Licenciatura,Servicios,Fumigador,37,20000.0,Media
180,Media Superior,Construcción,Vendedor,23,8500.0,Baja
181,Posgrado,Informal,Historiador/a,57,29000.0,Media
182,Licenciatura,Servicios,Apicultor,57,20100.0,Media
183,Licenciatura,Servicios,Cocinero,30,8500.0,Baja
184,Media Superior,Servicios,Diseñador/a gráfico,54,19900.0,Media
185,Media Superior,Gobierno,Ferretero,36,9800.0,Baja
186,Posgrado,Comercio,Herrero,52,18900.0,Media
187,Media Superior,Informal,Apicultor,39,18400.0,Media
188,Licenciatura,Construcción,Peletero,41,20200.0,Media
189,Básica,Finanzas,Telefonista,29,8500.0,Baja
190,Licenciatura,Construcción,Herrero,31,8500.0,Baja
191,Básica,Informal,Lutier,31,8500.0,Baja
192,Básica,Manufactura,Pastor,51,8500.0,Baja
193,Licenciatura,Comercio,Cocinero,56,27800.0,Media
194,Básica,Servicios,Artesano,39,21200.0,Media
195,Licenciatura,Gobierno,Fontanero o plomero,47,27800.0,Media
196,Licenciatura,Informal,Arquitecto/a,50,24300.0,Media
197,Media Superior,Gobierno,Cerrajero,27,9600.0,Baja
198,Básica,Finanzas,Administrador/a,45,23200.0,Media
199,Licenciatura,Construcción,Geógrafo/a,29,12600.0,Baja
200,Licenciatura,Finanzas,Radiólogo/a,21,8500.0,Baja
201,Licenciatura,Servicios,Albañil,36,14500.0,Baja
202,Media Superior,Informal,Ferretero,49,8500.0,Baja
203,Licenciatura,Informal,Economista,20,8500.0,Baja
204,Licenciatura,Gobierno,Jardinero,47,11800.0,Baja
205,Licenciatura,Comercio,Cerrajero,27,8500.0,Baja
206,Media Superior,Finanzas,Óptico,39,16100.0,Media
207,Básica,Comercio,Cerrajero,27,8500.0,Baja
208,Posgrado,Finanzas,Relojero,45,15600.0,Media
209,Posgrado,Gobierno,Ingeniero/a,20,18700.0,Media
210,Licenciatura,Informal,Fumigador,21,9900.0,Baja
211,Básica,Servicios,Lavandero,36,13800.0,Baja
212,Básica,Gobierno,Imprentero,20,8500.0,Baja
213,Media Superior,Gobierno,Chofer transportista,52,13900.0,Baja
214,Media Superior,Servicios,Pastor,42,15800.0,Media
215,Básica,Manufactura,Afilador,45,15700.0,Media
216,Media Superior,Finanzas,Albañil,54,17200.0,Media
217,Media Superior,Gobierno,Herrero,51,14900.0,Baja
218,Posgrado,Finanzas,Zapatero,59,34800.0,Media
219,Básica,Informal,Joyero,56,11300.0,Baja
220,Media Superior,Comercio,Pastor,26,8500.0,Baja
221,Licenciatura,Construcción,Lechero,54,21600.0,Media
222,Básica,Servicios,Tornero,35,8500.0,Baja
223,Media Superior,Finanzas,Maestro,40,20700.0,Media
224,Licenciatura,Finanzas,Pintor,53,27800.0,Media
225,Posgrado,Gobierno,Paleontólogo/a,36,26400.0,Media
226,Media Superior,Manufactura,Telefonista,41,11200.0,Baja
227,Licenciatura,Comercio,Peletero,28,8500.0,Baja
228,Licenciatura,Gobierno,Kinesiólogo/a,54,20500.0,Media
229,Posgrado,Finanzas,Geógrafo/a,56,27200.0,Media
230,Básica,Finanzas,Guardabosques,20,8500.0,Baja
231,Licenciatura,Manufactura,Agricultor,21,8500.0,Baja
232,Licenciatura,Servicios,Farmacólogo/a,20,9300.0,Baja
233,Básica,Servicios,Albañil,54,10700.0,Baja
234,Posgrado,Construcción,Panadero,58,12000.0,Baja
235,Licenciatura,Comercio,Kinesiólogo/a,40,22400.0,Media
236,Licenciatura,Informal,Leñador,59,10400.0,Baja
237,Licenciatura,Servicios,Pintor,38,13300.0,Baja
238,Licenciatura,Comercio,Desarrollador/a web,21,20400.0,Media
239,Básica,Manufactura,Farmacólogo/a,53,12600.0,Baja
240,Media Superior,Gobierno,Físico/a,22,8500.0,Baja
241,Básica,Servicios,Diseñador/a gráfico,58,31100.0,Media
242,Media Superior,Informal,Barrendero,39,13400.0,Baja
243,Licenciatura,Servicios,Fumigador,25,8500.0,Baja
244,Básica,Informal,Pintor,54,9900.0,Baja
245,Básica,Informal,Pintor,50,8500.0,Baja
246,Licenciatura,Comercio,Kinesiólogo/a,39,8500.0,Baja
247,Media Superior,Comercio,Bombero,59,8500.0,Baja
248,Posgrado,Manufactura,Técnico/a de sonido,45,23500.0,Media
249,Licenciatura,Finanzas,Periodista,23,13400.0,Baja
250,Posgrado,Construcción,Mecánico,59,18600.0,Media
251,Licenciatura,Servicios,Kinesiólogo/a,22,13900.0,Baja
252,Posgrado,Comercio,Veterinario/a,27,15900.0,Media
253,Licenciatura,Comercio,Vigilante,25,8500.0,Baja
254,Media Superior,Gobierno,Leñador,52,14100.0,Baja
255,Licenciatura,Gobierno,Guardabosques,55,17400.0,Media
256,Básica,Servicios,Apicultor,29,8500.0,Baja
257,Licenciatura,Finanzas,Jardinero,24,8500.0,Baja
258,Licenciatura,Comercio,Carnicero,23,8500.0,Baja
259,Media Superior,Manufactura,Diseñador/a gráfico,36,12300.0,Baja
260,Básica,Servicios,Desarrollador/a web,24,14000.0,Baja
261,Licenciatura,Servicios,Leñador,24,8500.0,Baja
262,Licenciatura,Gobierno,Relojero,58,22900.0,Media
263,Licenciatura,Gobierno,Chofer transportista,29,12900.0,Baja
264,Licenciatura,Gobierno,Profesor/a,56,20400.0,Media
265,Licenciatura,Finanzas,Maestro,37,18500.0,Media
266,Licenciatura,Comercio,Camarero,32,9600.0,Baja
267,Media Superior,Servicios,Imprentero,44,15700.0,Media
268,Básica,Construcción,Físico/a,34,10400.0,Baja
269,Media Superior,Comercio,Peluquero,36,16200.0,Media
270,Licenciatura,Gobierno,Médico/a cirujano/a,46,32100.0,Media
271,Básica,Comercio,Psicoanalista,36,10700.0,Baja
272,Posgrado,Manufactura,Psicoanalista,49,30700.0,Media
273,Posgrado,Gobierno,Peluquero,31,16000.0,Media
274,Media Superior,Manufactura,Mecánico,28,8500.0,Baja
275,Posgrado,Manufactura,Peletero,47,15800.0,Media
276,Posgrado,Comercio,Lechero,43,12800.0,Baja
277,Básica,Construcción,Maestro,36,15200.0,Media
278,Posgrado,Finanzas,Telefonista,21,8500.0,Baja
279,Licenciatura,Construcción,Historiador/a,36,12700.0,Baja
280,Básica,Manufactura,Agricultor,58,14800.0,Baja
281,Licenciatura,Servicios,Periodista,23,8500.0,Baja
282,Media Superior,Construcción,Camarero,37,10700.0,Baja
283,Licenciatura,Finanzas,Químico/a,59,31600.0,Media
284,Licenciatura,Gobierno,Frutero,25,8500.0,Baja
285,Licenciatura,Finanzas,Repartidor,43,21300.0,Media
286,Licenciatura,Informal,Agricultor,54,9800.0,Baja
287,Media Superior,Manufactura,Vendedor,59,15700.0,Media
288,Licenciatura,Finanzas,Maestro,36,19500.0,Media
289,Licenciatura,Comercio,Diseñador/a gráfico,50,30100.0,Media
290,Licenciatura,Informal,Programador,32,8600.0,Baja
291,Media Superior,Servicios,Químico/a,28,17600.0,Media
292,Licenciatura,Construcción,Biólogo/a,25,8700.0,Baja
293,Licenciatura,Gobierno,Vigilante,45,14900.0,Baja
294,Licenciatura,Informal,Psicoanalista,29,10700.0,Baja
295,Licenciatura,Gobierno,Farmacólogo/a,39,17300.0,Media
296,Licenciatura,Gobierno,Lechero,36,8500.0,Baja
297,Media Superior,Servicios,Arquitecto/a,21,21900.0,Media
298,Licenciatura,Finanzas,Afilador,34,12100.0,Baja
299,Media Superior,Gobierno,Abogado/a,47,21600.0,Media
300,Licenciatura,Informal,Peletero,24,14000.0,Baja
301,Básica,Servicios,Fontanero o plomero,38,16500.0,Media
302,Media Superior,Finanzas,Cerrajero,58,18600.0,Media
303,Básica,Comercio,Tornero,55,14600.0,Baja
304,Básica,Gobierno,Albañil,48,10700.0,Baja
305,Media Superior,Comercio,Paleontólogo/a,24,10000.0,Baja
306,Media Superior,Gobierno,Lutier,29,12900.0,Baja
307,Básica,Servicios,Joyero,28,8500.0,Baja
308,Licenciatura,Informal,Mecánico,39,10800.0,Baja
309,Media Superior,Servicios,Escritor,20,8500.0,Baja
310,Licenciatura,Gobierno,Técnico/a de sonido,35,12000.0,Baja
311,Básica,Finanzas,Veterinario/a,45,19300.0,Media
312,Licenciatura,Manufactura,Obrero,30,8500.0,Baja
313,Licenciatura,Gobierno,Biólogo/a,56,24100.0,Media
314,Media Superior,Construcción,Bombero,42,8500.0,Baja
315,Licenciatura,Gobierno,Economista,55,23600.0,Media
316,Media Superior,Gobierno,Cerrajero,23,10200.0,Baja
317,Media Superior,Finanzas,Pastor,20,8500.0,Baja
318,Media Superior,Manufactura,Administrador/a,46,15000.0,Media
319,Básica,Finanzas,Bibliotecario/a,44,24400.0,Media
320,Licenciatura,Construcción,Médico/a cirujano/a,39,21600.0,Media
321,Media Superior,Finanzas,Filólogo/a,42,16100.0,Media
322,Licenciatura,Finanzas,Óptico,48,23700.0,Media
323,Posgrado,Construcción,Escritor,37,16400.0,Media
324,Básica,Comercio,Camarero,57,12800.0,Baja
325,Licenciatura,Comercio,Abogado/a,44,22300.0,Media
326,Licenciatura,Comercio,Geógrafo/a,50,23000.0,Media
327,Básica,Servicios,Pintor,42,8500.0,Baja
328,Licenciatura,Manufactura,Bibliotecario/a,46,17100.0,Media
329,Licenciatura,Finanzas,Relojero,47,33400.0,Media
330,Licenciatura,Gobierno,Repartidor,25,9700.0,Baja
331,Básica,Servicios,Desarrollador/a web,53,19500.0,Media
332,Licenciatura,Manufactura,Relojero,46,14700.0,Baja
333,Licenciatura,Servicios,Traductor/a,44,8700.0,Baja
334,Licenciatura,Informal,Periodista,56,27200.0,Media
335,Media Superior,Manufactura,Kinesiólogo/a,21,15300.0,Media
336,Licenciatura,Servicios,Leñador,59,30400.0,Media
337,Media Superior,Construcción,Óptico,46,14800.0,Baja
338,Licenciatura,Manufactura,Animador,49,18800.0,Media
339,Media Superior,Gobierno,Fumigador,35,12700.0,Baja
340,Posgrado,Gobierno,Kinesiólogo/a,35,22500.0,Media
341,Media Superior,Comercio,Pescador,32,9400.0,Baja
342,Básica,Construcción,Pastor,21,8500.0,Baja
343,Licenciatura,Informal,Geógrafo/a,52,13200.0,Baja
344,Media Superior,Comercio,Óptico,25,8500.0,Baja
345,Básica,Construcción,Actuario/a,37,11700.0,Baja
346,Media Superior,Comercio,Lutier,21,8500.0,Baja
347,Básica,Gobierno,Meteorólogo/a,30,8500.0,Baja
348,Media Superior,Finanzas,Bibliotecario/a,23,10800.0,Baja
349,Media Superior,Gobierno,Repartidor,38,8500.0,Baja
350,Licenciatura,Manufactura,Afilador,42,16800.0,Media
351,Licenciatura,Informal,Leñador,46,9600.0,Baja
352,Media Superior,Informal,Apicultor,54,9000.0,Baja
353,Básica,Manufactura,Agricultor,48,17300.0,Media
354,Básica,Finanzas,Músico/a,37,22000.0,Media
355,Licenciatura,Servicios,Óptico,31,16200.0,Media
356,Licenciatura,Servicios,Periodista,42,21100.0,Media
357,Licenciatura,Informal,Lutier,37,9500.0,Baja
358,Media Superior,Finanzas,Bibliotecario/a,30,13000.0,Baja
359,Básica,Informal,Abogado/a,58,20000.0,Media
360,Licenciatura,Servicios,Carpintero,33,11900.0,Baja
361,Licenciatura,Manufactura,Agricultor,35,11000.0,Baja
362,Posgrado,Construcción,Periodista,53,22500.0,Media
363,Licenciatura,Comercio,Músico/a,32,8500.0,Baja
364,Media Superior,Manufactura,Lingüista,36,14200.0,Baja
365,Licenciatura,Gobierno,Lutier,39,16300.0,Media
366,Licenciatura,Servicios,Jardinero,24,8500.0,Baja
367,Licenciatura,Informal,Artesano,24,11700.0,Baja
368,Licenciatura,Servicios,Lavandero,21,14700.0,Baja
369,Media Superior,Servicios,Apicultor,31,8500.0,Baja
370,Media Superior,Informal,Soldador,49,8500.0,Baja
371,Licenciatura,Gobierno,Bibliotecario/a,50,20300.0,Media
372,Básica,Servicios,Enfermero/a,52,22300.0,Media
373,Básica,Informal,Relojero,58,14000.0,Baja
374,Licenciatura,Gobierno,Lingüista,45,22000.0,Media
375,Básica,Informal,Meteorólogo/a,57,8500.0,Baja
376,Licenciatura,Informal,Artesano,42,14800.0,Baja
377,Básica,Manufactura,Barbero,57,8500.0,Baja
378,Licenciatura,Informal,Óptico,35,11700.0,Baja
379,Licenciatura,Construcción,Bombero,33,10800.0,Baja
380,Básica,Servicios,Óptico,48,13400.0,Baja
381,Media Superior,Informal,Cocinero,20,11100.0,Baja
382,Media Superior,Manufactura,Enfermero/a,28,12400.0,Baja
383,Licenciatura,Servicios,Profesor/a,31,14100.0,Baja
384,Media Superior,Gobierno,Filólogo/a,48,18000.0,Media
385,Básica,Manufactura,Farmacólogo/a,54,18100.0,Media
386,Media Superior,Servicios,Maestro,51,15700.0,Media
387,Licenciatura,Finanzas,Físico/a,21,10800.0,Baja
388,Media Superior,Servicios,Ingeniero/a,41,16100.0,Media
389,Media Superior,Comercio,Farmacólogo/a,27,8500.0,Baja
390,Posgrado,Servicios,Actuario/a,57,24000.0,Media
391,Licenciatura,Comercio,Pastor,49,13800.0,Baja
392,Media Superior,Informal,Vigilante,59,21600.0,Media
393,Media Superior,Manufactura,Biólogo/a,44,16200.0,Media
394,Media Superior,Construcción,Afilador,42,16100.0,Media
395,Básica,Comercio,Farmacólogo/a,20,8500.0,Baja
396,Licenciatura,Informal,Animador,37,16600.0,Media
397,Básica,Servicios,Joyero,48,20100.0,Media
398,Media Superior,Manufactura,Mecánico,22,8500.0,Baja
399,Básica,Comercio,Vigilante,48,8500.0,Baja
400,Media Superior,Servicios,Cocinero,54,29700.0,Media
401,Básica,Comercio,Relojero,55,8500.0,Baja
402,Posgrado,Gobierno,Cerrajero,22,8500.0,Baja
403,Media Superior,Servicios,Radiólogo/a,34,25000.0,Media
404,Licenciatura,Servicios,Panadero,21,8500.0,Baja
405,Básica,Construcción,Artesano,40,8500.0,Baja
406,Media Superior,Manufactura,Lutier,43,8500.0,Baja
407,Media Superior,Finanzas,Físico/a,58,35000.0,Alta
408,Básica,Informal,Sastre,42,8500.0,Baja
409,Básica,Comercio,Sastre,53,21500.0,Media
410,Posgrado,Manufactura,Repartidor,24,8500.0,Baja
411,Posgrado,Finanzas,Abogado/a,26,14900.0,Baja
412,Licenciatura,Servicios,Cocinero,50,16000.0,Media
413,Media Superior,Gobierno,Fumigador,21,8500.0,Baja
414,Licenciatura,Gobierno,Periodista,53,16900.0,Media
415,Licenciatura,Construcción,Apicultor,24,8500.0,Baja
416,Media Superior,Finanzas,Jardinero,30,17100.0,Media
417,Licenciatura,Manufactura,Tornero,47,15800.0,Media
418,Licenciatura,Construcción,Camarero,31,11000.0,Baja
419,Licenciatura,Informal,Psicoanalista,26,12700.0,Baja
420,Licenciatura,Gobierno,Diseñador/a gráfico,39,25100.0,Media
421,Licenciatura,Comercio,Peluquero,49,15600.0,Media
422,Media Superior,Informal,Filólogo/a,48,21300.0,Media
423,Media Superior,Comercio,Imprentero,21,8500.0,Baja
424,Licenciatura,Finanzas,Músico/a,33,23900.0,Media
425,Media Superior,Manufactura,Filólogo/a,30,8500.0,Baja
426,Básica,Servicios,Lingüista,48,14300.0,Baja
427,Básica,Finanzas,Maestro,57,27900.0,Media
428,Licenciatura,Comercio,Administrador/a,32,8500.0,Baja
429,Media Superior,Informal,Contador/a,51,19100.0,Media
430,Media Superior,Servicios,Fumigador,58,9200.0,Baja
431,Media Superior,Comercio,Economista,59,19300.0,Media
432,Media Superior,Manufactura,Traductor/a,59,14300.0,Baja
433,Posgrado,Gobierno,Músico/a,42,21200.0,Media
434,Media Superior,Comercio,Escritor,37,11900.0,Baja
435,Media Superior,Comercio,Albañil,52,8900.0,Baja
436,Licenciatura,Manufactura,Ingeniero/a,33,11100.0,Baja
437,Licenciatura,Comercio,Barrendero,53,15400.0,Media
438,Básica,Gobierno,Guardabosques,43,12800.0,Baja
439,Media Superior,Manufactura,Lingüista,25,10100.0,Baja
440,Media Superior,Gobierno,Soldador,20,8500.0,Baja
441,Media Superior,Informal,Lingüista,24,8500.0,Baja
442,Licenciatura,Informal,Guardabosques,59,19700.0,Media
443,Básica,Informal,Maestro,25,8500.0,Baja
444,Licenciatura,Comercio,Jardinero,43,13900.0,Baja
445,Licenciatura,Gobierno,Repartidor,41,8500.0,Baja
446,Licenciatura,Construcción,Escultor,57,23600.0,Media
447,Licenciatura,Gobierno,Peletero,55,21000.0,Media
448,Básica,Servicios,Soldador,29,9900.0,Baja
449,Licenciatura,Comercio,Apicultor,26,10600.0,Baja
450,Licenciatura,Servicios,Telefonista,44,19900.0,Media
451,Licenciatura,Informal,Profesor/a,23,13000.0,Baja
452,Licenciatura,Comercio,Repartidor,47,18900.0,Media
453,Media Superior,Gobierno,Periodista,55,17400.0,Media
454,Media Superior,Informal,Imprentero,37,8500.0,Baja
455,Licenciatura,Servicios,Enfermero/a,41,13000.0,Baja
456,Media Superior,Gobierno,Administrador/a,24,8500.0,Baja
457,Media Superior,Comercio,Peletero,34,8500.0,Baja
458,Licenciatura,Servicios,Agricultor,28,8500.0,Baja
459,Básica,Informal,Administrador/a,55,8500.0,Baja
460,Licenciatura,Finanzas,Carnicero,29,8500.0,Baja
461,Licenciatura,Finanzas,Animador,24,12500.0,Baja
462,Básica,Servicios,Bombero,23,8500.0,Baja
463,Media Superior,Finanzas,Relojero,32,8500.0,Baja
464,Licenciatura,Finanzas,Kinesiólogo/a,39,12100.0,Baja
465,Media Superior,Informal,Veterinario/a,43,16400.0,Media
466,Media Superior,Servicios,Frutero,33,18100.0,Media
467,Licenciatura,Informal,Traductor/a,54,17600.0,Media
468,Básica,Manufactura,Profesor/a,44,18900.0,Media
469,Básica,Manufactura,Psicoanalista,29,12300.0,Baja
470,Posgrado,Servicios,Zapatero,21,11200.0,Baja
471,Media Superior,Comercio,Telefonista,45,8500.0,Baja
472,Licenciatura,Informal,Animador,54,8500.0,Baja
473,Media Superior,Informal,Desarrollador/a web,33,10000.0,Baja
474,Media Superior,Manufactura,Camarero,25,14000.0,Baja
475,Licenciatura,Servicios,Pescador,34,12700.0,Baja
476,Licenciatura,Gobierno,Frutero,25,17400.0,Media
477,Media Superior,Gobierno,Joyero,53,14700.0,Baja
478,Media Superior,Finanzas,Programador,39,20600.0,Media
479,Básica,Gobierno,Imprentero,50,14200.0,Baja
480,Licenciatura,Servicios,Vigilante,21,12900.0,Baja
481,Licenciatura,Informal,Frutero,25,8500.0,Baja
482,Básica,Informal,Administrador/a,49,8500.0,Baja
483,Licenciatura,Finanzas,Químico/a,59,31900.0,Media
484,Posgrado,Informal,Jardinero,53,19400.0,Media
485,Licenciatura,Servicios,Frutero,40,14200.0,Baja
486,Licenciatura,Manufactura,Albañil,51,15100.0,Media
487,Básica,Servicios,Repartidor,52,10000.0,Baja
488,Media Superior,Servicios,Vendedor,29,10400.0,Baja
489,Posgrado,Informal,Cajero,59,26400.0,Media
490,Licenciatura,Comercio,Ingeniero/a,57,27700.0,Media
491,Licenciatura,Gobierno,Matemático/a,23,8500.0,Baja
492,Básica,Comercio,Zapatero,35,8500.0,Baja
493,Media Superior,Informal,Lavandero,57,15200.0,Media
494,Básica,Comercio,Contador/a,57,10700.0,Baja
495,Posgrado,Manufactura,Frutero,29,10900.0,Baja
496,Básica,Gobierno,Bibliotecario/a,21,8500.0,Baja
497,Licenciatura,Informal,Imprentero,43,11700.0,Baja
498,Básica,Comercio,Meteorólogo/a,50,8500.0,Baja
499,Media Superior,Gobierno,Escultor,52,12100.0,Baja
500,Básica,Servicios,Kinesiólogo/a,51,23100.0,Media
501,Licenciatura,Finanzas,Artesano,30,14600.0,Baja
502,Licenciatura,Informal,Soldador,20,8500.0,Baja
503,Básica,Servicios,Ferretero,34,14900.0,Baja
504,Media Superior,Construcción,Programador,52,21200.0,Media
505,Básica,Manufactura,Filólogo/a,34,13100.0,Baja
506,Licenciatura,Servicios,Químico/a,34,17300.0,Media
507,Básica,Informal,Historiador/a,49,13500.0,Baja
508,Posgrado,Comercio,Profesor/a,53,33500.0,Media
509,Licenciatura,Servicios,Biólogo/a,20,14500.0,Baja
510,Licenciatura,Informal,Psicólogo/a,43,23900.0,Media
511,Licenciatura,Finanzas,Carnicero,55,26000.0,Media
512,Básica,Construcción,Vigilante,21,8500.0,Baja
513,Media Superior,Gobierno,Guardabosques,39,9600.0,Baja
514,Media Superior,Manufactura,Médico/a cirujano/a,50,20200.0,Media
515,Licenciatura,Manufactura,Bibliotecario/a,43,18500.0,Media
516,Posgrado,Informal,Actuario/a,40,20000.0,Media
517,Básica,Finanzas,Guardabosques,30,15700.0,Media
518,Básica,Servicios,Soldador,57,16800.0,Media
519,Media Superior,Finanzas,Psicoanalista,41,18100.0,Media
520,Media Superior,Construcción,Cerrajero,49,8500.0,Baja
521,Licenciatura,Informal,Obrero,53,13700.0,Baja
522,Licenciatura,Informal,Físico/a,22,14600.0,Baja
523,Posgrado,Construcción,Afilador,56,28800.0,Media
524,Básica,Finanzas,Vigilante,49,12300.0,Baja
525,Media Superior,Comercio,Barrendero,59,20600.0,Media
526,Licenciatura,Servicios,Barbero,22,10100.0,Baja
527,Básica,Gobierno,Joyero,48,9700.0,Baja
528,Básica,Finanzas,Carpintero,56,27200.0,Media
529,Licenciatura,Comercio,Traductor/a,42,17300.0,Media
530,Licenciatura,Servicios,Vigilante,43,15700.0,Media
531,Media Superior,Servicios,Soldador,35,23200.0,Media
532,Media Superior,Servicios,Ingeniero/a,25,10100.0,Baja
533,Posgrado,Comercio,Paleontólogo/a,46,28300.0,Media
534,Básica,Servicios,Matemático/a,47,18200.0,Media
535,Básica,Gobierno,Agricultor,37,13900.0,Baja
536,Licenciatura,Informal,Ingeniero/a,47,18200.0,Media
537,Básica,Finanzas,Escritor,20,9000.0,Baja
538,Licenciatura,Informal,Cocinero,47,11100.0,Baja
539,Posgrado,Gobierno,Músico/a,39,12500.0,Baja
540,Licenciatura,Construcción,Cerrajero,27,8500.0,Baja
541,Licenciatura,Gobierno,Veterinario/a,30,11800.0,Baja
542,Licenciatura,Construcción,Pastor,37,10500.0,Baja
543,Media Superior,Manufactura,Repartidor,45,8500.0,Baja
544,Media Superior,Gobierno,Telefonista,26,8500.0,Baja
545,Licenciatura,Servicios,Psicoanalista,58,27200.0,Media
546,Licenciatura,Servicios,Relojero,50,13300.0,Baja
547,Licenciatura,Manufactura,Contador/a,30,8500.0,Baja
548,Licenciatura,Servicios,Cerrajero,59,20100.0,Media
549,Media Superior,Gobierno,Telefonista,25,11100.0,Baja
550,Básica,Construcción,Farmacólogo/a,24,8500.0,Baja
551,Licenciatura,Gobierno,Bombero,53,21300.0,Media
552,Posgrado,Finanzas,Cajero,34,13700.0,Baja
553,Básica,Servicios,Maestro,43,9600.0,Baja
554,Posgrado,Construcción,Lingüista,49,23100.0,Media
555,Media Superior,Gobierno,Radiólogo/a,58,20000.0,Media
556,Licenciatura,Construcción,Zapatero,54,8500.0,Baja
557,Básica,Servicios,Geógrafo/a,51,14100.0,Baja
558,Básica,Gobierno,Cocinero,57,16700.0,Media
559,Licenciatura,Construcción,Albañil,44,14700.0,Baja
560,Licenciatura,Gobierno,Panadero,31,9500.0,Baja
561,Licenciatura,Servicios,Vigilante,26,15600.0,Media
562,Licenciatura,Construcción,Bombero,36,8500.0,Baja
563,Media Superior,Informal,Bombero,42,17000.0,Media
564,Licenciatura,Construcción,Escritor,52,12000.0,Baja
565,Licenciatura,Informal,Contador/a,26,14800.0,Baja
566,Licenciatura,Gobierno,Panadero,31,9200.0,Baja
567,Posgrado,Manufactura,Contador/a,46,19800.0,Media
568,Media Superior,Comercio,Filólogo/a,29,8500.0,Baja
569,Media Superior,Informal,Obrero,56,10300.0,Baja
570,Media Superior,Servicios,Arquitecto/a,20,8600.0,Baja
571,Licenciatura,Manufactura,Radiólogo/a,41,18600.0,Media
572,Media Superior,Informal,Kinesiólogo/a,34,8500.0,Baja
573,Licenciatura,Servicios,Vigilante,37,18900.0,Media
574,Media Superior,Manufactura,Ferretero,55,18400.0,Media
575,Licenciatura,Comercio,Apicultor,36,11900.0,Baja
576,Licenciatura,Manufactura,Chofer transportista,26,8500.0,Baja
577,Media Superior,Gobierno,Cerrajero,36,14400.0,Baja
578,Media Superior,Construcción,Óptico,39,8800.0,Baja
579,Posgrado,Informal,Jardinero,49,29600.0,Media
580,Media Superior,Comercio,Lavandero,43,13800.0,Baja
581,Media Superior,Finanzas,Agricultor,48,12200.0,Baja
582,Media Superior,Manufactura,Escritor,46,16200.0,Media
583,Licenciatura,Servicios,Zapatero,48,12500.0,Baja
584,Posgrado,Construcción,Psicólogo/a,21,10600.0,Baja
585,Media Superior,Comercio,Relojero,57,17900.0,Media
586,Licenciatura,Finanzas,Afilador,52,36700.0,Alta
587,Básica,Informal,Ferretero,34,12800.0,Baja
588,Media Superior,Comercio,Bombero,29,13400.0,Baja
589,Básica,Gobierno,Animador,34,12400.0,Baja
590,Licenciatura,Finanzas,Vendedor,34,8500.0,Baja
591,Básica,Comercio,Relojero,24,8500.0,Baja
592,Media Superior,Manufactura,Artesano,34,8500.0,Baja
593,Licenciatura,Manufactura,Enfermero/a,35,17100.0,Media
594,Licenciatura,Manufactura,Panadero,36,8500.0,Baja
595,Licenciatura,Servicios,Lutier,37,9500.0,Baja
596,Licenciatura,Informal,Filólogo/a,25,13800.0,Baja
597,Licenciatura,Servicios,Fumigador,44,19700.0,Media
598,Posgrado,Comercio,Frutero,50,9500.0,Baja
599,Licenciatura,Servicios,Vendedor,23,9100.0,Baja
600,Media Superior,Finanzas,Obrero,39,21600.0,Media
601,Básica,Manufactura,Arquitecto/a,24,10500.0,Baja
602,Licenciatura,Construcción,Vigilante,38,18400.0,Media
603,Licenciatura,Finanzas,Animador,28,15000.0,Media
604,Licenciatura,Gobierno,Profesor/a,36,18600.0,Media
605,Licenciatura,Servicios,Imprentero,31,8500.0,Baja
606,Media Superior,Comercio,Obrero,22,8500.0,Baja
607,Posgrado,Gobierno,Zapatero,30,16000.0,Media
608,Licenciatura,Manufactura,Enfermero/a,31,11700.0,Baja
609,Licenciatura,Construcción,Chofer transportista,35,13400.0,Baja
610,Posgrado,Construcción,Telefonista,57,28900.0,Media
611,Básica,Comercio,Historiador/a,33,8800.0,Baja
612,Media Superior,Comercio,Matemático/a,52,13300.0,Baja
613,Posgrado,Gobierno,Soldador,37,21900.0,Media
614,Licenciatura,Informal,Pastor,50,9800.0,Baja
615,Básica,Finanzas,Lutier,44,18000.0,Media
616,Básica,Servicios,Animador,25,8500.0,Baja
617,Licenciatura,Manufactura,Actuario/a,28,11200.0,Baja
618,Media Superior,Gobierno,Albañil,26,8500.0,Baja
619,Básica,Finanzas,Albañil,37,8500.0,Baja
620,Media Superior,Comercio,Arquitecto/a,41,17500.0,Media
621,Media Superior,Comercio,Artesano,21,8500.0,Baja
622,Media Superior,Finanzas,Ingeniero/a,34,15200.0,Media
623,Posgrado,Construcción,Traductor/a,48,25600.0,Media
624,Licenciatura,Informal,Biólogo/a,56,15100.0,Media
625,Media Superior,Gobierno,Cerrajero,25,8500.0,Baja
626,Básica,Finanzas,Pescador,26,8500.0,Baja
627,Licenciatura,Comercio,Repartidor,22,8500.0,Baja
628,Licenciatura,Comercio,Animador,20,8500.0,Baja
629,Básica,Informal,Químico/a,36,9700.0,Baja
630,Media Superior,Servicios,Herrero,39,17700.0,Media
631,Básica,Informal,Artesano,54,15900.0,Media
632,Licenciatura,Finanzas,Radiólogo/a,25,17800.0,Media
633,Básica,Manufactura,Vendedor,41,8500.0,Baja
634,Licenciatura,Construcción,Diseñador/a gráfico,28,8500.0,Baja
635,Licenciatura,Gobierno,Kinesiólogo/a,26,10600.0,Baja
636,Licenciatura,Comercio,Sastre,28,10800.0,Baja
637,Básica,Construcción,Lavandero,24,8500.0,Baja
638,Licenciatura,Finanzas,Filólogo/a,54,21800.0,Media
639,Licenciatura,Gobierno,Médico/a cirujano/a,44,28400.0,Media
640,Básica,Servicios,Bombero,26,8500.0,Baja
641,Media Superior,Comercio,Actuario/a,52,21500.0,Media
642,Básica,Servicios,Periodista,56,12500.0,Baja
643,Licenciatura,Comercio,Lavandero,24,8500.0,Baja
644,Media Superior,Finanzas,Cocinero,39,16800.0,Media
645,Licenciatura,Informal,Mecánico,54,10600.0,Baja
646,Licenciatura,Servicios,Abogado/a,54,29300.0,Media
647,Media Superior,Gobierno,Leñador,21,10000.0,Baja
648,Básica,Servicios,Óptico,38,10900.0,Baja
649,Media Superior,Finanzas,Herrero,53,8500.0,Baja
650,Media Superior,Gobierno,Vendedor,27,8500.0,Baja
651,Básica,Comercio,Fontanero o plomero,49,11100.0,Baja
652,Posgrado,Comercio,Historiador/a,28,16200.0,Media
653,Media Superior,Comercio,Traductor/a,42,10600.0,Baja
654,Licenciatura,Comercio,Fontanero o plomero,36,8500.0,Baja
655,Básica,Servicios,Lingüista,35,8500.0,Baja
656,Licenciatura,Finanzas,Zapatero,44,18900.0,Media
657,Básica,Informal,Repartidor,28,13000.0,Baja
658,Media Superior,Finanzas,Herrero,59,19000.0,Media
659,Media Superior,Informal,Agricultor,39,14900.0,Baja
660,Media Superior,Finanzas,Economista,37,23500.0,Media
661,Licenciatura,Finanzas,Afilador,46,21100.0,Media
662,Media Superior,Manufactura,Matemático/a,26,15100.0,Media
663,Básica,Gobierno,Bibliotecario/a,44,12900.0,Baja
664,Licenciatura,Servicios,Químico/a,47,28000.0,Media
665,Media Superior,Servicios,Camarero,21,14100.0,Baja
666,Media Superior,Comercio,Farmacólogo/a,58,17200.0,Media
667,Posgrado,Gobierno,Contador/a,30,23300.0,Media
668,Licenciatura,Manufactura,Filólogo/a,29,13000.0,Baja
669,Posgrado,Manufactura,Apicultor,26,15200.0,Media
670,Media Superior,Servicios,Biólogo/a,53,14400.0,Baja
671,Posgrado,Gobierno,Barrendero,39,8500.0,Baja
672,Licenciatura,Comercio,Ferretero,22,8500.0,Baja
673,Licenciatura,Informal,Carpintero,53,10100.0,Baja
674,Licenciatura,Servicios,Bombero,27,28000.0,Media
675,Licenciatura,Finanzas,Barrendero,26,16600.0,Media
676,Licenciatura,Gobierno,Médico/a cirujano/a,20,8500.0,Baja
677,Media Superior,Gobierno,Veterinario/a,25,15300.0,Media
678,Media Superior,Servicios,Artesano,59,15600.0,Media
679,Media Superior,Comercio,Fontanero o plomero,39,12900.0,Baja
680,Media Superior,Gobierno,Veterinario/a,47,20700.0,Media
681,Licenciatura,Servicios,Ingeniero/a,39,15400.0,Media
682,Licenciatura,Servicios,Biólogo/a,56,25500.0,Media
683,Media Superior,Construcción,Cocinero,57,13100.0,Baja
684,Licenciatura,Comercio,Programador,34,8500.0,Baja
685,Licenciatura,Comercio,Matemático/a,37,17900.0,Media
686,Básica,Informal,Médico/a cirujano/a,46,17000.0,Media
687,Media Superior,Finanzas,Peletero,30,8500.0,Baja
688,Media Superior,Informal,Ferretero,39,10500.0,Baja
689,Básica,Servicios,Historiador/a,29,8500.0,Baja
690,Posgrado,Gobierno,Agricultor,36,18400.0,Media
691,Básica,Servicios,Fumigador,39,9700.0,Baja
692,Básica,Gobierno,Bibliotecario/a,30,13000.0,Baja
693,Básica,Servicios,Meteorólogo/a,21,8500.0,Baja
694,Media Superior,Manufactura,Panadero,41,11900.0,Baja
695,Licenciatura,Construcción,Traductor/a,35,8500.0,Baja
696,Media Superior,Servicios,Obrero,45,8500.0,Baja
697,Posgrado,Construcción,Farmacólogo/a,20,8500.0,Baja
698,Licenciatura,Construcción,Joyero,55,15700.0,Media
699,Básica,Gobierno,Fumigador,44,24400.0,Media
700,Media Superior,Manufactura,Fontanero o plomero,25,9200.0,Baja
701,Básica,Finanzas,Telefonista,52,22900.0,Media
702,Licenciatura,Gobierno,Programador,46,24700.0,Media
703,Licenciatura,Gobierno,Apicultor,22,15100.0,Media
704,Básica,Finanzas,Ingeniero/a,28,8500.0,Baja
705,Licenciatura,Comercio,Psicoanalista,56,32300.0,Media
706,Básica,Manufactura,Administrador/a,51,15200.0,Media
707,Media Superior,Informal,Filólogo/a,52,21100.0,Media
708,Licenciatura,Informal,Imprentero,24,8500.0,Baja
709,Licenciatura,Finanzas,Músico/a,42,24400.0,Media
710,Licenciatura,Servicios,Médico/a cirujano/a,48,25400.0,Media
711,Licenciatura,Gobierno,Sastre,41,25200.0,Media
712,Media Superior,Finanzas,Diseñador/a gráfico,44,22300.0,Media
713,Media Superior,Comercio,Ferretero,23,8500.0,Baja
714,Licenciatura,Manufactura,Profesor/a,42,24800.0,Media
715,Posgrado,Informal,Traductor/a,35,20400.0,Media
716,Básica,Servicios,Traductor/a,52,21900.0,Media
717,Básica,Construcción,Repartidor,21,8500.0,Baja
718,Licenciatura,Finanzas,Artesano,43,32100.0,Media
719,Media Superior,Construcción,Barrendero,25,8500.0,Baja
720,Media Superior,Servicios,Bombero,26,8500.0,Baja
721,Media Superior,Gobierno,Barrendero,52,15600.0,Media
722,Licenciatura,Servicios,Sastre,39,10300.0,Baja
723,Posgrado,Manufactura,Apicultor,47,24500.0,Media
724,Licenciatura,Informal,Matemático/a,54,19300.0,Media
725,Licenciatura,Comercio,Kinesiólogo/a,30,11300.0,Baja
726,Licenciatura,Construcción,Lechero,49,12900.0,Baja
727,Media Superior,Gobierno,Abogado/a,26,8500.0,Baja
728,Media Superior,Comercio,Soldador,21,8500.0,Baja
729,Media Superior,Servicios,Afilador,44,8800.0,Baja
730,Licenciatura,Manufactura,Repartidor,38,8500.0,Baja
731,Licenciatura,Informal,Veterinario/a,54,21400.0,Media
732,Media Superior,Manufactura,Físico/a,36,28700.0,Media
733,Media Superior,Servicios,Herrero,37,12500.0,Baja
734,Licenciatura,Manufactura,Programador,22,10200.0,Baja
735,Media Superior,Construcción,Sastre,35,8500.0,Baja
736,Media Superior,Manufactura,Camarero,39,12700.0,Baja
737,Media Superior,Servicios,Fumigador,35,14700.0,Baja
738,Media Superior,Servicios,Mecánico,37,11000.0,Baja
739,Básica,Gobierno,Escritor,48,22900.0,Media
740,Media Superior,Informal,Zapatero,30,8500.0,Baja
741,Posgrado,Servicios,Escritor,29,8500.0,Baja
742,Media Superior,Informal,Barrendero,56,18500.0,Media
743,Licenciatura,Manufactura,Médico/a cirujano/a,45,22800.0,Media
744,Licenciatura,Manufactura,Jardinero,58,21500.0,Media
745,Media Superior,Informal,Vendedor,25,8500.0,Baja
746,Licenciatura,Servicios,Veterinario/a,51,22400.0,Media
747,Básica,Comercio,Obrero,28,15900.0,Media
748,Media Superior,Finanzas,Carpintero,20,8500.0,Baja
749,Media Superior,Gobierno,Psicoanalista,36,19900.0,Media
750,Licenciatura,Manufactura,Kinesiólogo/a,47,11300.0,Baja
751,Básica,Manufactura,Barbero,54,13600.0,Baja
752,Posgrado,Finanzas,Apicultor,43,23100.0,Media
753,Media Superior,Gobierno,Joyero,47,18300.0,Media
754,Licenciatura,Manufactura,Peluquero,21,8500.0,Baja
755,Media Superior,Finanzas,Vigilante,27,12700.0,Baja
756,Licenciatura,Finanzas,Pescador,36,17800.0,Media
757,Licenciatura,Comercio,Fumigador,50,19000.0,Media
758,Licenciatura,Servicios,Profesor/a,55,33600.0,Media
759,Licenciatura,Gobierno,Farmacólogo/a,27,8500.0,Baja
760,Licenciatura,Servicios,Cerrajero,40,17500.0,Media
761,Media Superior,Manufactura,Químico/a,54,34900.0,Media
762,Media Superior,Servicios,Radiólogo/a,22,8500.0,Baja
763,Media Superior,Construcción,Zapatero,33,8500.0,Baja
764,Licenciatura,Manufactura,Pintor,36,13600.0,Baja
765,Media Superior,Finanzas,Óptico,52,26300.0,Media
766,Básica,Finanzas,Vigilante,41,8500.0,Baja
767,Básica,Manufactura,Administrador/a,51,10900.0,Baja
768,Media Superior,Informal,Pastor,22,8500.0,Baja
769,Básica,Servicios,Abogado/a,21,15600.0,Media
770,Posgrado,Manufactura,Programador,59,33100.0,Media
771,Media Superior,Manufactura,Biólogo/a,59,17900.0,Media
772,Licenciatura,Informal,Técnico/a de sonido,21,8500.0,Baja
773,Licenciatura,Comercio,Barrendero,57,16100.0,Media
774,Básica,Manufactura,Pastor,46,8500.0,Baja
775,Licenciatura,Gobierno,Administrador/a,50,23200.0,Media
776,Básica,Informal,Agricultor,32,8500.0,Baja
777,Licenciatura,Informal,Matemático/a,35,12300.0,Baja
778,Media Superior,Gobierno,Abogado/a,51,19700.0,Media
779,Licenciatura,Informal,Profesor/a,24,13800.0,Baja
780,Licenciatura,Manufactura,Historiador/a,36,14600.0,Baja
781,Media Superior,Gobierno,Biólogo/a,50,15600.0,Media
782,Licenciatura,Servicios,Ferretero,54,22600.0,Media
783,Media Superior,Gobierno,Animador,21,8500.0,Baja
784,Media Superior,Comercio,Biólogo/a,49,15600.0,Media
785,Básica,Informal,Ingeniero/a,42,8500.0,Baja
786,Licenciatura,Comercio,Soldador,20,8500.0,Baja
787,Media Superior,Informal,Barrendero,32,8500.0,Baja
788,Licenciatura,Comercio,Psicólogo/a,41,18500.0,Media
789,Básica,Servicios,Animador,58,14500.0,Baja
790,Licenciatura,Gobierno,Apicultor,59,23400.0,Media
791,Básica,Comercio,Herrero,56,8500.0,Baja
792,Licenciatura,Construcción,Economista,42,8500.0,Baja
793,Media Superior,Manufactura,Imprentero,40,10200.0,Baja
794,Licenciatura,Servicios,Escultor,32,11400.0,Baja
795,Media Superior,Informal,Meteorólogo/a,42,8500.0,Baja
796,Licenciatura,Informal,Geógrafo/a,46,8500.0,Baja
797,Básica,Informal,Ingeniero/a,32,18000.0,Media
798,Licenciatura,Manufactura,Desarrollador/a web,47,22300.0,Media
799,Licenciatura,Construcción,Periodista,56,15400.0,Media
800,Posgrado,Informal,Fumigador,42,14300.0,Baja
801,Básica,Comercio,Telefonista,33,8500.0,Baja
802,Básica,Construcción,Bombero,41,8600.0,Baja
803,Posgrado,Gobierno,Tornero,45,24000.0,Media
804,Media Superior,Construcción,Médico/a cirujano/a,52,11800.0,Baja
805,Licenciatura,Servicios,Panadero,35,15000.0,Media
806,Básica,Comercio,Peluquero,30,8500.0,Baja
807,Media Superior,Informal,Contador/a,54,8500.0,Baja
808,Media Superior,Informal,Repartidor,21,8500.0,Baja
809,Licenciatura,Servicios,Cajero,36,8500.0,Baja
810,Licenciatura,Construcción,Radiólogo/a,50,15900.0,Media
811,Licenciatura,Manufactura,Animador,25,8500.0,Baja
812,Básica,Servicios,Panadero,57,16600.0,Media
813,Posgrado,Gobierno,Pintor,20,13400.0,Baja
814,Básica,Informal,Imprentero,38,10000.0,Baja
815,Media Superior,Manufactura,Lingüista,25,11500.0,Baja
816,Licenciatura,Construcción,Geógrafo/a,21,14100.0,Baja
817,Licenciatura,Servicios,Abogado/a,21,10700.0,Baja
818,Media Superior,Manufactura,Apicultor,29,8500.0,Baja
819,Media Superior,Construcción,Mecánico,50,12800.0,Baja
820,Licenciatura,Finanzas,Abogado/a,31,21300.0,Media
821,Media Superior,Informal,Ferretero,51,16000.0,Media
822,Licenciatura,Finanzas,Programador,52,28600.0,Media
823,Media Superior,Finanzas,Afilador,31,13900.0,Baja
824,Licenciatura,Informal,Óptico,39,20300.0,Media
825,Licenciatura,Comercio,Ferretero,43,17900.0,Media
826,Media Superior,Comercio,Pintor,32,8500.0,Baja
827,Licenciatura,Gobierno,Jardinero,57,20800.0,Media
828,Básica,Manufactura,Escultor,58,17900.0,Media
829,Media Superior,Informal,Telefonista,38,12100.0,Baja
830,Posgrado,Comercio,Apicultor,32,8500.0,Baja
831,Licenciatura,Servicios,Tornero,37,11500.0,Baja
832,Licenciatura,Manufactura,Peluquero,35,8500.0,Baja
833,Licenciatura,Gobierno,Profesor/a,44,31000.0,Media
834,Básica,Manufactura,Sastre,33,11700.0,Baja
835,Licenciatura,Manufactura,Paleontólogo/a,38,17300.0,Media
836,Licenciatura,Comercio,Técnico/a de sonido,41,18700.0,Media
837,Básica,Servicios,Herrero,35,9400.0,Baja
838,Media Superior,Servicios,Arquitecto/a,40,13100.0,Baja
839,Licenciatura,Comercio,Ferretero,39,14900.0,Baja
840,Licenciatura,Servicios,Programador,52,23400.0,Media
841,Licenciatura,Comercio,Psicólogo/a,54,22400.0,Media
842,Básica,Servicios,Historiador/a,52,14100.0,Baja
843,Posgrado,Construcción,Maestro,51,28500.0,Media
844,Media Superior,Servicios,Kinesiólogo/a,37,13600.0,Baja
845,Media Superior,Comercio,Escritor,56,8500.0,Baja
846,Media Superior,Gobierno,Artesano,20,8500.0,Baja
847,Licenciatura,Informal,Telefonista,42,14500.0,Baja
848,Básica,Construcción,Programador,21,10400.0,Baja
849,Licenciatura,Manufactura,Pastor,38,8500.0,Baja
850,Básica,Gobierno,Fontanero o plomero,38,15300.0,Media
851,Posgrado,Finanzas,Albañil,29,11700.0,Baja
852,Licenciatura,Construcción,Agricultor,52,16300.0,Media
853,Licenciatura,Informal,Obrero,57,19000.0,Media
854,Básica,Construcción,Escritor,44,9300.0,Baja
855,Licenciatura,Gobierno,Desarrollador/a web,46,18000.0,Media
856,Licenciatura,Manufactura,Joyero,57,16300.0,Media
857,Básica,Informal,Barrendero,35,8500.0,Baja
858,Licenciatura,Informal,Paleontólogo/a,36,18600.0,Media
859,Básica,Comercio,Farmacólogo/a,33,8500.0,Baja
860,Básica,Gobierno,Carnicero,31,16800.0,Media
861,Posgrado,Construcción,Radiólogo/a,48,17100.0,Media
862,Media Superior,Finanzas,Carnicero,50,17000.0,Media
863,Licenciatura,Construcción,Bombero,38,12900.0,Baja
864,Licenciatura,Comercio,Cocinero,56,14100.0,Baja
865,Licenciatura,Construcción,Albañil,43,18400.0,Media
866,Licenciatura,Manufactura,Pastor,32,12700.0,Baja
867,Básica,Comercio,Ferretero,24,10500.0,Baja
868,Licenciatura,Manufactura,Frutero,32,8500.0,Baja
869,Básica,Construcción,Músico/a,46,15100.0,Media
870,Básica,Manufactura,Contador/a,58,24200.0,Media
871,Básica,Comercio,Diseñador/a gráfico,23,8500.0,Baja
872,Posgrado,Informal,Biólogo/a,44,30500.0,Media
873,Media Superior,Servicios,Cajero,48,22700.0,Media
874,Licenciatura,Informal,Biólogo/a,43,15700.0,Media
875,Licenciatura,Servicios,Geógrafo/a,31,22500.0,Media
876,Posgrado,Gobierno,Artesano,41,17700.0,Media
877,Media Superior,Gobierno,Bombero,44,17500.0,Media
878,Media Superior,Gobierno,Imprentero,51,10500.0,Baja
879,Posgrado,Manufactura,Afilador,34,8500.0,Baja
880,Básica,Finanzas,Apicultor,23,14700.0,Baja
881,Media Superior,Comercio,Programador,44,10000.0,Baja
882,Licenciatura,Informal,Peluquero,27,9100.0,Baja
883,Básica,Servicios,Relojero,48,11900.0,Baja
884,Media Superior,Comercio,Carnicero,56,13000.0,Baja
885,Licenciatura,Gobierno,Vendedor,23,11700.0,Baja
886,Media Superior,Construcción,Pescador,37,14400.0,Baja
887,Básica,Manufactura,Vendedor,50,9800.0,Baja
888,Licenciatura,Gobierno,Afilador,47,18300.0,Media
889,Básica,Construcción,Pintor,48,8500.0,Baja
890,Básica,Comercio,Psicoanalista,39,18100.0,Media
891,Básica,Finanzas,Químico/a,45,18000.0,Media
892,Básica,Finanzas,Repartidor,33,8500.0,Baja
893,Licenciatura,Construcción,Diseñador/a gráfico,44,15000.0,Media
894,Licenciatura,Gobierno,Leñador,27,8500.0,Baja
895,Licenciatura,Manufactura,Periodista,22,14100.0,Baja
896,Posgrado,Servicios,Obrero,49,17800.0,Media
897,Posgrado,Finanzas,Albañil,45,21700.0,Media
898,Básica,Informal,Enfermero/a,35,8500.0,Baja
899,Media Superior,Construcción,Músico/a,42,8500.0,Baja
900,Básica,Gobierno,Mecánico,52,17700.0,Media
901,Media Superior,Servicios,Chofer transportista,36,14900.0,Baja
902,Media Superior,Servicios,Mecánico,30,11000.0,Baja
903,Licenciatura,Manufactura,Repartidor,21,8500.0,Baja
904,Licenciatura,Manufactura,Chofer transportista,50,13500.0,Baja
905,Media Superior,Construcción,Kinesiólogo/a,57,19500.0,Media
906,Licenciatura,Comercio,Geógrafo/a,24,8500.0,Baja
907,Media Superior,Finanzas,Camarero,33,13200.0,Baja
908,Licenciatura,Servicios,Lechero,50,26700.0,Media
909,Media Superior,Informal,Desarrollador/a web,59,24400.0,Media
910,Básica,Finanzas,Apicultor,53,23400.0,Media
911,Licenciatura,Finanzas,Joyero,56,22400.0,Media
912,Media Superior,Informal,Telefonista,43,13100.0,Baja
913,Posgrado,Servicios,Animador,58,29300.0,Media
914,Licenciatura,Informal,Economista,46,10200.0,Baja
915,Básica,Comercio,Meteorólogo/a,56,8500.0,Baja
916,Media Superior,Gobierno,Pescador,44,13800.0,Baja
917,Licenciatura,Gobierno,Jardinero,26,12300.0,Baja
918,Media Superior,Servicios,Pescador,36,15300.0,Media
919,Licenciatura,Manufactura,Afilador,43,11800.0,Baja
920,Media Superior,Servicios,Radiólogo/a,29,8500.0,Baja
921,Media Superior,Servicios,Diseñador/a gráfico,30,9000.0,Baja
922,Media Superior,Gobierno,Médico/a cirujano/a,53,22000.0,Media
923,Básica,Manufactura,Geógrafo/a,20,8500.0,Baja
924,Media Superior,Servicios,Matemático/a,22,8500.0,Baja
925,Licenciatura,Servicios,Ingeniero/a,57,34000.0,Media
926,Posgrado,Servicios,Biólogo/a,30,19400.0,Media
927,Básica,Servicios,Técnico/a de sonido,21,13900.0,Baja
928,Media Superior,Informal,Lavandero,47,23300.0,Media
929,Licenciatura,Servicios,Peletero,50,14400.0,Baja
930,Licenciatura,Finanzas,Vigilante,29,15900.0,Media
931,Media Superior,Manufactura,Albañil,59,15800.0,Media
932,Licenciatura,Gobierno,Contador/a,29,8500.0,Baja
933,Licenciatura,Comercio,Paleontólogo/a,31,22900.0,Media
934,Licenciatura,Finanzas,Enfermero/a,37,20800.0,Media
935,Licenciatura,Comercio,Contador/a,42,8500.0,Baja
936,Básica,Manufactura,Periodista,59,19100.0,Media
937,Media Superior,Construcción,Albañil,55,18900.0,Media
938,Licenciatura,Informal,Bombero,45,8500.0,Baja
939,Básica,Comercio,Escultor,43,8500.0,Baja
940,Licenciatura,Manufactura,Pescador,29,11300.0,Baja
941,Posgrado,Manufactura,Pintor,54,16400.0,Media
942,Posgrado,Gobierno,Escultor,44,25200.0,Media
943,Media Superior,Gobierno,Profesor/a,54,29400.0,Media
944,Licenciatura,Comercio,Carnicero,31,8500.0,Baja
945,Licenciatura,Gobierno,Veterinario/a,50,31000.0,Media
946,Licenciatura,Gobierno,Peluquero,49,21000.0,Media
947,Media Superior,Finanzas,Zapatero,42,8500.0,Baja
948,Básica,Informal,Bibliotecario/a,40,13500.0,Baja
949,Licenciatura,Gobierno,Barrendero,21,8500.0,Baja
950,Licenciatura,Gobierno,Maestro,42,24800.0,Media
951,Media Superior,Gobierno,Cocinero,39,21000.0,Media
952,Media Superior,Servicios,Tornero,36,16400.0,Media
953,Posgrado,Servicios,Cocinero,42,19000.0,Media
954,Media Superior,Informal,Contador/a,59,21700.0,Media
955,Licenciatura,Gobierno,Herrero,31,24200.0,Media
956,Posgrado,Informal,Diseñador/a gráfico,28,23700.0,Media
957,Básica,Gobierno,Meteorólogo/a,52,17500.0,Media
958,Media Superior,Finanzas,Carpintero,25,8500.0,Baja
959,Básica,Construcción,Lutier,42,11100.0,Baja
960,Licenciatura,Manufactura,Contador/a,52,24400.0,Media
961,Posgrado,Informal,Psicoanalista,38,28000.0,Media
962,Licenciatura,Construcción,Músico/a,39,19000.0,Media
963,Licenciatura,Servicios,Albañil,37,10600.0,Baja
964,Media Superior,Servicios,Enfermero/a,49,26800.0,Media
965,Básica,Comercio,Pintor,48,13700.0,Baja
966,Licenciatura,Informal,Afilador,50,17600.0,Media
967,Básica,Comercio,Enfermero/a,58,18100.0,Media
968,Licenciatura,Servicios,Diseñador/a gráfico,44,14500.0,Baja
969,Licenciatura,Manufactura,Arquitecto/a,48,17300.0,Media
970,Licenciatura,Informal,Geógrafo/a,31,8500.0,Baja
971,Licenciatura,Informal,Kinesiólogo/a,35,16400.0,Media
972,Media Superior,Servicios,Agricultor,47,11400.0,Baja
973,Media Superior,Servicios,Músico/a,52,12900.0,Baja
974,Licenciatura,Gobierno,Mecánico,22,13100.0,Baja
975,Básica,Construcción,Enfermero/a,38,12400.0,Baja
976,Licenciatura,Comercio,Químico/a,56,28900.0,Media
977,Básica,Finanzas,Apicultor,56,13800.0,Baja
978,Licenciatura,Informal,Psicólogo/a,52,15200.0,Media
979,Media Superior,Informal,Mecánico,20,8500.0,Baja
980,Posgrado,Servicios,Paleontólogo/a,23,16700.0,Media
981,Media Superior,Informal,Filólogo/a,20,8500.0,Baja
982,Media Superior,Comercio,Tornero,44,9400.0,Baja
983,Básica,Gobierno,Actuario/a,42,12300.0,Baja
984,Licenciatura,Manufactura,Zapatero,36,16000.0,Media
985,Media Superior,Gobierno,Lavandero,36,14900.0,Baja
986,Media Superior,Gobierno,Herrero,39,8500.0,Baja
987,Licenciatura,Comercio,Joyero,50,20600.0,Media
988,Posgrado,Comercio,Cajero,40,21100.0,Media
989,Posgrado,Manufactura,Administrador/a,53,35300.0,Alta
990,Básica,Gobierno,Físico/a,58,23800.0,Media
991,Licenciatura,Gobierno,Músico/a,26,8500.0,Baja
992,Posgrado,Comercio,Kinesiólogo/a,20,11200.0,Baja
993,Licenciatura,Comercio,Diseñador/a gráfico,20,8500.0,Baja
994,Licenciatura,Informal,Leñador,29,8500.0,Baja
995,Licenciatura,Informal,Pintor,45,8500.0,Baja
996,Licenciatura,Informal,Arquitecto/a,22,8500.0,Baja
997,Básica,Construcción,Cocinero,20,8500.0,Baja
998,Posgrado,Informal,Pescador,57,21500.0,Media
999,Licenciatura,Comercio,Fumigador,37,9500.0,Baja
1000,Básica,Finanzas,Cerrajero,32,8500.0,Baja
1001,Licenciatura,Gobierno,Herrero,40,13200.0,Baja
1002,Media Superior,Gobierno,Herrero,29,13300.0,Baja
1003,Media Superior,Manufactura,Camarero,21,8500.0,Baja
1004,Licenciatura,Informal,Repartidor,26,8500.0,Baja
1005,Media Superior,Finanzas,Vigilante,51,28300.0,Media
1006,Posgrado,Gobierno,Contador/a,40,21100.0,Media
1007,Licenciatura,Manufactura,Panadero,23,12600.0,Baja
1008,Licenciatura,Gobierno,Herrero,32,8500.0,Baja
1009,Básica,Comercio,Chofer transportista,30,8500.0,Baja
1010,Básica,Finanzas,Traductor/a,47,9200.0,Baja
1011,Básica,Servicios,Músico/a,37,17100.0,Media
1012,Media Superior,Informal,Imprentero,34,8500.0,Baja
1013,Básica,Servicios,Físico/a,22,9200.0,Baja
1014,Media Superior,Construcción,Escritor,29,8500.0,Baja
1015,Licenciatura,Comercio,Chofer transportista,37,10400.0,Baja
1016,Media Superior,Servicios,Pescador,54,21100.0,Media
1017,Básica,Manufactura,Lingüista,42,13300.0,Baja
1018,Licenciatura,Gobierno,Telefonista,42,14600.0,Baja
1019,Básica,Manufactura,Bombero,33,10000.0,Baja
1020,Básica,Servicios,Pintor,50,18100.0,Media
1021,Básica,Gobierno,Ferretero,58,18500.0,Media
1022,Básica,Informal,Psicólogo/a,50,12800.0,Baja
1023,Licenciatura,Manufactura,Arquitecto/a,33,16300.0,Media
1024,Media Superior,Construcción,Zapatero,57,13700.0,Baja
1025,Licenciatura,Comercio,Jardinero,39,23000.0,Media
1026,Media Superior,Manufactura,Carpintero,58,12000.0,Baja
1027,Licenciatura,Comercio,Barbero,25,8500.0,Baja
1028,Licenciatura,Finanzas,Historiador/a,53,19000.0,Media
1029,Licenciatura,Comercio,Óptico,59,15000.0,Media
1030,Licenciatura,Informal,Telefonista,50,19300.0,Media
1031,Posgrado,Informal,Traductor/a,58,23800.0,Media
1032,Media Superior,Comercio,Obrero,44,8500.0,Baja
1033,Básica,Informal,Peluquero,44,12700.0,Baja
1034,Posgrado,Construcción,Técnico/a de sonido,56,18200.0,Media
1035,Licenciatura,Comercio,Kinesiólogo/a,47,8500.0,Baja
1036,Posgrado,Servicios,Enfermero/a,34,20800.0,Media
1037,Media Superior,Informal,Pastor,37,14000.0,Baja
1038,Licenciatura,Finanzas,Meteorólogo/a,32,17700.0,Media
1039,Licenciatura,Comercio,Agricultor,52,15900.0,Media
1040,Básica,Finanzas,Arquitecto/a,24,18500.0,Media
1041,Posgrado,Servicios,Carnicero,52,23300.0,Media
1042,Licenciatura,Manufactura,Soldador,32,8500.0,Baja
1043,Licenciatura,Servicios,Ferretero,50,18300.0,Media
1044,Media Superior,Servicios,Psicoanalista,48,18700.0,Media
1045,Media Superior,Servicios,Fontanero o plomero,56,16900.0,Media
1046,Licenciatura,Servicios,Filólogo/a,57,30200.0,Media
1047,Media Superior,Servicios,Peletero,59,19100.0,Media
1048,Básica,Manufactura,Bibliotecario/a,20,10400.0,Baja
1049,Media Superior,Informal,Herrero,27,8500.0,Baja
1050,Básica,Comercio,Abogado/a,42,11600.0,Baja
1051,Básica,Construcción,Agricultor,25,8500.0,Baja
1052,Licenciatura,Servicios,Mecánico,42,12600.0,Baja
1053,Licenciatura,Manufactura,Programador,54,27600.0,Media
1054,Posgrado,Comercio,Meteorólogo/a,42,18900.0,Media
1055,Licenciatura,Gobierno,Imprentero,28,8800.0,Baja
1056,Básica,Servicios,Ferretero,44,14600.0,Baja
1057,Posgrado,Comercio,Arquitecto/a,57,30700.0,Media
1058,Licenciatura,Finanzas,Fumigador,25,8500.0,Baja
1059,Media Superior,Servicios,Escritor,29,11600.0,Baja
1060,Licenciatura,Servicios,Escultor,24,8500.0,Baja
1061,Posgrado,Gobierno,Soldador,38,26200.0,Media
1062,Media Superior,Finanzas,Técnico/a de sonido,21,12700.0,Baja
1063,Licenciatura,Finanzas,Peletero,30,8800.0,Baja
1064,Básica,Construcción,Peletero,26,8500.0,Baja
1065,Básica,Finanzas,Traductor/a,27,13400.0,Baja
1066,Licenciatura,Finanzas,Peletero,57,28300.0,Media
1067,Media Superior,Comercio,Diseñador/a gráfico,41,9800.0,Baja
1068,Licenciatura,Servicios,Leñador,36,10400.0,Baja
1069,Licenciatura,Comercio,Lechero,41,8500.0,Baja
1070,Media Superior,Informal,Maestro,31,8500.0,Baja
1071,Posgrado,Informal,Fontanero o plomero,30,12400.0,Baja
1072,Media Superior,Servicios,Psicólogo/a,56,18200.0,Media
1073,Media Superior,Comercio,Actuario/a,54,20100.0,Media
1074,Licenciatura,Construcción,Peletero,57,8500.0,Baja
1075,Licenciatura,Manufactura,Paleontólogo/a,39,24800.0,Media
1076,Media Superior,Construcción,Carnicero,58,14700.0,Baja
1077,Media Superior,Finanzas,Cocinero,46,19800.0,Media
1078,Media Superior,Servicios,Biólogo/a,47,21100.0,Media
1079,Licenciatura,Servicios,Escritor,47,10800.0,Baja
1080,Media Superior,Informal,Pastor,51,20600.0,Media
1081,Media Superior,Gobierno,Enfermero/a,24,9700.0,Baja
1082,Básica,Gobierno,Músico/a,42,24700.0,Media
1083,Licenciatura,Informal,Matemático/a,44,10800.0,Baja
1084,Media Superior,Servicios,Diseñador/a gráfico,51,33100.0,Media
1085,Media Superior,Comercio,Barbero,48,9800.0,Baja
1086,Básica,Informal,Fumigador,30,10800.0,Baja
1087,Licenciatura,Servicios,Contador/a,43,21800.0,Media
1088,Licenciatura,Gobierno,Físico/a,52,30400.0,Media
1089,Licenciatura,Manufactura,Carpintero,33,8500.0,Baja
1090,Licenciatura,Servicios,Animador,23,8500.0,Baja
1091,Licenciatura,Comercio,Pescador,35,9600.0,Baja
1092,Licenciatura,Servicios,Músico/a,33,14300.0,Baja
1093,Licenciatura,Informal,Guardabosques,31,11300.0,Baja
1094,Licenciatura,Construcción,Maestro,52,25000.0,Media
1095,Licenciatura,Comercio,Kinesiólogo/a,34,14600.0,Baja
1096,Media Superior,Manufactura,Guardabosques,57,13900.0,Baja
1097,Media Superior,Manufactura,Leñador,43,10800.0,Baja
1098,Básica,Manufactura,Físico/a,49,9300.0,Baja
1099,Licenciatura,Finanzas,Frutero,36,19700.0,Media
1100,Media Superior,Construcción,Escritor,40,9700.0,Baja
1101,Posgrado,Comercio,Telefonista,39,14200.0,Baja
1102,Básica,Comercio,Psicoanalista,27,11600.0,Baja
1103,Licenciatura,Servicios,Óptico,25,8500.0,Baja
1104,Media Superior,Gobierno,Apicultor,31,11900.0,Baja
1105,Licenciatura,Servicios,Guardabosques,41,11500.0,Baja
1106,Posgrado,Gobierno,Artesano,36,22600.0,Media
1107,Licenciatura,Finanzas,Cerrajero,51,22600.0,Media
1108,Licenciatura,Comercio,Artesano,43,18200.0,Media
1109,Media Superior,Manufactura,Leñador,49,13100.0,Baja
1110,Básica,Gobierno,Maestro,29,8500.0,Baja
1111,Licenciatura,Finanzas,Guardabosques,33,17200.0,Media
1112,Básica,Construcción,Historiador/a,37,13400.0,Baja
1113,Licenciatura,Construcción,Joyero,55,16500.0,Media
1114,Media Superior,Gobierno,Técnico/a de sonido,29,13200.0,Baja
1115,Media Superior,Manufactura,Barbero,22,8500.0,Baja
1116,Media Superior,Finanzas,Óptico,27,18500.0,Media
1117,Licenciatura,Manufactura,Animador,21,8500.0,Baja
1118,Media Superior,Finanzas,Bibliotecario/a,44,27700.0,Media
1119,Media Superior,Construcción,Químico/a,56,23500.0,Media
1120,Básica,Construcción,Leñador,46,9100.0,Baja
1121,Licenciatura,Finanzas,Herrero,47,19800.0,Media
1122,Media Superior,Comercio,Joyero,56,8500.0,Baja
1123,Posgrado,Finanzas,Herrero,59,33500.0,Media
1124,Licenciatura,Comercio,Desarrollador/a web,43,28100.0,Media
1125,Media Superior,Servicios,Animador,43,8500.0,Baja
1126,Licenciatura,Servicios,Desarrollador/a web,46,20100.0,Media
1127,Posgrado,Informal,Administrador/a,24,10300.0,Baja
1128,Básica,Servicios,Barbero,42,8500.0,Baja
1129,Media Superior,Gobierno,Apicultor,55,14900.0,Baja
1130,Media Superior,Informal,Programador,53,19100.0,Media
1131,Media Superior,Gobierno,Matemático/a,38,15900.0,Media
1132,Básica,Servicios,Ingeniero/a,59,22600.0,Media
1133,Media Superior,Finanzas,Relojero,57,24900.0,Media
1134,Media Superior,Comercio,Imprentero,44,11800.0,Baja
1135,Media Superior,Servicios,Matemático/a,49,9300.0,Baja
1136,Licenciatura,Manufactura,Geógrafo/a,21,8500.0,Baja
1137,Licenciatura,Servicios,Joyero,34,10400.0,Baja
1138,Media Superior,Construcción,Herrero,44,17800.0,Media
1139,Básica,Servicios,Cerrajero,28,12900.0,Baja
1140,Media Superior,Manufactura,Ferretero,45,21400.0,Media
1141,Licenciatura,Informal,Agricultor,58,18600.0,Media
1142,Posgrado,Servicios,Abogado/a,22,13700.0,Baja
1143,Básica,Servicios,Lutier,38,12100.0,Baja
1144,Básica,Gobierno,Lavandero,39,8700.0,Baja
1145,Licenciatura,Gobierno,Escritor,38,22400.0,Media
1146,Básica,Comercio,Telefonista,31,8500.0,Baja
1147,Licenciatura,Manufactura,Tornero,26,13800.0,Baja
1148,Licenciatura,Gobierno,Contador/a,57,22700.0,Media
1149,Licenciatura,Gobierno,Artesano,52,20400.0,Media
1150,Media Superior,Manufactura,Bombero,51,11600.0,Baja
1151,Media Superior,Manufactura,Tornero,49,10400.0,Baja
1152,Posgrado,Servicios,Pastor,29,9500.0,Baja
1153,Media Superior,Informal,Economista,22,8500.0,Baja
1154,Media Superior,Servicios,Barrendero,37,8500.0,Baja
1155,Licenciatura,Comercio,Maestro,28,16700.0,Media
1156,Básica,Gobierno,Fontanero o plomero,46,12600.0,Baja
1157,Posgrado,Informal,Fontanero o plomero,45,13700.0,Baja
1158,Básica,Servicios,Jardinero,59,21800.0,Media
1159,Posgrado,Servicios,Paleontólogo/a,40,22100.0,Media
1160,Básica,Informal,Contador/a,47,9700.0,Baja
1161,Licenciatura,Servicios,Peluquero,36,11400.0,Baja
1162,Licenciatura,Manufactura,Bibliotecario/a,48,10800.0,Baja
1163,Licenciatura,Manufactura,Zapatero,43,8500.0,Baja
1164,Licenciatura,Finanzas,Telefonista,59,28900.0,Media
1165,Básica,Informal,Peletero,38,19300.0,Media
1166,Licenciatura,Construcción,Lechero,36,10700.0,Baja
1167,Básica,Gobierno,Imprentero,45,9800.0,Baja
1168,Posgrado,Manufactura,Químico/a,25,16600.0,Media
1169,Básica,Informal,Radiólogo/a,59,9000.0,Baja
1170,Posgrado,Comercio,Economista,23,8500.0,Baja
1171,Posgrado,Gobierno,Artesano,24,13200.0,Baja
1172,Media Superior,Manufactura,Filólogo/a,39,15600.0,Media
1173,Básica,Informal,Afilador,37,10200.0,Baja
1174,Básica,Gobierno,Herrero,53,19100.0,Media
1175,Licenciatura,Comercio,Historiador/a,47,15300.0,Media
1176,Licenciatura,Gobierno,Jardinero,35,18500.0,Media
1177,Media Superior,Manufactura,Economista,54,23700.0,Media
1178,Licenciatura,Comercio,Psicoanalista,22,16900.0,Media
1179,Licenciatura,Servicios,Cerrajero,51,35500.0,Alta
1180,Licenciatura,Servicios,Ingeniero/a,44,23600.0,Media
1181,Básica,Construcción,Tornero,47,15300.0,Media
1182,Posgrado,Construcción,Ingeniero/a,36,14800.0,Baja
1183,Licenciatura,Comercio,Actuario/a,42,14800.0,Baja
1184,Básica,Servicios,Médico/a cirujano/a,52,22700.0,Media
1185,Licenciatura,Gobierno,Escultor,45,17100.0,Media
1186,Licenciatura,Gobierno,Zapatero,52,22000.0,Media
1187,Licenciatura,Comercio,Afilador,51,18300.0,Media
1188,Posgrado,Servicios,Relojero,49,21300.0,Media
1189,Licenciatura,Servicios,Bibliotecario/a,59,26800.0,Media
1190,Básica,Construcción,Peletero,41,8900.0,Baja
1191,Licenciatura,Comercio,Técnico/a de sonido,51,14600.0,Baja
1192,Media Superior,Comercio,Pintor,38,8500.0,Baja
1193,Posgrado,Comercio,Fumigador,34,15400.0,Media
1194,Básica,Construcción,Lechero,33,14700.0,Baja
1195,Posgrado,Informal,Joyero,45,13700.0,Baja
1196,Básica,Servicios,Vigilante,55,18300.0,Media
1197,Básica,Servicios,Jardinero,20,8500.0,Baja
1198,Media Superior,Gobierno,Imprentero,35,8700.0,Baja
1199,Media Superior,Manufactura,Veterinario/a,26,8500.0,Baja
1200,Básica,Informal,Relojero,32,8500.0,Baja
1201,Licenciatura,Manufactura,Herrero,50,16700.0,Media
1202,Básica,Gobierno,Historiador/a,23,12800.0,Baja
1203,Media Superior,Finanzas,Arquitecto/a,30,11600.0,Baja
1204,Licenciatura,Construcción,Psicoanalista,47,16200.0,Media
1205,Media Superior,Finanzas,Peletero,39,12700.0,Baja
1206,Licenciatura,Gobierno,Pintor,28,8500.0,Baja
1207,Licenciatura,Manufactura,Filólogo/a,57,24800.0,Media
1208,Licenciatura,Finanzas,Radiólogo/a,31,17300.0,Media
1209,Licenciatura,Servicios,Jardinero,57,15500.0,Media
1210,Básica,Manufactura,Economista,39,16200.0,Media
1211,Básica,Manufactura,Peletero,58,16000.0,Media
1212,Básica,Construcción,Zapatero,56,14800.0,Baja
1213,Media Superior,Servicios,Jardinero,33,11300.0,Baja
1214,Licenciatura,Informal,Veterinario/a,35,15800.0,Media
1215,Posgrado,Finanzas,Médico/a cirujano/a,49,34400.0,Media
1216,Básica,Servicios,Relojero,28,11900.0,Baja
1217,Básica,Servicios,Pastor,30,8500.0,Baja
1218,Licenciatura,Gobierno,Camarero,44,11900.0,Baja
1219,Licenciatura,Manufactura,Agricultor,47,23300.0,Media
1220,Licenciatura,Comercio,Frutero,41,17600.0,Media
1221,Licenciatura,Gobierno,Médico/a cirujano/a,43,25900.0,Media
1222,Licenciatura,Informal,Veterinario/a,35,21900.0,Media
1223,Posgrado,Comercio,Peluquero,30,20300.0,Media
1224,Básica,Servicios,Bombero,31,8500.0,Baja
1225,Licenciatura,Gobierno,Kinesiólogo/a,45,21000.0,Media
1226,Media Superior,Construcción,Zapatero,42,8500.0,Baja
1227,Licenciatura,Construcción,Peletero,27,8900.0,Baja
1228,Media Superior,Comercio,Lutier,26,8500.0,Baja
1229,Media Superior,Manufactura,Cajero,59,8500.0,Baja
1230,Licenciatura,Construcción,Chofer transportista,27,12400.0,Baja
1231,Licenciatura,Comercio,Psicoanalista,25,17400.0,Media
1232,Licenciatura,Manufactura,Médico/a cirujano/a,43,15800.0,Media
1233,Licenciatura,Servicios,Traductor/a,20,8500.0,Baja
1234,Licenciatura,Finanzas,Soldador,44,18700.0,Media
1235,Posgrado,Construcción,Músico/a,31,14800.0,Baja
1236,Media Superior,Gobierno,Chofer transportista,41,20100.0,Media
1237,Posgrado,Comercio,Radiólogo/a,53,29100.0,Media
1238,Media Superior,Gobierno,Cajero,34,8500.0,Baja
1239,Licenciatura,Servicios,Matemático/a,42,20400.0,Media
1240,Media Superior,Comercio,Arquitecto/a,50,21700.0,Media
1241,Posgrado,Manufactura,Músico/a,42,20800.0,Media
1242,Básica,Comercio,Historiador/a,26,8500.0,Baja
1243,Básica,Servicios,Relojero,59,22400.0,Media
1244,Media Superior,Construcción,Camarero,43,12600.0,Baja
1245,Posgrado,Informal,Profesor/a,49,25500.0,Media
1246,Posgrado,Comercio,Camarero,29,18600.0,Media
1247,Posgrado,Manufactura,Agricultor,29,26200.0,Media
1248,Licenciatura,Manufactura,Chofer transportista,58,15900.0,Media
1249,Básica,Gobierno,Jardinero,57,25600.0,Media
1250,Básica,Gobierno,Maestro,28,8500.0,Baja
1251,Licenciatura,Construcción,Periodista,56,17000.0,Media
1252,Posgrado,Servicios,Peletero,20,14600.0,Baja
1253,Posgrado,Servicios,Químico/a,33,24200.0,Media
1254,Media Superior,Finanzas,Fontanero o plomero,33,14400.0,Baja
1255,Licenciatura,Gobierno,Economista,26,8500.0,Baja
1256,Licenciatura,Manufactura,Abogado/a,52,17600.0,Media
1257,Básica,Servicios,Escultor,59,15100.0,Media
1258,Media Superior,Servicios,Médico/a cirujano/a,57,19500.0,Media
1259,Licenciatura,Finanzas,Afilador,57,28700.0,Media
1260,Media Superior,Gobierno,Vigilante,51,17000.0,Media
1261,Media Superior,Construcción,Camarero,36,25700.0,Media
1262,Media Superior,Gobierno,Panadero,46,20800.0,Media
1263,Posgrado,Informal,Filólogo/a,46,22800.0,Media
1264,Licenciatura,Comercio,Actuario/a,30,22300.0,Media
1265,Básica,Construcción,Afilador,24,10300.0,Baja
1266,Licenciatura,Servicios,Herrero,59,18300.0,Media
1267,Media Superior,Servicios,Periodista,55,14500.0,Baja
1268,Básica,Comercio,Veterinario/a,35,8800.0,Baja
1269,Media Superior,Servicios,Farmacólogo/a,43,8500.0,Baja
1270,Básica,Finanzas,Meteorólogo/a,41,14800.0,Baja
1271,Media Superior,Comercio,Maestro,54,8500.0,Baja
1272,Posgrado,Gobierno,Bibliotecario/a,50,29600.0,Media
1273,Licenciatura,Manufactura,Periodista,48,22100.0,Media
1274,Licenciatura,Informal,Soldador,38,17200.0,Media
1275,Media Superior,Servicios,Meteorólogo/a,57,17500.0,Media
1276,Básica,Servicios,Matemático/a,25,11000.0,Baja
1277,Media Superior,Servicios,Bibliotecario/a,21,8500.0,Baja
1278,Licenciatura,Construcción,Obrero,27,8500.0,Baja
1279,Media Superior,Finanzas,Telefonista,25,11000.0,Baja
1280,Licenciatura,Gobierno,Arquitecto/a,53,31700.0,Media
1281,Licenciatura,Finanzas,Agricultor,52,24300.0,Media
1282,Media Superior,Informal,Técnico/a de sonido,32,8500.0,Baja
1283,Licenciatura,Comercio,Albañil,40,8500.0,Baja
1284,Media Superior,Finanzas,Peluquero,32,13400.0,Baja
1285,Básica,Informal,Leñador,41,8500.0,Baja
1286,Licenciatura,Manufactura,Artesano,33,14800.0,Baja
1287,Licenciatura,Manufactura,Economista,23,10800.0,Baja
1288,Licenciatura,Finanzas,Tornero,48,22900.0,Media
1289,Licenciatura,Manufactura,Apicultor,36,9900.0,Baja
1290,Media Superior,Gobierno,Apicultor,44,20600.0,Media
1291,Posgrado,Gobierno,Relojero,55,24800.0,Media
1292,Licenciatura,Informal,Panadero,33,9000.0,Baja
1293,Media Superior,Servicios,Apicultor,25,13200.0,Baja
1294,Básica,Gobierno,Camarero,58,17700.0,Media
1295,Posgrado,Informal,Kinesiólogo/a,39,19800.0,Media
1296,Básica,Informal,Jardinero,43,8500.0,Baja
1297,Básica,Manufactura,Músico/a,33,20300.0,Media
1298,Media Superior,Manufactura,Veterinario/a,44,20700.0,Media
1299,Media Superior,Servicios,Pastor,25,8500.0,Baja
1300,Posgrado,Servicios,Farmacólogo/a,23,16100.0,Media
1301,Media Superior,Manufactura,Economista,52,10700.0,Baja
1302,Básica,Gobierno,Historiador/a,23,10400.0,Baja
1303,Licenciatura,Comercio,Actuario/a,26,8700.0,Baja
1304,Básica,Comercio,Joyero,34,8500.0,Baja
1305,Licenciatura,Comercio,Pescador,33,8500.0,Baja
1306,Media Superior,Manufactura,Barbero,58,24900.0,Media
1307,Licenciatura,Manufactura,Físico/a,32,10800.0,Baja
1308,Licenciatura,Comercio,Administrador/a,51,21700.0,Media
1309,Posgrado,Gobierno,Contador/a,21,10800.0,Baja
1310,Básica,Gobierno,Arquitecto/a,32,15600.0,Media
1311,Posgrado,Servicios,Peletero,49,28200.0,Media
1312,Básica,Comercio,Maestro,34,8500.0,Baja
1313,Licenciatura,Informal,Pescador,21,8500.0,Baja
1314,Posgrado,Informal,Músico/a,36,17500.0,Media
1315,Media Superior,Comercio,Radiólogo/a,44,15600.0,Media
1316,Básica,Comercio,Vendedor,36,10200.0,Baja
1317,Posgrado,Informal,Bibliotecario/a,51,25200.0,Media
1318,Licenciatura,Servicios,Bibliotecario/a,48,25700.0,Media
1319,Licenciatura,Informal,Frutero,36,9400.0,Baja
1320,Básica,Comercio,Peletero,29,8500.0,Baja
1321,Media Superior,Gobierno,Filólogo/a,53,26000.0,Media
1322,Licenciatura,Informal,Paleontólogo/a,38,15800.0,Media
1323,Media Superior,Informal,Relojero,57,9400.0,Baja
1324,Media Superior,Servicios,Peletero,56,19400.0,Media
1325,Licenciatura,Manufactura,Economista,32,10300.0,Baja
1326,Licenciatura,Gobierno,Filólogo/a,29,18700.0,Media
1327,Licenciatura,Servicios,Zapatero,24,12300.0,Baja
1328,Licenciatura,Comercio,Lechero,31,8500.0,Baja
1329,Licenciatura,Servicios,Paleontólogo/a,24,8500.0,Baja
1330,Media Superior,Comercio,Obrero,52,20900.0,Media
1331,Media Superior,Construcción,Filólogo/a,52,22700.0,Media
1332,Básica,Manufactura,Lechero,31,8500.0,Baja
1333,Licenciatura,Comercio,Peletero,54,13800.0,Baja
1334,Media Superior,Informal,Pintor,35,12300.0,Baja
1335,Licenciatura,Gobierno,Físico/a,50,31500.0,Media
1336,Posgrado,Gobierno,Vigilante,45,19200.0,Media
1337,Básica,Comercio,Actuario/a,51,14600.0,Baja
1338,Media Superior,Comercio,Agricultor,55,9500.0,Baja
1339,Licenciatura,Construcción,Escultor,52,24500.0,Media
1340,Posgrado,Comercio,Apicultor,50,18100.0,Media
1341,Posgrado,Gobierno,Bombero,56,23500.0,Media
1342,Licenciatura,Servicios,Kinesiólogo/a,58,16700.0,Media
1343,Posgrado,Informal,Lechero,20,8500.0,Baja
1344,Licenciatura,Comercio,Pintor,43,8700.0,Baja
1345,Básica,Servicios,Periodista,36,17500.0,Media
1346,Licenciatura,Informal,Matemático/a,26,10400.0,Baja
1347,Básica,Informal,Soldador,49,12600.0,Baja
1348,Básica,Informal,Lechero,55,15900.0,Media
1349,Básica,Servicios,Fontanero o plomero,54,15800.0,Media
1350,Licenciatura,Informal,Maestro,53,17500.0,Media
1351,Media Superior,Finanzas,Psicoanalista,21,8500.0,Baja
1352,Básica,Comercio,Maestro,45,12800.0,Baja
1353,Licenciatura,Gobierno,Lavandero,50,30100.0,Media
1354,Básica,Gobierno,Peletero,36,14900.0,Baja
1355,Media Superior,Manufactura,Administrador/a,34,8500.0,Baja
1356,Licenciatura,Servicios,Bibliotecario/a,36,19700.0,Media
1357,Posgrado,Comercio,Carpintero,43,20300.0,Media
1358,Licenciatura,Manufactura,Psicólogo/a,48,26400.0,Media
1359,Licenciatura,Servicios,Relojero,37,14600.0,Baja
1360,Media Superior,Finanzas,Camarero,30,15000.0,Media
1361,Media Superior,Finanzas,Desarrollador/a web,37,15100.0,Media
1362,Posgrado,Servicios,Soldador,51,24400.0,Media
1363,Licenciatura,Informal,Panadero,23,8500.0,Baja
1364,Media Superior,Servicios,Periodista,38,9800.0,Baja
1365,Media Superior,Informal,Matemático/a,36,8500.0,Baja
1366,Licenciatura,Gobierno,Enfermero/a,54,26200.0,Media
1367,Media Superior,Manufactura,Programador,21,8500.0,Baja
1368,Licenciatura,Informal,Animador,54,24800.0,Media
1369,Posgrado,Comercio,Apicultor,53,21000.0,Media
1370,Licenciatura,Informal,Vigilante,53,17500.0,Media
1371,Licenciatura,Construcción,Vigilante,56,12600.0,Baja
1372,Media Superior,Gobierno,Paleontólogo/a,56,24200.0,Media
1373,Posgrado,Gobierno,Actuario/a,54,31100.0,Media
1374,Básica,Gobierno,Frutero,36,10500.0,Baja
1375,Licenciatura,Comercio,Administrador/a,58,20100.0,Media
1376,Básica,Servicios,Cocinero,22,11100.0,Baja
1377,Media Superior,Construcción,Escultor,28,8500.0,Baja
1378,Básica,Servicios,Pintor,30,8500.0,Baja
1379,Básica,Gobierno,Peluquero,40,9900.0,Baja
1380,Básica,Construcción,Kinesiólogo/a,29,8500.0,Baja
1381,Básica,Informal,Profesor/a,41,8500.0,Baja
1382,Básica,Servicios,Pastor,52,8500.0,Baja
1383,Básica,Servicios,Telefonista,21,8500.0,Baja
1384,Licenciatura,Servicios,Herrero,52,12100.0,Baja
1385,Media Superior,Comercio,Fontanero o plomero,59,8500.0,Baja
1386,Licenciatura,Manufactura,Desarrollador/a web,52,25000.0,Media
1387,Licenciatura,Finanzas,Zapatero,21,8700.0,Baja
1388,Licenciatura,Gobierno,Lavandero,51,15200.0,Media
1389,Media Superior,Gobierno,Físico/a,46,26100.0,Media
1390,Básica,Gobierno,Profesor/a,58,28300.0,Media
1391,Básica,Gobierno,Chofer transportista,47,8500.0,Baja
1392,Básica,Gobierno,Jardinero,35,8500.0,Baja
1393,Licenciatura,Comercio,Carpintero,59,23400.0,Media
1394,Licenciatura,Comercio,Actuario/a,25,13400.0,Baja
1395,Media Superior,Gobierno,Chofer transportista,33,9100.0,Baja
1396,Básica,Gobierno,Diseñador/a gráfico,39,10900.0,Baja
1397,Licenciatura,Construcción,Técnico/a de sonido,27,11900.0,Baja
1398,Licenciatura,Manufactura,Arquitecto/a,32,14800.0,Baja
1399,Licenciatura,Finanzas,Meteorólogo/a,49,30100.0,Media
1400,Media Superior,Comercio,Lavandero,33,8500.0,Baja
1401,Licenciatura,Servicios,Albañil,51,26600.0,Media
1402,Licenciatura,Comercio,Leñador,55,26000.0,Media
1403,Licenciatura,Gobierno,Carpintero,28,14600.0,Baja
1404,Posgrado,Manufactura,Escultor,33,20900.0,Media
1405,Licenciatura,Servicios,Diseñador/a gráfico,38,19400.0,Media
1406,Licenciatura,Servicios,Mecánico,28,14400.0,Baja
1407,Media Superior,Comercio,Cerrajero,25,8500.0,Baja
1408,Licenciatura,Informal,Artesano,58,17700.0,Media
1409,Licenciatura,Informal,Telefonista,27,9300.0,Baja
1410,Licenciatura,Manufactura,Contador/a,33,11600.0,Baja
1411,Licenciatura,Manufactura,Radiólogo/a,23,13500.0,Baja
1412,Posgrado,Finanzas,Carnicero,35,20200.0,Media
1413,Básica,Gobierno,Contador/a,24,8500.0,Baja
1414,Media Superior,Manufactura,Herrero,39,8500.0,Baja
1415,Básica,Servicios,Joyero,45,16200.0,Media
1416,Licenciatura,Construcción,Chofer transportista,33,11500.0,Baja
1417,Licenciatura,Finanzas,Enfermero/a,58,26000.0,Media
1418,Licenciatura,Comercio,Animador,49,11100.0,Baja
1419,Posgrado,Construcción,Barrendero,54,23900.0,Media
1420,Media Superior,Manufactura,Fumigador,38,18400.0,Media
1421,Licenciatura,Informal,Técnico/a de sonido,26,8500.0,Baja
1422,Básica,Construcción,Escritor,26,8500.0,Baja
1423,Licenciatura,Comercio,Psicólogo/a,52,19600.0,Media
1424,Licenciatura,Manufactura,Camarero,26,9100.0,Baja
1425,Básica,Comercio,Frutero,39,8500.0,Baja
1426,Básica,Gobierno,Herrero,34,14900.0,Baja
1427,Media Superior,Manufactura,Historiador/a,50,24800.0,Media
1428,Licenciatura,Manufactura,Biólogo/a,59,25300.0,Media
1429,Media Superior,Construcción,Veterinario/a,45,16000.0,Media
1430,Licenciatura,Manufactura,Cajero,50,22600.0,Media
1431,Licenciatura,Construcción,Economista,42,19700.0,Media
1432,Licenciatura,Informal,Pintor,37,8500.0,Baja
1433,Licenciatura,Comercio,Barrendero,40,20700.0,Media
1434,Licenciatura,Finanzas,Barrendero,49,23700.0,Media
1435,Básica,Gobierno,Peluquero,58,17100.0,Media
1436,Licenciatura,Finanzas,Arquitecto/a,39,24200.0,Media
1437,Licenciatura,Comercio,Obrero,57,24800.0,Media
1438,Media Superior,Construcción,Paleontólogo/a,59,20900.0,Media
1439,Licenciatura,Servicios,Carnicero,35,14400.0,Baja
1440,Media Superior,Gobierno,Albañil,32,9100.0,Baja
1441,Posgrado,Informal,Geógrafo/a,25,15700.0,Media
1442,Licenciatura,Gobierno,Cocinero,44,16800.0,Media
1443,Posgrado,Manufactura,Paleontólogo/a,55,23900.0,Media
1444,Licenciatura,Informal,Obrero,40,14600.0,Baja
1445,Media Superior,Informal,Pintor,41,8500.0,Baja
1446,Básica,Gobierno,Relojero,56,15900.0,Media
1447,Licenciatura,Comercio,Panadero,59,18800.0,Media
1448,Media Superior,Manufactura,Técnico/a de sonido,53,17900.0,Media
1449,Licenciatura,Finanzas,Pintor,32,15800.0,Media
1450,Básica,Gobierno,Programador,49,9100.0,Baja
1451,Licenciatura,Informal,Farmacólogo/a,50,20800.0,Media
1452,Licenciatura,Informal,Animador,56,21500.0,Media
1453,Media Superior,Manufactura,Vendedor,59,10200.0,Baja
1454,Licenciatura,Manufactura,Cocinero,54,26600.0,Media
1455,Básica,Comercio,Escritor,33,8500.0,Baja
1456,Básica,Informal,Camarero,22,8500.0,Baja
1457,Básica,Servicios,Músico/a,58,15700.0,Media
1458,Media Superior,Manufactura,Técnico/a de sonido,35,12400.0,Baja
1459,Media Superior,Comercio,Físico/a,48,28400.0,Media
1460,Media Superior,Informal,Geógrafo/a,46,10000.0,Baja
1461,Licenciatura,Informal,Fontanero o plomero,57,17800.0,Media
1462,Licenciatura,Informal,Arquitecto/a,57,29900.0,Media
1463,Media Superior,Informal,Físico/a,43,17400.0,Media
1464,Posgrado,Informal,Médico/a cirujano/a,56,28600.0,Media
1465,Licenciatura,Servicios,Bibliotecario/a,27,15000.0,Media
1466,Licenciatura,Servicios,Vigilante,42,25300.0,Media
1467,Licenciatura,Manufactura,Psicólogo/a,29,12200.0,Baja
1468,Básica,Servicios,Economista,35,20100.0,Media
1469,Licenciatura,Gobierno,Farmacólogo/a,50,27700.0,Media
1470,Licenciatura,Finanzas,Repartidor,30,13800.0,Baja
1471,Básica,Servicios,Fontanero o plomero,30,8500.0,Baja
1472,Licenciatura,Comercio,Peluquero,24,10900.0,Baja
1473,Básica,Comercio,Administrador/a,48,14100.0,Baja
1474,Licenciatura,Servicios,Meteorólogo/a,55,19700.0,Media
1475,Licenciatura,Servicios,Barrendero,41,13600.0,Baja
1476,Básica,Servicios,Farmacólogo/a,49,8500.0,Baja
1477,Licenciatura,Comercio,Traductor/a,59,21600.0,Media
1478,Media Superior,Finanzas,Físico/a,21,11700.0,Baja
1479,Posgrado,Servicios,Lutier,26,8500.0,Baja
1480,Básica,Comercio,Tornero,33,8500.0,Baja
1481,Media Superior,Servicios,Chofer transportista,48,13000.0,Baja
1482,Licenciatura,Servicios,Cajero,26,9800.0,Baja
1483,Licenciatura,Construcción,Psicólogo/a,25,11700.0,Baja
1484,Media Superior,Gobierno,Leñador,20,8500.0,Baja
1485,Licenciatura,Gobierno,Biólogo/a,31,26300.0,Media
1486,Básica,Construcción,Pastor,33,8600.0,Baja
1487,Básica,Comercio,Pintor,38,8500.0,Baja
1488,Licenciatura,Servicios,Médico/a cirujano/a,33,22700.0,Media
1489,Licenciatura,Informal,Animador,38,17000.0,Media
1490,Licenciatura,Servicios,Fumigador,47,18600.0,Media
1491,Licenciatura,Gobierno,Obrero,51,11800.0,Baja
1492,Media Superior,Servicios,Matemático/a,40,8500.0,Baja
1493,Licenciatura,Comercio,Bibliotecario/a,26,13000.0,Baja
1494,Licenciatura,Finanzas,Enfermero/a,54,30100.0,Media
1495,Licenciatura,Manufactura,Vigilante,41,18800.0,Media
1496,Licenciatura,Comercio,Cerrajero,30,10500.0,Baja
1497,Media Superior,Manufactura,Psicólogo/a,32,10400.0,Baja
1498,Licenciatura,Manufactura,Matemático/a,51,17200.0,Media
1499,Media Superior,Servicios,Profesor/a,53,21000.0,Media
1500,Básica,Manufactura,Imprentero,29,19800.0,Media
1501,Media Superior,Informal,Obrero,57,12600.0,Baja
1502,Licenciatura,Manufactura,Sastre,59,23400.0,Media
1503,Licenciatura,Manufactura,Psicoanalista,57,36700.0,Alta
1504,Licenciatura,Gobierno,Lavandero,27,11700.0,Baja
1505,Licenciatura,Manufactura,Carnicero,31,15600.0,Media
1506,Media Superior,Comercio,Fontanero o plomero,52,22700.0,Media
1507,Licenciatura,Comercio,Panadero,48,17500.0,Media
1508,Posgrado,Comercio,Diseñador/a gráfico,30,9700.0,Baja
1509,Licenciatura,Servicios,Peluquero,44,15900.0,Media
1510,Licenciatura,Informal,Obrero,23,9300.0,Baja
1511,Posgrado,Manufactura,Chofer transportista,46,22600.0,Media
1512,Media Superior,Manufactura,Lavandero,46,20000.0,Media
1513,Licenciatura,Manufactura,Afilador,31,19500.0,Media
1514,Media Superior,Informal,Traductor/a,56,20700.0,Media
1515,Media Superior,Comercio,Periodista,36,10000.0,Baja
1516,Licenciatura,Construcción,Lavandero,44,11600.0,Baja
1517,Media Superior,Servicios,Administrador/a,59,12500.0,Baja
1518,Licenciatura,Servicios,Agricultor,30,8500.0,Baja
1519,Licenciatura,Manufactura,Zapatero,25,8500.0,Baja
1520,Posgrado,Finanzas,Bombero,26,11500.0,Baja
1521,Media Superior,Informal,Cerrajero,30,8500.0,Baja
1522,Posgrado,Gobierno,Artesano,35,8500.0,Baja
1523,Licenciatura,Finanzas,Bibliotecario/a,23,8500.0,Baja
1524,Media Superior,Comercio,Apicultor,48,9700.0,Baja
1525,Media Superior,Manufactura,Vigilante,41,8500.0,Baja
1526,Básica,Comercio,Artesano,29,8500.0,Baja
1527,Licenciatura,Finanzas,Fumigador,32,18000.0,Media
1528,Media Superior,Gobierno,Peletero,21,8500.0,Baja
1529,Licenciatura,Manufactura,Sastre,59,23900.0,Media
1530,Básica,Finanzas,Geógrafo/a,54,17500.0,Media
1531,Licenciatura,Comercio,Técnico/a de sonido,33,8500.0,Baja
1532,Licenciatura,Gobierno,Mecánico,51,19100.0,Media
1533,Básica,Manufactura,Historiador/a,47,16200.0,Media
1534,Licenciatura,Informal,Agricultor,52,18700.0,Media
1535,Media Superior,Comercio,Químico/a,39,10500.0,Baja
1536,Licenciatura,Manufactura,Joyero,56,20900.0,Media
1537,Licenciatura,Comercio,Psicoanalista,51,26900.0,Media
1538,Licenciatura,Servicios,Joyero,47,22300.0,Media
1539,Posgrado,Gobierno,Lingüista,27,10800.0,Baja
1540,Licenciatura,Comercio,Frutero,43,18900.0,Media
1541,Media Superior,Manufactura,Panadero,39,8500.0,Baja
1542,Licenciatura,Manufactura,Actuario/a,29,11000.0,Baja
1543,Básica,Finanzas,Frutero,42,11000.0,Baja
1544,Media Superior,Comercio,Carnicero,32,18400.0,Media
1545,Posgrado,Manufactura,Lavandero,53,23700.0,Media
1546,Media Superior,Gobierno,Historiador/a,53,9200.0,Baja
1547,Licenciatura,Construcción,Psicoanalista,55,24200.0,Media
1548,Media Superior,Gobierno,Carpintero,55,10900.0,Baja
1549,Licenciatura,Manufactura,Químico/a,23,11300.0,Baja
1550,Básica,Construcción,Repartidor,52,13200.0,Baja
1551,Básica,Servicios,Sastre,31,8500.0,Baja
1552,Básica,Construcción,Artesano,35,14000.0,Baja
1553,Media Superior,Construcción,Barrendero,30,8500.0,Baja
1554,Media Superior,Finanzas,Barbero,56,20700.0,Media
1555,Licenciatura,Construcción,Lutier,24,8500.0,Baja
1556,Posgrado,Comercio,Bombero,42,22700.0,Media
1557,Media Superior,Servicios,Zapatero,58,20600.0,Media
1558,Posgrado,Servicios,Chofer transportista,55,19900.0,Media
1559,Básica,Gobierno,Bibliotecario/a,41,10700.0,Baja
1560,Media Superior,Manufactura,Animador,42,12100.0,Baja
1561,Media Superior,Servicios,Historiador/a,49,9600.0,Baja
1562,Posgrado,Comercio,Pescador,31,9700.0,Baja
1563,Licenciatura,Gobierno,Tornero,50,25800.0,Media
1564,Media Superior,Servicios,Filólogo/a,41,16700.0,Media
1565,Básica,Construcción,Barrendero,55,8500.0,Baja
1566,Media Superior,Servicios,Diseñador/a gráfico,37,13400.0,Baja
1567,Licenciatura,Gobierno,Matemático/a,40,22900.0,Media
1568,Licenciatura,Gobierno,Biólogo/a,32,11900.0,Baja
1569,Posgrado,Servicios,Ferretero,44,31200.0,Media
1570,Media Superior,Servicios,Paleontólogo/a,33,15000.0,Media
1571,Licenciatura,Comercio,Panadero,29,14600.0,Baja
1572,Licenciatura,Gobierno,Zapatero,25,13700.0,Baja
1573,Básica,Informal,Diseñador/a gráfico,55,12700.0,Baja
1574,Básica,Servicios,Tornero,59,16000.0,Media
1575,Básica,Comercio,Pastor,20,8500.0,Baja
1576,Media Superior,Manufactura,Geógrafo/a,29,10600.0,Baja
1577,Media Superior,Gobierno,Pastor,33,8500.0,Baja
1578,Licenciatura,Construcción,Carnicero,24,8500.0,Baja
1579,Media Superior,Servicios,Carnicero,24,8500.0,Baja
1580,Licenciatura,Manufactura,Paleontólogo/a,38,18100.0,Media
1581,Licenciatura,Manufactura,Lavandero,23,12800.0,Baja
1582,Media Superior,Informal,Camarero,24,8500.0,Baja
1583,Licenciatura,Finanzas,Bombero,46,19800.0,Media
1584,Media Superior,Comercio,Joyero,59,17000.0,Media
1585,Licenciatura,Construcción,Leñador,23,8500.0,Baja
1586,Licenciatura,Informal,Chofer transportista,43,20600.0,Media
1587,Básica,Comercio,Actuario/a,55,23300.0,Media
1588,Básica,Finanzas,Telefonista,46,11500.0,Baja
1589,Media Superior,Servicios,Bombero,25,8500.0,Baja
1590,Licenciatura,Informal,Sastre,24,8500.0,Baja
1591,Media Superior,Informal,Veterinario/a,26,10100.0,Baja
1592,Licenciatura,Finanzas,Fontanero o plomero,20,9700.0,Baja
1593,Básica,Servicios,Obrero,21,13400.0,Baja
1594,Licenciatura,Informal,Peluquero,34,8500.0,Baja
1595,Licenciatura,Informal,Carnicero,48,14400.0,Baja
1596,Media Superior,Manufactura,Maestro,41,11300.0,Baja
1597,Licenciatura,Construcción,Vigilante,27,8500.0,Baja
1598,Media Superior,Informal,Paleontólogo/a,21,14100.0,Baja
1599,Licenciatura,Servicios,Zapatero,50,14800.0,Baja
1600,Posgrado,Comercio,Artesano,35,20800.0,Media
1601,Licenciatura,Finanzas,Lavandero,30,8500.0,Baja
1602,Media Superior,Gobierno,Psicoanalista,37,19400.0,Media
1603,Básica,Finanzas,Relojero,23,11200.0,Baja
1604,Licenciatura,Comercio,Artesano,43,16100.0,Media
1605,Posgrado,Comercio,Peluquero,53,18200.0,Media
1606,Licenciatura,Informal,Meteorólogo/a,51,20100.0,Media
1607,Licenciatura,Manufactura,Veterinario/a,20,8500.0,Baja
1608,Básica,Servicios,Artesano,52,15500.0,Media
1609,Licenciatura,Construcción,Obrero,24,15000.0,Media
1610,Básica,Servicios,Médico/a cirujano/a,57,24700.0,Media
1611,Media Superior,Comercio,Pintor,59,8800.0,Baja
1612,Posgrado,Finanzas,Pescador,55,28900.0,Media
1613,Básica,Servicios,Bombero,55,17400.0,Media
1614,Posgrado,Manufactura,Radiólogo/a,45,23300.0,Media
1615,Media Superior,Servicios,Barrendero,34,8500.0,Baja
1616,Media Superior,Manufactura,Pescador,38,8900.0,Baja
1617,Licenciatura,Comercio,Músico/a,22,8500.0,Baja
1618,Media Superior,Informal,Soldador,36,10700.0,Baja
1619,Posgrado,Finanzas,Ingeniero/a,36,22900.0,Media
1620,Licenciatura,Construcción,Diseñador/a gráfico,24,8500.0,Baja
1621,Licenciatura,Comercio,Químico/a,20,8500.0,Baja
1622,Media Superior,Comercio,Carpintero,41,11000.0,Baja
1623,Licenciatura,Manufactura,Matemático/a,42,17900.0,Media
1624,Posgrado,Gobierno,Agricultor,36,19300.0,Media
1625,Licenciatura,Comercio,Maestro,38,21500.0,Media
1626,Licenciatura,Servicios,Carpintero,41,11400.0,Baja
1627,Posgrado,Gobierno,Repartidor,20,8500.0,Baja
1628,Básica,Informal,Psicoanalista,29,8500.0,Baja
1629,Media Superior,Servicios,Peletero,53,17100.0,Media
1630,Posgrado,Manufactura,Programador,39,18800.0,Media
1631,Licenciatura,Informal,Peletero,43,15700.0,Media
1632,Licenciatura,Finanzas,Farmacólogo/a,57,27000.0,Media
1633,Media Superior,Informal,Ingeniero/a,59,27700.0,Media
1634,Licenciatura,Servicios,Programador,58,26600.0,Media
1635,Licenciatura,Informal,Abogado/a,32,10500.0,Baja
1636,Licenciatura,Gobierno,Carpintero,26,8500.0,Baja
1637,Licenciatura,Manufactura,Camarero,52,20200.0,Media
1638,Posgrado,Construcción,Barbero,35,14700.0,Baja
1639,Básica,Comercio,Frutero,55,18500.0,Media
1640,Media Superior,Servicios,Bibliotecario/a,43,17000.0,Media
1641,Licenciatura,Servicios,Óptico,29,9700.0,Baja
1642,Básica,Servicios,Meteorólogo/a,40,12700.0,Baja
1643,Básica,Gobierno,Cajero,31,18300.0,Media
1644,Básica,Comercio,Cerrajero,31,9200.0,Baja
1645,Media Superior,Construcción,Chofer transportista,43,19400.0,Media
1646,Licenciatura,Manufactura,Bibliotecario/a,52,18500.0,Media
1647,Licenciatura,Manufactura,Frutero,42,11400.0,Baja
1648,Básica,Informal,Jardinero,44,8500.0,Baja
1649,Básica,Servicios,Pescador,36,8500.0,Baja
1650,Básica,Construcción,Biólogo/a,58,13500.0,Baja
1651,Licenciatura,Manufactura,Lechero,46,10600.0,Baja
1652,Básica,Informal,Técnico/a de sonido,29,8500.0,Baja
1653,Licenciatura,Finanzas,Veterinario/a,48,29200.0,Media
1654,Básica,Comercio,Vigilante,41,11900.0,Baja
1655,Licenciatura,Servicios,Físico/a,27,11700.0,Baja
1656,Posgrado,Manufactura,Ingeniero/a,46,26300.0,Media
1657,Básica,Manufactura,Panadero,25,8500.0,Baja
1658,Básica,Finanzas,Desarrollador/a web,33,8500.0,Baja
1659,Básica,Construcción,Actuario/a,22,18000.0,Media
1660,Básica,Informal,Lutier,20,8500.0,Baja
1661,Media Superior,Informal,Psicólogo/a,44,8500.0,Baja
1662,Licenciatura,Comercio,Vigilante,28,8500.0,Baja
1663,Media Superior,Informal,Jardinero,24,8500.0,Baja
1664,Básica,Comercio,Mecánico,23,9200.0,Baja
1665,Básica,Finanzas,Biólogo/a,45,9200.0,Baja
1666,Posgrado,Informal,Veterinario/a,56,28400.0,Media
1667,Posgrado,Construcción,Repartidor,35,11000.0,Baja
1668,Básica,Comercio,Psicólogo/a,25,8500.0,Baja
1669,Básica,Gobierno,Obrero,27,8500.0,Baja
1670,Básica,Comercio,Matemático/a,47,10000.0,Baja
1671,Básica,Finanzas,Meteorólogo/a,43,18300.0,Media
1672,Licenciatura,Construcción,Actuario/a,41,19100.0,Media
1673,Posgrado,Servicios,Veterinario/a,34,21100.0,Media
1674,Media Superior,Informal,Camarero,48,9200.0,Baja
1675,Básica,Servicios,Herrero,44,8500.0,Baja
1676,Media Superior,Informal,Biólogo/a,36,8500.0,Baja
1677,Media Superior,Servicios,Peluquero,54,23400.0,Media
1678,Media Superior,Manufactura,Escultor,56,15300.0,Media
1679,Básica,Servicios,Geógrafo/a,36,18400.0,Media
1680,Media Superior,Servicios,Pastor,21,12200.0,Baja
1681,Media Superior,Construcción,Actuario/a,56,30100.0,Media
1682,Media Superior,Finanzas,Lechero,47,20700.0,Media
1683,Básica,Servicios,Escultor,37,8500.0,Baja
1684,Media Superior,Informal,Guardabosques,47,8500.0,Baja
1685,Licenciatura,Servicios,Kinesiólogo/a,27,9400.0,Baja
1686,Licenciatura,Construcción,Escritor,52,24500.0,Media
1687,Licenciatura,Finanzas,Profesor/a,38,17700.0,Media
1688,Posgrado,Manufactura,Artesano,49,17400.0,Media
1689,Básica,Informal,Joyero,35,8500.0,Baja
1690,Posgrado,Gobierno,Pintor,49,26800.0,Media
1691,Media Superior,Servicios,Desarrollador/a web,56,25300.0,Media
1692,Básica,Gobierno,Diseñador/a gráfico,56,30500.0,Media
1693,Básica,Manufactura,Maestro,30,8500.0,Baja
1694,Posgrado,Gobierno,Barbero,50,21900.0,Media
1695,Licenciatura,Informal,Bombero,56,14500.0,Baja
1696,Licenciatura,Informal,Pastor,33,15500.0,Media
1697,Licenciatura,Informal,Ferretero,45,19600.0,Media
1698,Básica,Manufactura,Lingüista,49,10900.0,Baja
1699,Licenciatura,Construcción,Herrero,55,20200.0,Media
1700,Básica,Informal,Soldador,35,15200.0,Media
1701,Media Superior,Comercio,Carnicero,54,8500.0,Baja
1702,Licenciatura,Gobierno,Óptico,49,26400.0,Media
1703,Licenciatura,Servicios,Desarrollador/a web,44,30900.0,Media
1704,Posgrado,Informal,Herrero,31,8500.0,Baja
1705,Básica,Servicios,Físico/a,49,17500.0,Media
1706,Básica,Manufactura,Músico/a,57,9800.0,Baja
1707,Media Superior,Comercio,Pintor,51,14500.0,Baja
1708,Media Superior,Servicios,Biólogo/a,50,23300.0,Media
1709,Licenciatura,Servicios,Radiólogo/a,48,25300.0,Media
1710,Licenciatura,Finanzas,Pintor,52,26600.0,Media
1711,Posgrado,Comercio,Animador,36,15100.0,Media
1712,Media Superior,Gobierno,Imprentero,54,13100.0,Baja
1713,Licenciatura,Gobierno,Relojero,36,25000.0,Media
1714,Licenciatura,Gobierno,Imprentero,34,15500.0,Media
1715,Licenciatura,Comercio,Peletero,49,27400.0,Media
1716,Licenciatura,Informal,Programador,37,11800.0,Baja
1717,Básica,Comercio,Telefonista,20,8500.0,Baja
1718,Posgrado,Gobierno,Actuario/a,42,30000.0,Media
1719,Media Superior,Gobierno,Lutier,26,8500.0,Baja
1720,Posgrado,Servicios,Vendedor,57,24000.0,Media
1721,Posgrado,Comercio,Agricultor,41,8500.0,Baja
1722,Media Superior,Servicios,Lechero,25,8500.0,Baja
1723,Básica,Informal,Traductor/a,23,8500.0,Baja
1724,Licenciatura,Servicios,Bombero,44,15900.0,Media
1725,Básica,Gobierno,Desarrollador/a web,25,8500.0,Baja
1726,Media Superior,Informal,Cocinero,36,10900.0,Baja
1727,Básica,Servicios,Apicultor,47,22100.0,Media
1728,Media Superior,Comercio,Carnicero,25,8500.0,Baja
1729,Licenciatura,Manufactura,Peletero,49,12400.0,Baja
1730,Licenciatura,Manufactura,Programador,49,18700.0,Media
1731,Media Superior,Servicios,Biólogo/a,39,8500.0,Baja
1732,Básica,Comercio,Lechero,33,8500.0,Baja
1733,Media Superior,Gobierno,Físico/a,35,20300.0,Media
1734,Licenciatura,Comercio,Farmacólogo/a,29,9000.0,Baja
1735,Media Superior,Manufactura,Médico/a cirujano/a,52,21300.0,Media
1736,Básica,Manufactura,Profesor/a,28,8500.0,Baja
1737,Media Superior,Gobierno,Técnico/a de sonido,37,8500.0,Baja
1738,Licenciatura,Informal,Paleontólogo/a,29,12200.0,Baja
1739,Media Superior,Gobierno,Farmacólogo/a,24,8500.0,Baja
1740,Licenciatura,Construcción,Contador/a,53,20100.0,Media
1741,Licenciatura,Manufactura,Veterinario/a,32,25400.0,Media
1742,Licenciatura,Informal,Óptico,39,17500.0,Media
1743,Posgrado,Informal,Leñador,44,18400.0,Media
1744,Media Superior,Servicios,Radiólogo/a,49,20100.0,Media
1745,Posgrado,Gobierno,Físico/a,36,14700.0,Baja
1746,Media Superior,Servicios,Peletero,40,19900.0,Media
1747,Básica,Gobierno,Zapatero,28,8500.0,Baja
1748,Media Superior,Comercio,Cajero,56,12900.0,Baja
1749,Licenciatura,Gobierno,Apicultor,30,12000.0,Baja
1750,Licenciatura,Comercio,Traductor/a,51,20900.0,Media
1751,Posgrado,Comercio,Obrero,47,25700.0,Media
1752,Básica,Construcción,Lavandero,47,14700.0,Baja
1753,Básica,Finanzas,Biólogo/a,28,13200.0,Baja
1754,Básica,Gobierno,Barbero,27,8500.0,Baja
1755,Media Superior,Finanzas,Vendedor,48,21600.0,Media
1756,Posgrado,Comercio,Albañil,38,21100.0,Media
1757,Posgrado,Servicios,Abogado/a,46,34300.0,Media
1758,Básica,Gobierno,Ferretero,59,10100.0,Baja
1759,Licenciatura,Construcción,Soldador,49,18900.0,Media
1760,Media Superior,Informal,Médico/a cirujano/a,43,27000.0,Media
1761,Licenciatura,Servicios,Cajero,43,16100.0,Media
1762,Posgrado,Comercio,Bibliotecario/a,48,23100.0,Media
1763,Básica,Informal,Herrero,37,9700.0,Baja
1764,Básica,Servicios,Animador,28,8500.0,Baja
1765,Media Superior,Comercio,Fumigador,40,8500.0,Baja
1766,Básica,Servicios,Cocinero,32,10600.0,Baja
1767,Básica,Servicios,Enfermero/a,47,8500.0,Baja
1768,Licenciatura,Construcción,Pintor,37,17300.0,Media
1769,Licenciatura,Manufactura,Psicólogo/a,47,20400.0,Media
1770,Licenciatura,Manufactura,Cajero,21,8500.0,Baja
1771,Licenciatura,Finanzas,Pastor,34,17500.0,Media
1772,Licenciatura,Gobierno,Repartidor,37,12900.0,Baja
1773,Licenciatura,Manufactura,Óptico,35,9900.0,Baja
1774,Licenciatura,Construcción,Historiador/a,50,14400.0,Baja
1775,Licenciatura,Manufactura,Pastor,58,13700.0,Baja
1776,Licenciatura,Gobierno,Contador/a,40,18800.0,Media
1777,Licenciatura,Finanzas,Economista,30,8500.0,Baja
1778,Licenciatura,Gobierno,Diseñador/a gráfico,56,28100.0,Media
1779,Media Superior,Comercio,Joyero,45,8500.0,Baja
1780,Licenciatura,Manufactura,Barrendero,40,17400.0,Media
1781,Media Superior,Gobierno,Jardinero,32,15000.0,Media
1782,Posgrado,Comercio,Químico/a,41,28300.0,Media
1783,Licenciatura,Comercio,Abogado/a,30,17300.0,Media
1784,Básica,Manufactura,Carpintero,49,18300.0,Media
1785,Básica,Informal,Maestro,45,17100.0,Media
1786,Básica,Informal,Cocinero,23,8500.0,Baja
1787,Básica,Manufactura,Físico/a,44,14800.0,Baja
1788,Licenciatura,Informal,Guardabosques,28,8500.0,Baja
1789,Licenciatura,Servicios,Músico/a,48,16700.0,Media
1790,Básica,Informal,Mecánico,55,15500.0,Media
1791,Básica,Informal,Maestro,35,8500.0,Baja
1792,Licenciatura,Informal,Periodista,43,11000.0,Baja
1793,Básica,Informal,Administrador/a,44,10800.0,Baja
1794,Básica,Servicios,Carnicero,36,14500.0,Baja
1795,Licenciatura,Comercio,Fontanero o plomero,33,17800.0,Media
1796,Básica,Manufactura,Agricultor,58,8500.0,Baja
1797,Licenciatura,Servicios,Carnicero,46,15300.0,Media
1798,Licenciatura,Informal,Escultor,43,18700.0,Media
1799,Media Superior,Finanzas,Carnicero,46,19600.0,Media
1800,Licenciatura,Comercio,Chofer transportista,59,14100.0,Baja
1801,Licenciatura,Servicios,Actuario/a,37,18500.0,Media
1802,Licenciatura,Construcción,Herrero,36,8500.0,Baja
1803,Media Superior,Informal,Cocinero,56,16300.0,Media
1804,Licenciatura,Manufactura,Filólogo/a,48,19800.0,Media
1805,Media Superior,Finanzas,Periodista,23,12700.0,Baja
1806,Licenciatura,Manufactura,Frutero,57,23200.0,Media
1807,Media Superior,Construcción,Vendedor,33,10000.0,Baja
1808,Media Superior,Servicios,Administrador/a,50,20200.0,Media
1809,Licenciatura,Finanzas,Telefonista,30,8500.0,Baja
1810,Posgrado,Comercio,Psicólogo/a,29,8500.0,Baja
1811,Licenciatura,Gobierno,Lechero,28,12700.0,Baja
1812,Básica,Informal,Cocinero,59,15000.0,Media
1813,Licenciatura,Construcción,Radiólogo/a,59,25500.0,Media
1814,Licenciatura,Informal,Veterinario/a,29,21700.0,Media
1815,Básica,Gobierno,Afilador,31,8500.0,Baja
1816,Básica,Gobierno,Psicoanalista,50,27700.0,Media
1817,Posgrado,Finanzas,Tornero,32,15700.0,Media
1818,Licenciatura,Servicios,Afilador,44,14900.0,Baja
1819,Posgrado,Comercio,Afilador,45,16200.0,Media
1820,Licenciatura,Servicios,Bombero,36,15800.0,Media
1821,Media Superior,Informal,Geógrafo/a,42,8500.0,Baja
1822,Licenciatura,Informal,Afilador,58,17700.0,Media
1823,Licenciatura,Construcción,Diseñador/a gráfico,22,9600.0,Baja
1824,Básica,Servicios,Geógrafo/a,50,27400.0,Media
1825,Media Superior,Finanzas,Leñador,53,23800.0,Media
1826,Licenciatura,Finanzas,Psicólogo/a,43,20700.0,Media
1827,Licenciatura,Finanzas,Pastor,54,20200.0,Media
1828,Media Superior,Servicios,Jardinero,20,8500.0,Baja
1829,Posgrado,Comercio,Telefonista,39,22200.0,Media
1830,Media Superior,Construcción,Óptico,34,12900.0,Baja
1831,Licenciatura,Servicios,Cerrajero,56,17500.0,Media
1832,Licenciatura,Manufactura,Desarrollador/a web,36,17000.0,Media
1833,Licenciatura,Gobierno,Bibliotecario/a,36,17900.0,Media
1834,Licenciatura,Finanzas,Desarrollador/a web,24,14200.0,Baja
1835,Media Superior,Servicios,Veterinario/a,32,24200.0,Media
1836,Licenciatura,Construcción,Médico/a cirujano/a,42,16600.0,Media
1837,Básica,Servicios,Cocinero,38,8500.0,Baja
1838,Básica,Informal,Vendedor,38,8500.0,Baja
1839,Media Superior,Construcción,Carpintero,39,9800.0,Baja
1840,Media Superior,Servicios,Agricultor,57,13600.0,Baja
1841,Licenciatura,Servicios,Lingüista,29,8500.0,Baja
1842,Licenciatura,Comercio,Pastor,44,10600.0,Baja
1843,Media Superior,Informal,Filólogo/a,43,16300.0,Media
1844,Básica,Manufactura,Lechero,55,21500.0,Media
1845,Licenciatura,Informal,Bibliotecario/a,50,28300.0,Media
1846,Licenciatura,Gobierno,Vendedor,24,8500.0,Baja
1847,Básica,Comercio,Zapatero,43,8500.0,Baja
1848,Media Superior,Finanzas,Barrendero,54,12100.0,Baja
1849,Licenciatura,Servicios,Ingeniero/a,22,8500.0,Baja
1850,Básica,Gobierno,Físico/a,26,8500.0,Baja
1851,Posgrado,Comercio,Técnico/a de sonido,21,10300.0,Baja
1852,Licenciatura,Informal,Obrero,51,16600.0,Media
1853,Licenciatura,Informal,Tornero,49,15300.0,Media
1854,Licenciatura,Construcción,Cocinero,23,8500.0,Baja
1855,Media Superior,Comercio,Músico/a,22,15400.0,Media
1856,Licenciatura,Comercio,Lutier,41,14000.0,Baja
1857,Posgrado,Servicios,Cocinero,30,19400.0,Media
1858,Básica,Finanzas,Abogado/a,36,19700.0,Media
1859,Media Superior,Servicios,Cajero,22,8500.0,Baja
1860,Posgrado,Manufactura,Frutero,56,29500.0,Media
1861,Media Superior,Manufactura,Maestro,31,12400.0,Baja
1862,Básica,Informal,Tornero,56,24600.0,Media
1863,Media Superior,Informal,Físico/a,58,25600.0,Media
1864,Media Superior,Informal,Vendedor,48,9700.0,Baja
1865,Licenciatura,Finanzas,Farmacólogo/a,34,14400.0,Baja
1866,Media Superior,Manufactura,Psicoanalista,47,22500.0,Media
1867,Media Superior,Comercio,Barrendero,43,8500.0,Baja
1868,Media Superior,Servicios,Bibliotecario/a,25,8500.0,Baja
1869,Media Superior,Manufactura,Arquitecto/a,43,19300.0,Media
1870,Media Superior,Informal,Herrero,27,11300.0,Baja
1871,Media Superior,Construcción,Bibliotecario/a,22,11200.0,Baja
1872,Media Superior,Finanzas,Barbero,41,15100.0,Media
1873,Licenciatura,Finanzas,Frutero,29,17300.0,Media
1874,Básica,Informal,Kinesiólogo/a,31,8500.0,Baja
1875,Licenciatura,Gobierno,Enfermero/a,23,8500.0,Baja
1876,Básica,Comercio,Escritor,42,8500.0,Baja
1877,Media Superior,Servicios,Actuario/a,46,20600.0,Media
1878,Media Superior,Gobierno,Animador,50,24300.0,Media
1879,Básica,Gobierno,Agricultor,36,13800.0,Baja
1880,Media Superior,Construcción,Físico/a,41,8500.0,Baja
1881,Media Superior,Construcción,Animador,53,19300.0,Media
1882,Media Superior,Servicios,Jardinero,39,16300.0,Media
1883,Básica,Manufactura,Fumigador,30,8500.0,Baja
1884,Básica,Informal,Albañil,45,16000.0,Media
1885,Media Superior,Servicios,Camarero,45,17100.0,Media
1886,Básica,Servicios,Apicultor,35,8600.0,Baja
1887,Media Superior,Manufactura,Repartidor,59,21200.0,Media
1888,Media Superior,Comercio,Desarrollador/a web,30,11800.0,Baja
1889,Media Superior,Comercio,Abogado/a,29,8500.0,Baja
1890,Licenciatura,Comercio,Profesor/a,34,19000.0,Media
1891,Licenciatura,Informal,Barrendero,32,13300.0,Baja
1892,Posgrado,Gobierno,Artesano,57,26800.0,Media
1893,Licenciatura,Construcción,Ingeniero/a,23,16000.0,Media
1894,Licenciatura,Construcción,Psicólogo/a,40,25900.0,Media
1895,Licenciatura,Servicios,Camarero,32,8500.0,Baja
1896,Licenciatura,Gobierno,Frutero,49,14100.0,Baja
1897,Media Superior,Manufactura,Albañil,35,11200.0,Baja
1898,Licenciatura,Finanzas,Fontanero o plomero,36,8500.0,Baja
1899,Licenciatura,Manufactura,Administrador/a,32,8500.0,Baja
1900,Licenciatura,Servicios,Maestro,58,20800.0,Media
1901,Licenciatura,Finanzas,Artesano,43,11700.0,Baja
1902,Básica,Gobierno,Pastor,34,14300.0,Baja
1903,Licenciatura,Finanzas,Desarrollador/a web,30,17100.0,Media
1904,Posgrado,Manufactura,Telefonista,25,15100.0,Media
1905,Licenciatura,Comercio,Obrero,36,10500.0,Baja
1906,Licenciatura,Construcción,Administrador/a,34,15500.0,Media
1907,Básica,Informal,Químico/a,27,13200.0,Baja
1908,Licenciatura,Informal,Cajero,30,10000.0,Baja
1909,Posgrado,Finanzas,Carnicero,44,21100.0,Media
1910,Licenciatura,Construcción,Afilador,23,8500.0,Baja
1911,Licenciatura,Construcción,Agricultor,23,11100.0,Baja
1912,Licenciatura,Informal,Peletero,28,14900.0,Baja
1913,Licenciatura,Comercio,Lavandero,52,9700.0,Baja
1914,Media Superior,Construcción,Camarero,31,18300.0,Media
1915,Licenciatura,Manufactura,Radiólogo/a,34,17200.0,Media
1916,Media Superior,Servicios,Escritor,51,8500.0,Baja
1917,Básica,Comercio,Escritor,20,8500.0,Baja
1918,Licenciatura,Construcción,Jardinero,37,12600.0,Baja
1919,Media Superior,Informal,Desarrollador/a web,38,9600.0,Baja
1920,Básica,Gobierno,Matemático/a,50,16800.0,Media
1921,Licenciatura,Manufactura,Psicoanalista,37,22400.0,Media
1922,Licenciatura,Informal,Repartidor,56,17800.0,Media
1923,Media Superior,Manufactura,Relojero,41,10000.0,Baja
1924,Posgrado,Servicios,Cocinero,40,11700.0,Baja
1925,Media Superior,Gobierno,Barrendero,52,20100.0,Media
1926,Licenciatura,Manufactura,Psicoanalista,20,8500.0,Baja
1927,Media Superior,Construcción,Lutier,46,13200.0,Baja
1928,Posgrado,Servicios,Kinesiólogo/a,39,19600.0,Media
1929,Posgrado,Comercio,Lutier,56,28200.0,Media
1930,Media Superior,Finanzas,Meteorólogo/a,26,13500.0,Baja
1931,Licenciatura,Finanzas,Peletero,45,18100.0,Media
1932,Posgrado,Servicios,Meteorólogo/a,22,13900.0,Baja
1933,Media Superior,Comercio,Fontanero o plomero,53,11300.0,Baja
1934,Básica,Informal,Radiólogo/a,50,17500.0,Media
1935,Media Superior,Construcción,Enfermero/a,55,15000.0,Media
1936,Básica,Servicios,Agricultor,54,24900.0,Media
1937,Licenciatura,Construcción,Carpintero,25,8500.0,Baja
1938,Media Superior,Gobierno,Afilador,23,14200.0,Baja
1939,Básica,Manufactura,Peletero,44,13100.0,Baja
1940,Básica,Comercio,Vigilante,36,9200.0,Baja
1941,Media Superior,Servicios,Lavandero,26,8500.0,Baja
1942,Básica,Gobierno,Sastre,22,8500.0,Baja
1943,Licenciatura,Gobierno,Radiólogo/a,53,27300.0,Media
1944,Básica,Servicios,Desarrollador/a web,22,13500.0,Baja
1945,Media Superior,Comercio,Filólogo/a,51,16000.0,Media
1946,Posgrado,Servicios,Lingüista,46,33900.0,Media
1947,Básica,Comercio,Animador,49,8500.0,Baja
1948,Básica,Manufactura,Cajero,43,8500.0,Baja
1949,Básica,Informal,Repartidor,48,10300.0,Baja
1950,Media Superior,Servicios,Chofer transportista,49,16700.0,Media
1951,Media Superior,Informal,Historiador/a,59,15600.0,Media
1952,Media Superior,Servicios,Lavandero,58,19300.0,Media
1953,Básica,Finanzas,Sastre,51,12800.0,Baja
1954,Licenciatura,Finanzas,Periodista,57,23700.0,Media
1955,Licenciatura,Manufactura,Biólogo/a,35,20800.0,Media
1956,Media Superior,Manufactura,Pastor,45,9200.0,Baja
1957,Licenciatura,Servicios,Lechero,56,11100.0,Baja
1958,Licenciatura,Comercio,Vendedor,20,8500.0,Baja
1959,Licenciatura,Gobierno,Carnicero,50,18600.0,Media
1960,Posgrado,Manufactura,Frutero,26,18500.0,Media
1961,Posgrado,Gobierno,Psicoanalista,55,33900.0,Media
1962,Licenciatura,Comercio,Agricultor,22,8500.0,Baja
1963,Media Superior,Manufactura,Carpintero,55,18400.0,Media
1964,Media Superior,Construcción,Lechero,33,8500.0,Baja
1965,Media Superior,Comercio,Periodista,46,11400.0,Baja
1966,Media Superior,Informal,Tornero,21,8500.0,Baja
1967,Media Superior,Gobierno,Escritor,20,11400.0,Baja
1968,Posgrado,Construcción,Escritor,25,12700.0,Baja
1969,Licenciatura,Comercio,Químico/a,43,23600.0,Media
1970,Básica,Comercio,Enfermero/a,52,8500.0,Baja
1971,Licenciatura,Manufactura,Peluquero,32,13500.0,Baja
1972,Licenciatura,Informal,Actuario/a,32,8500.0,Baja
1973,Licenciatura,Gobierno,Músico/a,57,22000.0,Media
1974,Licenciatura,Finanzas,Zapatero,51,23000.0,Media
1975,Media Superior,Manufactura,Chofer transportista,58,11600.0,Baja
1976,Media Superior,Manufactura,Economista,47,20600.0,Media
1977,Media Superior,Construcción,Agricultor,45,11600.0,Baja
1978,Licenciatura,Manufactura,Programador,58,19700.0,Media
1979,Básica,Servicios,Joyero,28,8500.0,Baja
1980,Básica,Servicios,Bibliotecario/a,55,16800.0,Media
1981,Licenciatura,Comercio,Contador/a,25,8500.0,Baja
1982,Media Superior,Servicios,Meteorólogo/a,52,21000.0,Media
1983,Licenciatura,Gobierno,Técnico/a de sonido,51,25000.0,Media
1984,Posgrado,Comercio,Barrendero,42,17500.0,Media
1985,Licenciatura,Informal,Vendedor,50,17900.0,Media
1986,Básica,Gobierno,Actuario/a,38,15300.0,Media
1987,Posgrado,Comercio,Cerrajero,35,19300.0,Media
1988,Licenciatura,Gobierno,Fumigador,55,23800.0,Media
1989,Posgrado,Servicios,Maestro,59,31300.0,Media
1990,Media Superior,Informal,Farmacólogo/a,51,9800.0,Baja
1991,Licenciatura,Gobierno,Carpintero,48,14800.0,Baja
1992,Media Superior,Finanzas,Herrero,31,11000.0,Baja
1993,Licenciatura,Construcción,Pescador,44,19200.0,Media
1994,Posgrado,Construcción,Carpintero,55,25300.0,Media
1995,Básica,Servicios,Lingüista,58,21200.0,Media
1996,Posgrado,Servicios,Abogado/a,42,20900.0,Media
1997,Posgrado,Finanzas,Artesano,55,32700.0,Media
1998,Posgrado,Construcción,Ferretero,50,28500.0,Media
1999,Básica,Comercio,Leñador,48,9600.0,Baja
2000,Básica,Gobierno,Zapatero,29,10500.0,Baja
2001,Básica,Servicios,Filólogo/a,33,19500.0,Media
2002,Posgrado,Servicios,Bombero,28,8500.0,Baja
2003,Media Superior,Manufactura,Panadero,56,14000.0,Baja
2004,Media Superior,Comercio,Tornero,23,8500.0,Baja
2005,Licenciatura,Comercio,Traductor/a,36,8500.0,Baja
2006,Posgrado,Finanzas,Albañil,49,32800.0,Media
2007,Media Superior,Gobierno,Psicoanalista,41,28000.0,Media
2008,Posgrado,Comercio,Vendedor,42,31700.0,Media
2009,Licenciatura,Comercio,Pastor,58,19800.0,Media
2010,Media Superior,Gobierno,Panadero,21,8500.0,Baja
2011,Licenciatura,Servicios,Carnicero,36,18400.0,Media
2012,Licenciatura,Construcción,Telefonista,28,8500.0,Baja
2013,Posgrado,Gobierno,Enfermero/a,46,20100.0,Media
2014,Básica,Informal,Zapatero,55,15300.0,Media
2015,Básica,Manufactura,Geógrafo/a,26,8500.0,Baja
2016,Licenciatura,Informal,Jardinero,55,15800.0,Media
2017,Posgrado,Comercio,Apicultor,56,21300.0,Media
2018,Media Superior,Construcción,Contador/a,22,8500.0,Baja
2019,Licenciatura,Comercio,Carnicero,39,15600.0,Media
2020,Licenciatura,Gobierno,Ferretero,54,16600.0,Media
2021,Licenciatura,Gobierno,Geógrafo/a,41,16300.0,Media
2022,Media Superior,Gobierno,Bibliotecario/a,58,21900.0,Media
2023,Media Superior,Gobierno,Filólogo/a,47,21200.0,Media
2024,Media Superior,Informal,Afilador,48,8500.0,Baja
2025,Licenciatura,Servicios,Cerrajero,29,9500.0,Baja
2026,Posgrado,Construcción,Repartidor,46,12800.0,Baja
2027,Licenciatura,Manufactura,Peletero,52,18100.0,Media
2028,Básica,Comercio,Mecánico,39,8500.0,Baja
2029,Licenciatura,Comercio,Economista,48,13600.0,Baja
2030,Básica,Comercio,Programador,27,8500.0,Baja
2031,Licenciatura,Manufactura,Historiador/a,48,16400.0,Media
2032,Posgrado,Comercio,Cocinero,46,11100.0,Baja
2033,Licenciatura,Gobierno,Peletero,59,22000.0,Media
2034,Licenciatura,Servicios,Médico/a cirujano/a,25,10300.0,Baja
2035,Básica,Servicios,Pintor,32,20600.0,Media
2036,Media Superior,Finanzas,Lutier,21,8500.0,Baja
2037,Licenciatura,Comercio,Albañil,33,10300.0,Baja
2038,Media Superior,Manufactura,Arquitecto/a,50,22900.0,Media
2039,Básica,Servicios,Matemático/a,28,8500.0,Baja
2040,Media Superior,Servicios,Ingeniero/a,34,11600.0,Baja
2041,Media Superior,Gobierno,Escritor,25,12700.0,Baja
2042,Licenciatura,Servicios,Fumigador,45,13100.0,Baja
2043,Licenciatura,Gobierno,Diseñador/a gráfico,49,24600.0,Media
2044,Licenciatura,Gobierno,Físico/a,44,16300.0,Media
2045,Básica,Informal,Economista,35,8500.0,Baja
2046,Básica,Informal,Contador/a,44,8500.0,Baja
2047,Posgrado,Comercio,Historiador/a,59,18300.0,Media
2048,Media Superior,Gobierno,Arquitecto/a,42,15000.0,Media
2049,Licenciatura,Finanzas,Fontanero o plomero,56,23900.0,Media
2050,Licenciatura,Servicios,Panadero,24,8500.0,Baja
2051,Licenciatura,Construcción,Psicólogo/a,41,16700.0,Media
2052,Básica,Comercio,Animador,49,9800.0,Baja
2053,Licenciatura,Manufactura,Maestro,34,8500.0,Baja
2054,Licenciatura,Construcción,Escritor,33,16100.0,Media
2055,Posgrado,Gobierno,Fumigador,48,16500.0,Media
2056,Licenciatura,Manufactura,Vendedor,56,29400.0,Media
2057,Media Superior,Informal,Barrendero,53,8500.0,Baja
2058,Posgrado,Construcción,Lingüista,29,19400.0,Media
2059,Licenciatura,Servicios,Diseñador/a gráfico,40,13900.0,Baja
2060,Media Superior,Manufactura,Historiador/a,48,20000.0,Media
2061,Licenciatura,Gobierno,Escritor,44,17800.0,Media
2062,Media Superior,Comercio,Imprentero,58,17200.0,Media
2063,Básica,Servicios,Pastor,54,11400.0,Baja
2064,Licenciatura,Manufactura,Matemático/a,21,8500.0,Baja
2065,Media Superior,Manufactura,Camarero,48,20400.0,Media
2066,Básica,Manufactura,Arquitecto/a,45,16900.0,Media
2067,Básica,Finanzas,Joyero,38,15200.0,Media
2068,Licenciatura,Finanzas,Programador,25,8600.0,Baja
2069,Licenciatura,Finanzas,Leñador,43,15400.0,Media
2070,Licenciatura,Finanzas,Artesano,35,16000.0,Media
2071,Media Superior,Informal,Panadero,54,8500.0,Baja
2072,Media Superior,Informal,Vigilante,54,12300.0,Baja
2073,Posgrado,Gobierno,Farmacólogo/a,29,19700.0,Media
2074,Media Superior,Comercio,Radiólogo/a,29,12500.0,Baja
2075,Media Superior,Informal,Kinesiólogo/a,51,12100.0,Baja
2076,Media Superior,Servicios,Contador/a,38,11300.0,Baja
2077,Media Superior,Comercio,Farmacólogo/a,23,11000.0,Baja
2078,Posgrado,Gobierno,Filólogo/a,40,23500.0,Media
2079,Licenciatura,Gobierno,Imprentero,22,8500.0,Baja
2080,Media Superior,Manufactura,Barbero,21,8500.0,Baja
2081,Licenciatura,Comercio,Sastre,39,10800.0,Baja
2082,Media Superior,Finanzas,Cocinero,56,22400.0,Media
2083,Básica,Comercio,Biólogo/a,29,8500.0,Baja
2084,Básica,Servicios,Paleontólogo/a,31,14200.0,Baja
2085,Media Superior,Informal,Paleontólogo/a,43,16500.0,Media
2086,Básica,Servicios,Repartidor,29,8500.0,Baja
2087,Licenciatura,Comercio,Filólogo/a,25,8500.0,Baja
2088,Posgrado,Gobierno,Lutier,26,8900.0,Baja
2089,Licenciatura,Comercio,Físico/a,58,27100.0,Media
2090,Licenciatura,Construcción,Barrendero,37,8700.0,Baja
2091,Media Superior,Servicios,Músico/a,58,11300.0,Baja
2092,Licenciatura,Comercio,Maestro,55,15300.0,Media
2093,Media Superior,Construcción,Zapatero,29,8500.0,Baja
2094,Posgrado,Servicios,Tornero,33,15100.0,Media
2095,Básica,Manufactura,Diseñador/a gráfico,22,8500.0,Baja
2096,Licenciatura,Finanzas,Desarrollador/a web,29,22200.0,Media
2097,Licenciatura,Gobierno,Lutier,22,8500.0,Baja
2098,Básica,Informal,Chofer transportista,31,14600.0,Baja
2099,Licenciatura,Informal,Radiólogo/a,31,16500.0,Media
2100,Licenciatura,Informal,Óptico,40,24000.0,Media
2101,Media Superior,Informal,Técnico/a de sonido,49,14900.0,Baja
2102,Licenciatura,Finanzas,Repartidor,55,29000.0,Media
2103,Licenciatura,Comercio,Psicoanalista,43,26700.0,Media
2104,Licenciatura,Servicios,Abogado/a,31,11500.0,Baja
2105,Licenciatura,Servicios,Periodista,52,26600.0,Media
2106,Licenciatura,Gobierno,Carnicero,37,8500.0,Baja
2107,Licenciatura,Manufactura,Matemático/a,30,13700.0,Baja
2108,Básica,Servicios,Relojero,55,18900.0,Media
2109,Licenciatura,Servicios,Afilador,35,17900.0,Media
2110,Básica,Informal,Farmacólogo/a,30,8500.0,Baja
2111,Posgrado,Manufactura,Jardinero,26,8500.0,Baja
2112,Licenciatura,Comercio,Mecánico,42,8500.0,Baja
2113,Licenciatura,Manufactura,Físico/a,28,14300.0,Baja
2114,Media Superior,Manufactura,Joyero,45,17200.0,Media
2115,Licenciatura,Finanzas,Carnicero,46,31700.0,Media
2116,Posgrado,Informal,Soldador,56,28600.0,Media
2117,Básica,Comercio,Vendedor,43,8500.0,Baja
2118,Media Superior,Informal,Cocinero,36,9400.0,Baja
2119,Licenciatura,Manufactura,Técnico/a de sonido,46,20700.0,Media
2120,Licenciatura,Servicios,Músico/a,38,24200.0,Media
2121,Básica,Informal,Lutier,36,8500.0,Baja
2122,Posgrado,Manufactura,Joyero,57,20300.0,Media
2123,Media Superior,Finanzas,Historiador/a,58,28000.0,Media
2124,Media Superior,Comercio,Cajero,42,13000.0,Baja
2125,Media Superior,Manufactura,Obrero,49,15600.0,Media
2126,Licenciatura,Servicios,Óptico,48,17500.0,Media
2127,Licenciatura,Servicios,Lutier,20,8500.0,Baja
2128,Licenciatura,Informal,Psicoanalista,30,12400.0,Baja
2129,Media Superior,Construcción,Farmacólogo/a,32,8500.0,Baja
2130,Básica,Servicios,Camarero,24,8500.0,Baja
2131,Media Superior,Finanzas,Traductor/a,40,17300.0,Media
2132,Media Superior,Finanzas,Historiador/a,39,8500.0,Baja
2133,Posgrado,Informal,Diseñador/a gráfico,43,24500.0,Media
2134,Básica,Manufactura,Animador,52,9500.0,Baja
2135,Media Superior,Servicios,Paleontólogo/a,45,27300.0,Media
2136,Media Superior,Gobierno,Paleontólogo/a,49,37200.0,Alta
2137,Licenciatura,Servicios,Actuario/a,33,16800.0,Media
2138,Básica,Construcción,Veterinario/a,57,15200.0,Media
2139,Licenciatura,Finanzas,Psicoanalista,55,31900.0,Media
2140,Básica,Manufactura,Farmacólogo/a,25,10900.0,Baja
2141,Básica,Informal,Programador,58,9800.0,Baja
2142,Media Superior,Gobierno,Óptico,58,18600.0,Media
2143,Media Superior,Gobierno,Lingüista,35,14000.0,Baja
2144,Básica,Construcción,Ferretero,36,8500.0,Baja
2145,Media Superior,Manufactura,Telefonista,59,8500.0,Baja
2146,Posgrado,Servicios,Escultor,33,21200.0,Media
2147,Media Superior,Gobierno,Radiólogo/a,33,11200.0,Baja
2148,Media Superior,Comercio,Ingeniero/a,53,26800.0,Media
2149,Media Superior,Gobierno,Peluquero,20,8500.0,Baja
2150,Media Superior,Informal,Óptico,23,8500.0,Baja
2151,Licenciatura,Servicios,Farmacólogo/a,57,25200.0,Media
2152,Licenciatura,Manufactura,Técnico/a de sonido,58,24000.0,Media
2153,Básica,Informal,Psicoanalista,41,9800.0,Baja
2154,Licenciatura,Manufactura,Relojero,36,14300.0,Baja
2155,Básica,Informal,Pescador,35,8500.0,Baja
2156,Licenciatura,Gobierno,Veterinario/a,47,34800.0,Media
2157,Básica,Manufactura,Actuario/a,58,20900.0,Media
2158,Licenciatura,Comercio,Traductor/a,50,13300.0,Baja
2159,Básica,Gobierno,Óptico,47,14600.0,Baja
2160,Licenciatura,Finanzas,Enfermero/a,32,15300.0,Media
2161,Básica,Manufactura,Ingeniero/a,30,15000.0,Media
2162,Licenciatura,Servicios,Paleontólogo/a,28,21700.0,Media
2163,Licenciatura,Manufactura,Jardinero,51,17100.0,Media
2164,Básica,Finanzas,Óptico,25,8500.0,Baja
2165,Posgrado,Finanzas,Radiólogo/a,51,34700.0,Media
2166,Licenciatura,Informal,Barrendero,46,8500.0,Baja
2167,Posgrado,Comercio,Soldador,44,9000.0,Baja
2168,Básica,Informal,Herrero,34,9800.0,Baja
2169,Media Superior,Gobierno,Bombero,56,23500.0,Media
2170,Licenciatura,Comercio,Guardabosques,58,20200.0,Media
2171,Licenciatura,Comercio,Filólogo/a,48,8500.0,Baja
2172,Licenciatura,Manufactura,Diseñador/a gráfico,48,20100.0,Media
2173,Básica,Servicios,Frutero,34,8700.0,Baja
2174,Licenciatura,Gobierno,Peletero,59,21100.0,Media
2175,Licenciatura,Construcción,Abogado/a,46,20300.0,Media
2176,Licenciatura,Servicios,Apicultor,22,11900.0,Baja
2177,Media Superior,Servicios,Leñador,25,10100.0,Baja
2178,Licenciatura,Servicios,Fumigador,50,21500.0,Media
2179,Básica,Manufactura,Músico/a,58,19500.0,Media
2180,Básica,Servicios,Lechero,46,13000.0,Baja
2181,Licenciatura,Comercio,Telefonista,45,21600.0,Media
2182,Media Superior,Finanzas,Químico/a,58,35800.0,Alta
2183,Licenciatura,Comercio,Técnico/a de sonido,36,18600.0,Media
2184,Licenciatura,Gobierno,Pastor,46,14000.0,Baja
2185,Media Superior,Manufactura,Maestro,59,21600.0,Media
2186,Básica,Informal,Artesano,35,9000.0,Baja
2187,Media Superior,Informal,Apicultor,37,8500.0,Baja
2188,Licenciatura,Construcción,Lechero,54,25300.0,Media
2189,Media Superior,Informal,Mecánico,47,8500.0,Baja
2190,Media Superior,Manufactura,Barbero,43,12500.0,Baja
2191,Media Superior,Gobierno,Barbero,32,10900.0,Baja
2192,Básica,Comercio,Artesano,49,12400.0,Baja
2193,Licenciatura,Comercio,Paleontólogo/a,27,11100.0,Baja
2194,Media Superior,Gobierno,Artesano,42,8500.0,Baja
2195,Licenciatura,Manufactura,Bombero,45,10700.0,Baja
2196,Media Superior,Construcción,Radiólogo/a,25,9700.0,Baja
2197,Licenciatura,Gobierno,Peluquero,39,25400.0,Media
2198,Licenciatura,Informal,Químico/a,53,23000.0,Media
2199,Media Superior,Construcción,Relojero,34,10800.0,Baja
2200,Media Superior,Servicios,Jardinero,40,14900.0,Baja
2201,Posgrado,Comercio,Arquitecto/a,37,18900.0,Media
2202,Licenciatura,Construcción,Maestro,43,17300.0,Media
2203,Licenciatura,Manufactura,Arquitecto/a,52,28900.0,Media
2204,Licenciatura,Finanzas,Peluquero,51,11900.0,Baja
2205,Básica,Manufactura,Panadero,44,17600.0,Media
2206,Licenciatura,Servicios,Kinesiólogo/a,38,21600.0,Media
2207,Licenciatura,Servicios,Contador/a,39,21900.0,Media
2208,Media Superior,Manufactura,Bibliotecario/a,56,19400.0,Media
2209,Licenciatura,Comercio,Administrador/a,20,12700.0,Baja
2210,Básica,Informal,Albañil,30,17900.0,Media
2211,Media Superior,Comercio,Pintor,52,13100.0,Baja
2212,Licenciatura,Gobierno,Físico/a,30,15800.0,Media
2213,Posgrado,Comercio,Fontanero o plomero,36,15200.0,Media
2214,Licenciatura,Comercio,Barrendero,51,13500.0,Baja
2215,Posgrado,Servicios,Artesano,24,8500.0,Baja
2216,Licenciatura,Gobierno,Afilador,38,18800.0,Media
2217,Licenciatura,Servicios,Zapatero,21,8500.0,Baja
2218,Básica,Comercio,Bombero,43,8500.0,Baja
2219,Media Superior,Servicios,Peluquero,20,10900.0,Baja
2220,Básica,Manufactura,Repartidor,44,21600.0,Media
2221,Licenciatura,Gobierno,Profesor/a,40,28000.0,Media
2222,Media Superior,Informal,Barbero,44,8500.0,Baja
2223,Media Superior,Gobierno,Óptico,57,34000.0,Media
2224,Licenciatura,Gobierno,Sastre,44,19600.0,Media
2225,Licenciatura,Informal,Animador,26,12500.0,Baja
2226,Media Superior,Construcción,Lavandero,47,8500.0,Baja
2227,Básica,Gobierno,Imprentero,56,14000.0,Baja
2228,Licenciatura,Manufactura,Ferretero,46,22700.0,Media
2229,Media Superior,Servicios,Historiador/a,24,17300.0,Media
2230,Media Superior,Gobierno,Programador,57,26700.0,Media
2231,Licenciatura,Comercio,Farmacólogo/a,29,16400.0,Media
2232,Licenciatura,Finanzas,Matemático/a,22,17400.0,Media
2233,Media Superior,Informal,Mecánico,41,8800.0,Baja
2234,Media Superior,Manufactura,Soldador,21,8500.0,Baja
2235,Posgrado,Comercio,Fontanero o plomero,25,8500.0,Baja
2236,Licenciatura,Gobierno,Barbero,31,17000.0,Media
2237,Licenciatura,Finanzas,Matemático/a,46,14800.0,Baja
2238,Media Superior,Informal,Carpintero,24,8500.0,Baja
2239,Media Superior,Comercio,Biólogo/a,59,21700.0,Media
2240,Licenciatura,Construcción,Lutier,55,21100.0,Media
2241,Media Superior,Manufactura,Pastor,59,14800.0,Baja
2242,Posgrado,Finanzas,Obrero,52,25300.0,Media
2243,Licenciatura,Construcción,Administrador/a,35,9600.0,Baja
2244,Licenciatura,Manufactura,Geógrafo/a,49,20100.0,Media
2245,Licenciatura,Servicios,Escultor,48,15500.0,Media
2246,Licenciatura,Manufactura,Biólogo/a,36,18900.0,Media
2247,Media Superior,Servicios,Peletero,46,12600.0,Baja
2248,Posgrado,Comercio,Lechero,58,28200.0,Media
2249,Posgrado,Gobierno,Apicultor,49,19200.0,Media
2250,Posgrado,Comercio,Diseñador/a gráfico,22,12500.0,Baja
2251,Posgrado,Construcción,Actuario/a,41,17300.0,Media
2252,Básica,Manufactura,Carpintero,29,8500.0,Baja
2253,Básica,Gobierno,Diseñador/a gráfico,42,17500.0,Media
2254,Media Superior,Informal,Peluquero,32,8500.0,Baja
2255,Básica,Informal,Músico/a,50,13900.0,Baja
2256,Licenciatura,Finanzas,Técnico/a de sonido,43,14800.0,Baja
2257,Licenciatura,Finanzas,Diseñador/a gráfico,38,20300.0,Media
2258,Licenciatura,Finanzas,Ingeniero/a,25,8500.0,Baja
2259,Media Superior,Servicios,Diseñador/a gráfico,22,10500.0,Baja
2260,Licenciatura,Comercio,Albañil,36,14800.0,Baja
2261,Licenciatura,Gobierno,Veterinario/a,25,16500.0,Media
2262,Licenciatura,Gobierno,Tornero,33,15800.0,Media
2263,Licenciatura,Finanzas,Peluquero,24,8500.0,Baja
2264,Media Superior,Informal,Enfermero/a,36,8500.0,Baja
2265,Básica,Informal,Peluquero,56,13100.0,Baja
2266,Licenciatura,Servicios,Carnicero,21,12300.0,Baja
2267,Media Superior,Informal,Pintor,49,13100.0,Baja
2268,Básica,Servicios,Pescador,22,8500.0,Baja
2269,Licenciatura,Manufactura,Fontanero o plomero,30,8500.0,Baja
2270,Licenciatura,Finanzas,Fontanero o plomero,36,17200.0,Media
2271,Posgrado,Manufactura,Farmacólogo/a,59,29300.0,Media
2272,Básica,Gobierno,Peletero,39,12400.0,Baja
2273,Media Superior,Servicios,Peluquero,34,10600.0,Baja
2274,Básica,Construcción,Matemático/a,31,12500.0,Baja
2275,Licenciatura,Manufactura,Técnico/a de sonido,45,26000.0,Media
2276,Media Superior,Servicios,Fontanero o plomero,26,8500.0,Baja
2277,Media Superior,Comercio,Zapatero,34,16100.0,Media
2278,Licenciatura,Servicios,Chofer transportista,34,9900.0,Baja
2279,Licenciatura,Manufactura,Óptico,26,14600.0,Baja
2280,Básica,Informal,Músico/a,28,8500.0,Baja
2281,Licenciatura,Informal,Cocinero,34,8500.0,Baja
2282,Media Superior,Comercio,Filólogo/a,56,16000.0,Media
2283,Media Superior,Finanzas,Fumigador,29,19000.0,Media
2284,Licenciatura,Manufactura,Relojero,44,20200.0,Media
2285,Posgrado,Servicios,Mecánico,48,17400.0,Media
2286,Media Superior,Manufactura,Vigilante,23,8500.0,Baja
2287,Media Superior,Informal,Tornero,35,16300.0,Media
2288,Posgrado,Servicios,Meteorólogo/a,31,14300.0,Baja
2289,Media Superior,Construcción,Biólogo/a,28,11100.0,Baja
2290,Licenciatura,Informal,Chofer transportista,41,17300.0,Media
2291,Licenciatura,Manufactura,Kinesiólogo/a,34,11300.0,Baja
2292,Básica,Comercio,Kinesiólogo/a,38,8500.0,Baja
2293,Licenciatura,Informal,Óptico,38,8500.0,Baja
2294,Licenciatura,Manufactura,Fumigador,42,23000.0,Media
2295,Licenciatura,Finanzas,Cerrajero,37,9500.0,Baja
2296,Básica,Manufactura,Cajero,58,17600.0,Media
2297,Media Superior,Informal,Telefonista,20,8500.0,Baja
2298,Licenciatura,Gobierno,Kinesiólogo/a,33,15100.0,Media
2299,Media Superior,Finanzas,Traductor/a,45,15600.0,Media
2300,Media Superior,Comercio,Cocinero,32,8500.0,Baja
2301,Licenciatura,Construcción,Obrero,29,8500.0,Baja
2302,Licenciatura,Informal,Herrero,50,8500.0,Baja
2303,Posgrado,Servicios,Afilador,38,20100.0,Media
2304,Básica,Construcción,Lavandero,37,10600.0,Baja
2305,Licenciatura,Servicios,Vigilante,46,19800.0,Media
2306,Licenciatura,Servicios,Panadero,20,8800.0,Baja
2307,Media Superior,Comercio,Cerrajero,24,8900.0,Baja
2308,Licenciatura,Servicios,Periodista,25,16000.0,Media
2309,Posgrado,Comercio,Escultor,35,22800.0,Media
2310,Licenciatura,Gobierno,Lechero,52,20100.0,Media
2311,Media Superior,Comercio,Escritor,52,18100.0,Media
2312,Licenciatura,Gobierno,Psicólogo/a,36,19200.0,Media
2313,Media Superior,Construcción,Meteorólogo/a,40,17700.0,Media
2314,Media Superior,Gobierno,Abogado/a,21,8500.0,Baja
2315,Licenciatura,Gobierno,Pintor,23,13000.0,Baja
2316,Licenciatura,Manufactura,Lutier,51,13900.0,Baja
2317,Media Superior,Servicios,Repartidor,42,16700.0,Media
2318,Posgrado,Comercio,Programador,39,14600.0,Baja
2319,Media Superior,Informal,Relojero,23,8500.0,Baja
2320,Media Superior,Servicios,Profesor/a,59,29900.0,Media
2321,Posgrado,Servicios,Periodista,50,31500.0,Media
2322,Licenciatura,Comercio,Leñador,23,8500.0,Baja
2323,Posgrado,Finanzas,Médico/a cirujano/a,59,47700.0,Alta
2324,Licenciatura,Informal,Biólogo/a,50,16400.0,Media
2325,Licenciatura,Manufactura,Técnico/a de sonido,27,14800.0,Baja
2326,Básica,Comercio,Lingüista,26,8500.0,Baja
2327,Media Superior,Construcción,Obrero,37,8500.0,Baja
2328,Media Superior,Construcción,Herrero,23,8500.0,Baja
2329,Licenciatura,Informal,Actuario/a,50,25600.0,Media
2330,Media Superior,Comercio,Geógrafo/a,38,8500.0,Baja
2331,Media Superior,Gobierno,Mecánico,58,26000.0,Media
2332,Posgrado,Servicios,Pintor,55,28100.0,Media
2333,Básica,Gobierno,Farmacólogo/a,49,13300.0,Baja
2334,Licenciatura,Gobierno,Repartidor,47,19100.0,Media
2335,Media Superior,Construcción,Ingeniero/a,31,21700.0,Media
2336,Licenciatura,Finanzas,Músico/a,54,30400.0,Media
2337,Media Superior,Gobierno,Administrador/a,50,19600.0,Media
2338,Media Superior,Finanzas,Matemático/a,54,26000.0,Media
2339,Básica,Informal,Historiador/a,26,13400.0,Baja
2340,Media Superior,Comercio,Carpintero,28,8500.0,Baja
2341,Licenciatura,Manufactura,Contador/a,29,15800.0,Media
2342,Básica,Comercio,Geógrafo/a,57,17200.0,Media
2343,Licenciatura,Servicios,Pescador,52,25300.0,Media
2344,Licenciatura,Informal,Soldador,49,11700.0,Baja
2345,Media Superior,Manufactura,Actuario/a,31,20000.0,Media
2346,Media Superior,Gobierno,Matemático/a,28,8500.0,Baja
2347,Licenciatura,Servicios,Sastre,55,24300.0,Media
2348,Licenciatura,Gobierno,Camarero,48,18300.0,Media
2349,Básica,Gobierno,Fumigador,29,8500.0,Baja
2350,Media Superior,Gobierno,Herrero,36,14100.0,Baja
2351,Básica,Comercio,Ferretero,26,8500.0,Baja
2352,Licenciatura,Gobierno,Barrendero,36,16200.0,Media
2353,Media Superior,Servicios,Bombero,39,12300.0,Baja
2354,Básica,Construcción,Pintor,21,8500.0,Baja
2355,Básica,Informal,Repartidor,37,8500.0,Baja
2356,Licenciatura,Manufactura,Ferretero,55,20600.0,Media
2357,Posgrado,Informal,Ferretero,40,25100.0,Media
2358,Media Superior,Gobierno,Chofer transportista,25,13000.0,Baja
2359,Media Superior,Informal,Kinesiólogo/a,52,22200.0,Media
2360,Media Superior,Gobierno,Mecánico,38,8500.0,Baja
2361,Posgrado,Servicios,Matemático/a,38,18500.0,Media
2362,Licenciatura,Construcción,Ingeniero/a,47,21500.0,Media
2363,Media Superior,Servicios,Técnico/a de sonido,21,8500.0,Baja
2364,Básica,Construcción,Chofer transportista,39,8500.0,Baja
2365,Media Superior,Servicios,Administrador/a,54,19800.0,Media
2366,Media Superior,Manufactura,Telefonista,40,14600.0,Baja
2367,Media Superior,Comercio,Músico/a,53,12100.0,Baja
2368,Licenciatura,Finanzas,Abogado/a,57,27500.0,Media
2369,Media Superior,Finanzas,Psicólogo/a,22,12300.0,Baja
2370,Licenciatura,Manufactura,Camarero,59,18200.0,Media
2371,Media Superior,Manufactura,Cajero,45,8500.0,Baja
2372,Licenciatura,Informal,Óptico,49,8500.0,Baja
2373,Licenciatura,Informal,Lavandero,25,12500.0,Baja
2374,Licenciatura,Informal,Mecánico,52,17800.0,Media
2375,Licenciatura,Construcción,Lechero,45,8900.0,Baja
2376,Licenciatura,Gobierno,Escultor,31,10900.0,Baja
2377,Básica,Servicios,Economista,59,27100.0,Media
2378,Media Superior,Comercio,Mecánico,51,8500.0,Baja
2379,Licenciatura,Gobierno,Panadero,44,26400.0,Media
2380,Licenciatura,Construcción,Agricultor,48,19700.0,Media
2381,Licenciatura,Manufactura,Repartidor,22,8500.0,Baja
2382,Licenciatura,Finanzas,Frutero,28,9300.0,Baja
2383,Posgrado,Servicios,Químico/a,49,29800.0,Media
2384,Licenciatura,Gobierno,Pastor,40,17600.0,Media
2385,Media Superior,Servicios,Abogado/a,53,26000.0,Media
2386,Media Superior,Servicios,Jardinero,48,12600.0,Baja
2387,Posgrado,Construcción,Joyero,38,30500.0,Media
2388,Media Superior,Servicios,Cocinero,34,14400.0,Baja
2389,Licenciatura,Construcción,Animador,26,8500.0,Baja
2390,Posgrado,Finanzas,Actuario/a,47,33300.0,Media
2391,Básica,Informal,Relojero,22,8500.0,Baja
2392,Licenciatura,Informal,Músico/a,38,15400.0,Media
2393,Básica,Finanzas,Físico/a,59,20300.0,Media
2394,Licenciatura,Comercio,Albañil,20,14600.0,Baja
2395,Media Superior,Informal,Periodista,57,14100.0,Baja
2396,Posgrado,Finanzas,Diseñador/a gráfico,41,21600.0,Media
2397,Media Superior,Informal,Barrendero,50,11200.0,Baja
2398,Básica,Servicios,Agricultor,49,17900.0,Media
2399,Básica,Informal,Paleontólogo/a,40,16000.0,Media
2400,Básica,Finanzas,Pescador,24,14000.0,Baja
2401,Licenciatura,Gobierno,Relojero,41,22200.0,Media
2402,Media Superior,Informal,Médico/a cirujano/a,51,23200.0,Media
2403,Básica,Gobierno,Chofer transportista,31,10900.0,Baja
2404,Media Superior,Servicios,Bombero,45,12200.0,Baja
2405,Media Superior,Gobierno,Apicultor,59,17400.0,Media
2406,Licenciatura,Gobierno,Herrero,21,8500.0,Baja
2407,Licenciatura,Comercio,Escultor,45,11300.0,Baja
2408,Básica,Comercio,Bibliotecario/a,43,20000.0,Media
2409,Media Superior,Informal,Ingeniero/a,29,9000.0,Baja
2410,Licenciatura,Manufactura,Programador,38,15000.0,Media
2411,Posgrado,Servicios,Desarrollador/a web,49,27400.0,Media
2412,Básica,Manufactura,Barrendero,26,8500.0,Baja
2413,Licenciatura,Manufactura,Carpintero,24,8500.0,Baja
2414,Licenciatura,Manufactura,Profesor/a,27,13400.0,Baja
2415,Media Superior,Manufactura,Panadero,44,11900.0,Baja
2416,Básica,Informal,Fumigador,34,9700.0,Baja
2417,Básica,Servicios,Pescador,57,24200.0,Media
2418,Posgrado,Finanzas,Cajero,46,20500.0,Media
2419,Media Superior,Manufactura,Sastre,40,8500.0,Baja
2420,Licenciatura,Informal,Filólogo/a,58,20400.0,Media
2421,Posgrado,Gobierno,Pintor,58,26500.0,Media
2422,Posgrado,Manufactura,Farmacólogo/a,37,20700.0,Media
2423,Media Superior,Gobierno,Camarero,59,25000.0,Media
2424,Básica,Comercio,Soldador,37,8500.0,Baja
2425,Licenciatura,Manufactura,Telefonista,35,10100.0,Baja
2426,Posgrado,Informal,Periodista,43,16500.0,Media
2427,Licenciatura,Informal,Guardabosques,38,8700.0,Baja
2428,Básica,Comercio,Soldador,23,8500.0,Baja
2429,Básica,Finanzas,Guardabosques,46,21100.0,Media
2430,Básica,Servicios,Albañil,43,19900.0,Media
2431,Posgrado,Construcción,Psicólogo/a,44,22800.0,Media
2432,Licenciatura,Gobierno,Radiólogo/a,54,25400.0,Media
2433,Licenciatura,Informal,Relojero,47,19900.0,Media
2434,Media Superior,Finanzas,Agricultor,24,8500.0,Baja
2435,Media Superior,Servicios,Mecánico,30,8500.0,Baja
2436,Media Superior,Informal,Animador,58,11600.0,Baja
2437,Media Superior,Manufactura,Radiólogo/a,20,8500.0,Baja
2438,Licenciatura,Informal,Imprentero,57,11200.0,Baja
2439,Básica,Manufactura,Mecánico,52,10300.0,Baja
2440,Básica,Construcción,Zapatero,59,8500.0,Baja
2441,Básica,Servicios,Técnico/a de sonido,44,8900.0,Baja
2442,Básica,Manufactura,Ferretero,25,16100.0,Media
2443,Media Superior,Servicios,Meteorólogo/a,27,14200.0,Baja
2444,Licenciatura,Informal,Peluquero,36,14700.0,Baja
2445,Media Superior,Informal,Radiólogo/a,36,8800.0,Baja
2446,Licenciatura,Manufactura,Pastor,27,8800.0,Baja
2447,Media Superior,Gobierno,Biólogo/a,51,15400.0,Media
2448,Licenciatura,Construcción,Desarrollador/a web,41,12700.0,Baja
2449,Posgrado,Servicios,Soldador,55,26600.0,Media
2450,Licenciatura,Manufactura,Animador,48,22100.0,Media
2451,Licenciatura,Servicios,Matemático/a,29,14200.0,Baja
2452,Básica,Comercio,Escultor,57,10200.0,Baja
2453,Licenciatura,Gobierno,Animador,45,9200.0,Baja
2454,Media Superior,Finanzas,Profesor/a,20,13100.0,Baja
2455,Media Superior,Comercio,Músico/a,44,12100.0,Baja
2456,Licenciatura,Servicios,Diseñador/a gráfico,47,34700.0,Media
2457,Licenciatura,Comercio,Repartidor,26,10100.0,Baja
2458,Media Superior,Informal,Técnico/a de sonido,36,13300.0,Baja
2459,Licenciatura,Gobierno,Físico/a,24,11500.0,Baja
2460,Licenciatura,Informal,Telefonista,41,14300.0,Baja
2461,Media Superior,Informal,Camarero,27,9600.0,Baja
2462,Posgrado,Comercio,Artesano,24,10900.0,Baja
2463,Posgrado,Informal,Biólogo/a,28,8500.0,Baja
2464,Posgrado,Informal,Jardinero,44,13300.0,Baja
2465,Licenciatura,Construcción,Artesano,38,24200.0,Media
2466,Posgrado,Gobierno,Lingüista,26,26100.0,Media
2467,Media Superior,Finanzas,Leñador,42,13300.0,Baja
2468,Licenciatura,Comercio,Obrero,49,12100.0,Baja
2469,Media Superior,Informal,Panadero,42,9200.0,Baja
2470,Posgrado,Gobierno,Farmacólogo/a,47,24200.0,Media
2471,Licenciatura,Servicios,Físico/a,46,24400.0,Media
2472,Licenciatura,Servicios,Imprentero,38,15300.0,Media
2473,Posgrado,Servicios,Desarrollador/a web,51,27200.0,Media
2474,Básica,Gobierno,Físico/a,28,14700.0,Baja
2475,Licenciatura,Comercio,Peluquero,43,11800.0,Baja
2476,Posgrado,Finanzas,Bibliotecario/a,54,25400.0,Media
2477,Licenciatura,Gobierno,Óptico,30,18500.0,Media
2478,Licenciatura,Gobierno,Abogado/a,25,11700.0,Baja
2479,Licenciatura,Finanzas,Lechero,37,25300.0,Media
2480,Básica,Servicios,Kinesiólogo/a,29,13500.0,Baja
2481,Licenciatura,Servicios,Artesano,37,8500.0,Baja
2482,Media Superior,Servicios,Desarrollador/a web,29,14700.0,Baja
2483,Licenciatura,Construcción,Panadero,45,18100.0,Media
2484,Licenciatura,Comercio,Pintor,48,18300.0,Media
2485,Licenciatura,Finanzas,Óptico,32,18300.0,Media
2486,Media Superior,Manufactura,Mecánico,37,8500.0,Baja
2487,Posgrado,Construcción,Paleontólogo/a,32,27400.0,Media
2488,Básica,Manufactura,Bibliotecario/a,21,10000.0,Baja
2489,Media Superior,Comercio,Psicoanalista,22,14200.0,Baja
2490,Licenciatura,Manufactura,Filólogo/a,40,20200.0,Media
2491,Licenciatura,Servicios,Diseñador/a gráfico,21,8500.0,Baja
2492,Media Superior,Construcción,Afilador,45,11400.0,Baja
2493,Licenciatura,Manufactura,Matemático/a,59,22500.0,Media
2494,Licenciatura,Manufactura,Técnico/a de sonido,34,19400.0,Media
2495,Posgrado,Servicios,Médico/a cirujano/a,26,18400.0,Media
2496,Licenciatura,Informal,Peletero,41,19900.0,Media
2497,Media Superior,Comercio,Psicólogo/a,33,8500.0,Baja
2498,Licenciatura,Manufactura,Químico/a,54,23200.0,Media
2499,Media Superior,Servicios,Mecánico,22,8500.0,Baja
2500,Licenciatura,Informal,Cerrajero,46,19100.0,Media
2501,Básica,Informal,Enfermero/a,25,10600.0,Baja
2502,Posgrado,Manufactura,Escultor,48,22500.0,Media
2503,Posgrado,Manufactura,Barbero,46,24100.0,Media
2504,Posgrado,Finanzas,Imprentero,27,15000.0,Media
2505,Media Superior,Informal,Relojero,54,16600.0,Media
2506,Posgrado,Manufactura,Físico/a,38,15000.0,Media
2507,Licenciatura,Gobierno,Actuario/a,27,13800.0,Baja
2508,Media Superior,Manufactura,Enfermero/a,20,8500.0,Baja
2509,Licenciatura,Gobierno,Paleontólogo/a,25,10400.0,Baja
2510,Media Superior,Manufactura,Físico/a,56,24100.0,Media
2511,Media Superior,Gobierno,Panadero,38,11800.0,Baja
2512,Media Superior,Construcción,Ferretero,37,14000.0,Baja
2513,Posgrado,Servicios,Fumigador,51,30100.0,Media
2514,Media Superior,Servicios,Bombero,39,13400.0,Baja
2515,Posgrado,Comercio,Lingüista,57,21700.0,Media
2516,Licenciatura,Informal,Peletero,33,13300.0,Baja
2517,Licenciatura,Informal,Agricultor,37,8500.0,Baja
2518,Licenciatura,Construcción,Médico/a cirujano/a,20,13000.0,Baja
2519,Básica,Manufactura,Repartidor,57,14200.0,Baja
2520,Licenciatura,Gobierno,Meteorólogo/a,53,20400.0,Media
2521,Posgrado,Informal,Físico/a,41,19000.0,Media
2522,Media Superior,Finanzas,Meteorólogo/a,42,16200.0,Media
2523,Licenciatura,Finanzas,Carnicero,22,8500.0,Baja
2524,Media Superior,Gobierno,Lechero,27,8500.0,Baja
2525,Media Superior,Informal,Técnico/a de sonido,22,8600.0,Baja
2526,Básica,Construcción,Veterinario/a,38,16500.0,Media
2527,Media Superior,Manufactura,Psicólogo/a,28,8500.0,Baja
2528,Media Superior,Finanzas,Jardinero,53,23900.0,Media
2529,Media Superior,Servicios,Imprentero,28,10300.0,Baja
2530,Licenciatura,Finanzas,Lavandero,37,20500.0,Media
2531,Media Superior,Servicios,Barrendero,31,8500.0,Baja
2532,Básica,Gobierno,Carnicero,41,8500.0,Baja
2533,Licenciatura,Informal,Fumigador,44,8500.0,Baja
2534,Básica,Comercio,Técnico/a de sonido,39,11000.0,Baja
2535,Media Superior,Gobierno,Técnico/a de sonido,26,20000.0,Media
2536,Básica,Informal,Administrador/a,34,14400.0,Baja
2537,Media Superior,Finanzas,Programador,57,24000.0,Media
2538,Básica,Manufactura,Profesor/a,33,13800.0,Baja
2539,Básica,Gobierno,Profesor/a,36,13700.0,Baja
2540,Licenciatura,Construcción,Telefonista,20,8500.0,Baja
2541,Básica,Comercio,Herrero,25,9100.0,Baja
2542,Básica,Informal,Vigilante,33,8500.0,Baja
2543,Posgrado,Gobierno,Diseñador/a gráfico,58,35900.0,Alta
2544,Básica,Gobierno,Cerrajero,50,16500.0,Media
2545,Licenciatura,Comercio,Filólogo/a,34,10600.0,Baja
2546,Licenciatura,Servicios,Técnico/a de sonido,41,18600.0,Media
2547,Posgrado,Finanzas,Obrero,40,30600.0,Media
2548,Básica,Finanzas,Lavandero,43,19500.0,Media
2549,Media Superior,Informal,Paleontólogo/a,51,31000.0,Media
2550,Licenciatura,Informal,Técnico/a de sonido,36,18200.0,Media
2551,Básica,Gobierno,Frutero,59,26000.0,Media
2552,Licenciatura,Servicios,Escultor,35,8700.0,Baja
2553,Licenciatura,Manufactura,Kinesiólogo/a,21,10900.0,Baja
2554,Media Superior,Gobierno,Vigilante,36,18700.0,Media
2555,Media Superior,Finanzas,Repartidor,59,21300.0,Media
2556,Media Superior,Manufactura,Administrador/a,43,8800.0,Baja
2557,Posgrado,Informal,Afilador,29,12100.0,Baja
2558,Básica,Gobierno,Kinesiólogo/a,53,15200.0,Media
2559,Licenciatura,Gobierno,Apicultor,52,16900.0,Media
2560,Licenciatura,Finanzas,Artesano,40,18900.0,Media
2561,Posgrado,Finanzas,Zapatero,56,28800.0,Media
2562,Licenciatura,Servicios,Actuario/a,56,27300.0,Media
2563,Licenciatura,Comercio,Zapatero,49,20100.0,Media
2564,Media Superior,Informal,Arquitecto/a,41,12400.0,Baja
2565,Básica,Comercio,Obrero,52,15800.0,Media
2566,Licenciatura,Manufactura,Carnicero,36,8500.0,Baja
2567,Licenciatura,Manufactura,Afilador,59,27800.0,Media
2568,Licenciatura,Informal,Músico/a,48,12300.0,Baja
2569,Licenciatura,Gobierno,Cocinero,26,11600.0,Baja
2570,Media Superior,Manufactura,Óptico,35,10600.0,Baja
2571,Media Superior,Finanzas,Biólogo/a,55,27600.0,Media
2572,Media Superior,Construcción,Imprentero,55,9900.0,Baja
2573,Media Superior,Finanzas,Obrero,39,17200.0,Media
2574,Posgrado,Manufactura,Telefonista,37,20000.0,Media
2575,Licenciatura,Informal,Barrendero,26,8500.0,Baja
2576,Posgrado,Manufactura,Relojero,26,19100.0,Media
2577,Licenciatura,Comercio,Médico/a cirujano/a,25,8500.0,Baja
2578,Licenciatura,Comercio,Herrero,36,8500.0,Baja
2579,Básica,Comercio,Lutier,36,8500.0,Baja
2580,Licenciatura,Gobierno,Imprentero,30,13000.0,Baja
2581,Licenciatura,Construcción,Lavandero,31,10500.0,Baja
2582,Licenciatura,Servicios,Vendedor,22,8500.0,Baja
2583,Licenciatura,Servicios,Obrero,37,11900.0,Baja
2584,Media Superior,Finanzas,Músico/a,28,9300.0,Baja
2585,Básica,Servicios,Filólogo/a,31,17800.0,Media
2586,Básica,Informal,Jardinero,54,18200.0,Media
2587,Licenciatura,Servicios,Lavandero,20,8500.0,Baja
2588,Licenciatura,Servicios,Lavandero,54,26600.0,Media
2589,Licenciatura,Finanzas,Contador/a,29,16600.0,Media
2590,Media Superior,Finanzas,Sastre,24,8500.0,Baja
2591,Posgrado,Construcción,Físico/a,27,23800.0,Media
2592,Media Superior,Construcción,Chofer transportista,33,8500.0,Baja
2593,Básica,Comercio,Ferretero,28,8500.0,Baja
2594,Básica,Comercio,Pintor,45,9700.0,Baja
2595,Licenciatura,Construcción,Biólogo/a,57,27200.0,Media
2596,Posgrado,Servicios,Agricultor,33,11900.0,Baja
2597,Media Superior,Informal,Tornero,45,8500.0,Baja
2598,Media Superior,Comercio,Tornero,25,13600.0,Baja
2599,Media Superior,Construcción,Enfermero/a,57,23600.0,Media
2600,Licenciatura,Manufactura,Peluquero,59,17100.0,Media
2601,Licenciatura,Manufactura,Biólogo/a,36,9300.0,Baja
2602,Licenciatura,Manufactura,Músico/a,32,8500.0,Baja
2603,Licenciatura,Gobierno,Lingüista,22,8500.0,Baja
2604,Licenciatura,Servicios,Tornero,41,9100.0,Baja
2605,Licenciatura,Finanzas,Tornero,38,19800.0,Media
2606,Básica,Finanzas,Programador,49,15100.0,Media
2607,Licenciatura,Servicios,Barbero,36,10300.0,Baja
2608,Licenciatura,Comercio,Apicultor,37,8500.0,Baja
2609,Media Superior,Manufactura,Enfermero/a,35,8800.0,Baja
2610,Licenciatura,Construcción,Maestro,55,12400.0,Baja
2611,Licenciatura,Finanzas,Vigilante,22,8500.0,Baja
2612,Posgrado,Informal,Veterinario/a,33,31700.0,Media
2613,Licenciatura,Construcción,Historiador/a,21,8500.0,Baja
2614,Media Superior,Servicios,Cajero,49,19300.0,Media
2615,Posgrado,Manufactura,Joyero,31,8500.0,Baja
2616,Básica,Finanzas,Pintor,59,21300.0,Media
2617,Licenciatura,Informal,Pescador,23,8500.0,Baja
2618,Básica,Comercio,Mecánico,42,17600.0,Media
2619,Media Superior,Informal,Traductor/a,40,8600.0,Baja
2620,Media Superior,Gobierno,Biólogo/a,23,8500.0,Baja
2621,Licenciatura,Finanzas,Peluquero,40,11900.0,Baja
2622,Licenciatura,Servicios,Imprentero,24,14400.0,Baja
2623,Licenciatura,Servicios,Pastor,40,11300.0,Baja
2624,Licenciatura,Servicios,Apicultor,49,24500.0,Media
2625,Licenciatura,Finanzas,Traductor/a,53,29600.0,Media
2626,Licenciatura,Manufactura,Ferretero,32,13200.0,Baja
2627,Media Superior,Manufactura,Enfermero/a,23,8500.0,Baja
2628,Básica,Construcción,Arquitecto/a,26,9500.0,Baja
2629,Media Superior,Construcción,Carpintero,59,12300.0,Baja
2630,Media Superior,Comercio,Repartidor,42,12700.0,Baja
2631,Licenciatura,Servicios,Bibliotecario/a,34,18600.0,Media
2632,Básica,Manufactura,Albañil,35,9700.0,Baja
2633,Posgrado,Gobierno,Cerrajero,30,15400.0,Media
2634,Básica,Comercio,Médico/a cirujano/a,50,13000.0,Baja
2635,Licenciatura,Comercio,Profesor/a,29,10200.0,Baja
2636,Básica,Comercio,Zapatero,42,22300.0,Media
2637,Básica,Informal,Fumigador,57,8500.0,Baja
2638,Licenciatura,Comercio,Barbero,57,16600.0,Media
2639,Media Superior,Servicios,Telefonista,33,15300.0,Media
2640,Licenciatura,Gobierno,Diseñador/a gráfico,56,31400.0,Media
2641,Licenciatura,Construcción,Psicoanalista,57,25100.0,Media
2642,Media Superior,Servicios,Físico/a,46,23400.0,Media
2643,Media Superior,Finanzas,Lechero,53,13700.0,Baja
2644,Posgrado,Gobierno,Pescador,50,26800.0,Media
2645,Posgrado,Servicios,Tornero,56,33800.0,Media
2646,Posgrado,Servicios,Kinesiólogo/a,23,12000.0,Baja
2647,Licenciatura,Informal,Soldador,38,14400.0,Baja
2648,Media Superior,Gobierno,Repartidor,58,16700.0,Media
2649,Licenciatura,Manufactura,Médico/a cirujano/a,24,8500.0,Baja
2650,Licenciatura,Servicios,Matemático/a,33,19600.0,Media
2651,Licenciatura,Construcción,Arquitecto/a,46,21100.0,Media
2652,Media Superior,Gobierno,Albañil,53,13800.0,Baja
2653,Básica,Gobierno,Químico/a,35,14900.0,Baja
2654,Media Superior,Gobierno,Matemático/a,47,14100.0,Baja
2655,Básica,Gobierno,Frutero,24,8500.0,Baja
2656,Básica,Servicios,Matemático/a,45,20500.0,Media
2657,Básica,Servicios,Escritor,45,18600.0,Media
2658,Media Superior,Gobierno,Pastor,37,14200.0,Baja
2659,Media Superior,Informal,Cajero,32,8500.0,Baja
2660,Licenciatura,Servicios,Bibliotecario/a,33,13400.0,Baja
2661,Media Superior,Comercio,Lavandero,24,8500.0,Baja
2662,Posgrado,Finanzas,Artesano,25,13800.0,Baja
2663,Media Superior,Informal,Vendedor,33,8500.0,Baja
2664,Media Superior,Finanzas,Fumigador,41,15400.0,Media
2665,Básica,Gobierno,Meteorólogo/a,47,15000.0,Media
2666,Básica,Servicios,Físico/a,34,19300.0,Media
2667,Media Superior,Finanzas,Telefonista,57,21600.0,Media
2668,Media Superior,Finanzas,Pescador,27,9600.0,Baja
2669,Licenciatura,Servicios,Cocinero,28,11500.0,Baja
2670,Licenciatura,Construcción,Filólogo/a,30,15400.0,Media
2671,Licenciatura,Construcción,Lutier,29,12900.0,Baja
2672,Licenciatura,Gobierno,Técnico/a de sonido,53,22100.0,Media
2673,Licenciatura,Manufactura,Actuario/a,58,30400.0,Media
2674,Media Superior,Servicios,Programador,26,8500.0,Baja
2675,Licenciatura,Comercio,Camarero,28,10000.0,Baja
2676,Básica,Finanzas,Enfermero/a,57,24500.0,Media
2677,Licenciatura,Gobierno,Filólogo/a,36,16100.0,Media
2678,Básica,Informal,Kinesiólogo/a,32,8500.0,Baja
2679,Media Superior,Informal,Peluquero,43,8500.0,Baja
2680,Licenciatura,Informal,Carpintero,24,8500.0,Baja
2681,Licenciatura,Comercio,Veterinario/a,38,26300.0,Media
2682,Licenciatura,Servicios,Escritor,43,17000.0,Media
2683,Licenciatura,Servicios,Diseñador/a gráfico,56,31000.0,Media
2684,Licenciatura,Servicios,Maestro,51,21900.0,Media
2685,Básica,Gobierno,Actuario/a,55,24100.0,Media
2686,Media Superior,Servicios,Historiador/a,56,24400.0,Media
2687,Media Superior,Servicios,Jardinero,54,21500.0,Media
2688,Posgrado,Informal,Telefonista,42,8500.0,Baja
2689,Licenciatura,Servicios,Lingüista,20,12300.0,Baja
2690,Básica,Comercio,Bibliotecario/a,40,8500.0,Baja
2691,Básica,Comercio,Panadero,46,8500.0,Baja
2692,Licenciatura,Gobierno,Farmacólogo/a,28,11900.0,Baja
2693,Media Superior,Gobierno,Meteorólogo/a,35,13500.0,Baja
2694,Posgrado,Construcción,Administrador/a,40,17800.0,Media
2695,Licenciatura,Manufactura,Zapatero,40,8500.0,Baja
2696,Licenciatura,Gobierno,Camarero,49,21000.0,Media
2697,Licenciatura,Servicios,Meteorólogo/a,32,13600.0,Baja
2698,Licenciatura,Construcción,Imprentero,55,13900.0,Baja
2699,Media Superior,Manufactura,Vendedor,57,8800.0,Baja
2700,Media Superior,Manufactura,Carpintero,43,9800.0,Baja
2701,Media Superior,Manufactura,Frutero,24,8500.0,Baja
2702,Licenciatura,Servicios,Bibliotecario/a,26,16600.0,Media
2703,Licenciatura,Manufactura,Ingeniero/a,52,21300.0,Media
2704,Posgrado,Gobierno,Actuario/a,50,33200.0,Media
2705,Media Superior,Manufactura,Pintor,37,8500.0,Baja
2706,Media Superior,Gobierno,Obrero,33,12000.0,Baja
2707,Básica,Manufactura,Fumigador,39,13700.0,Baja
2708,Básica,Comercio,Herrero,51,13600.0,Baja
2709,Licenciatura,Finanzas,Leñador,51,11800.0,Baja
2710,Licenciatura,Finanzas,Agricultor,51,25100.0,Media
2711,Media Superior,Informal,Psicólogo/a,52,24200.0,Media
2712,Licenciatura,Gobierno,Herrero,53,20500.0,Media
2713,Licenciatura,Informal,Ferretero,28,9600.0,Baja
2714,Media Superior,Servicios,Desarrollador/a web,26,9600.0,Baja
2715,Media Superior,Construcción,Apicultor,55,26500.0,Media
2716,Licenciatura,Construcción,Actuario/a,31,8500.0,Baja
2717,Licenciatura,Servicios,Contador/a,47,22400.0,Media
2718,Licenciatura,Informal,Periodista,58,13500.0,Baja
2719,Media Superior,Informal,Telefonista,32,8500.0,Baja
2720,Licenciatura,Gobierno,Sastre,48,24900.0,Media
2721,Posgrado,Informal,Barbero,25,14200.0,Baja
2722,Posgrado,Comercio,Farmacólogo/a,40,16100.0,Media
2723,Licenciatura,Informal,Soldador,34,8500.0,Baja
2724,Licenciatura,Manufactura,Artesano,52,16200.0,Media
2725,Licenciatura,Gobierno,Mecánico,23,8600.0,Baja
2726,Básica,Informal,Vigilante,45,11700.0,Baja
2727,Media Superior,Gobierno,Barbero,31,8500.0,Baja
2728,Media Superior,Manufactura,Pintor,21,8500.0,Baja
2729,Básica,Comercio,Geógrafo/a,31,8500.0,Baja
2730,Licenciatura,Manufactura,Kinesiólogo/a,59,29300.0,Media
2731,Media Superior,Servicios,Ferretero,55,19700.0,Media
2732,Básica,Comercio,Herrero,33,12700.0,Baja
2733,Media Superior,Servicios,Enfermero/a,32,10800.0,Baja
2734,Básica,Finanzas,Meteorólogo/a,53,21800.0,Media
2735,Licenciatura,Finanzas,Farmacólogo/a,24,16100.0,Media
2736,Básica,Servicios,Actuario/a,40,13500.0,Baja
2737,Posgrado,Informal,Actuario/a,47,32300.0,Media
2738,Básica,Comercio,Ingeniero/a,32,8500.0,Baja
2739,Posgrado,Gobierno,Técnico/a de sonido,39,20500.0,Media
2740,Básica,Informal,Profesor/a,36,12200.0,Baja
2741,Media Superior,Informal,Arquitecto/a,25,11600.0,Baja
2742,Licenciatura,Comercio,Historiador/a,20,11100.0,Baja
2743,Básica,Construcción,Historiador/a,43,19100.0,Media
2744,Licenciatura,Gobierno,Farmacólogo/a,58,25200.0,Media
2745,Licenciatura,Finanzas,Matemático/a,45,28400.0,Media
2746,Básica,Finanzas,Cajero,20,8900.0,Baja
2747,Media Superior,Manufactura,Imprentero,33,11000.0,Baja
2748,Media Superior,Gobierno,Fumigador,51,14900.0,Baja
2749,Licenciatura,Servicios,Contador/a,24,8500.0,Baja
2750,Licenciatura,Construcción,Abogado/a,51,26400.0,Media
2751,Media Superior,Construcción,Fontanero o plomero,49,16200.0,Media
2752,Media Superior,Construcción,Psicólogo/a,23,8500.0,Baja
2753,Posgrado,Manufactura,Actuario/a,56,27500.0,Media
2754,Licenciatura,Manufactura,Economista,34,17800.0,Media
2755,Básica,Gobierno,Ferretero,55,14700.0,Baja
2756,Básica,Comercio,Joyero,31,8500.0,Baja
2757,Media Superior,Manufactura,Kinesiólogo/a,35,14700.0,Baja
2758,Posgrado,Servicios,Panadero,23,13100.0,Baja
2759,Básica,Finanzas,Frutero,46,16800.0,Media
2760,Básica,Gobierno,Abogado/a,22,10900.0,Baja
2761,Licenciatura,Construcción,Fumigador,55,15100.0,Media
2762,Básica,Comercio,Enfermero/a,40,16000.0,Media
2763,Básica,Construcción,Administrador/a,27,9800.0,Baja
2764,Básica,Construcción,Tornero,58,19300.0,Media
2765,Licenciatura,Manufactura,Matemático/a,39,11200.0,Baja
2766,Media Superior,Servicios,Chofer transportista,48,12300.0,Baja
2767,Media Superior,Gobierno,Pintor,53,26700.0,Media
2768,Licenciatura,Comercio,Lutier,57,22100.0,Media
2769,Básica,Servicios,Peluquero,58,11600.0,Baja
2770,Básica,Gobierno,Enfermero/a,34,20000.0,Media
2771,Media Superior,Construcción,Repartidor,30,8500.0,Baja
2772,Básica,Finanzas,Lingüista,24,8500.0,Baja
2773,Media Superior,Comercio,Herrero,32,8600.0,Baja
2774,Posgrado,Comercio,Apicultor,54,14600.0,Baja
2775,Licenciatura,Informal,Músico/a,52,17900.0,Media
2776,Media Superior,Comercio,Actuario/a,26,11000.0,Baja
2777,Posgrado,Construcción,Barrendero,36,8500.0,Baja
2778,Posgrado,Informal,Médico/a cirujano/a,54,26800.0,Media
2779,Media Superior,Construcción,Kinesiólogo/a,49,24100.0,Media
2780,Media Superior,Manufactura,Lingüista,33,17400.0,Media
2781,Media Superior,Servicios,Bibliotecario/a,33,14000.0,Baja
2782,Licenciatura,Informal,Paleontólogo/a,34,14800.0,Baja
2783,Licenciatura,Informal,Panadero,49,21100.0,Media
2784,Posgrado,Construcción,Afilador,47,19400.0,Media
2785,Media Superior,Informal,Lingüista,50,18200.0,Media
2786,Posgrado,Informal,Óptico,25,11100.0,Baja
2787,Básica,Informal,Zapatero,36,8500.0,Baja
2788,Media Superior,Gobierno,Albañil,22,8500.0,Baja
2789,Licenciatura,Servicios,Jardinero,22,8500.0,Baja
2790,Licenciatura,Informal,Artesano,44,22900.0,Media
2791,Licenciatura,Finanzas,Lavandero,24,15600.0,Media
2792,Básica,Manufactura,Guardabosques,23,8500.0,Baja
2793,Licenciatura,Comercio,Chofer transportista,35,8500.0,Baja
2794,Media Superior,Construcción,Desarrollador/a web,25,8500.0,Baja
2795,Licenciatura,Comercio,Afilador,47,15300.0,Media
2796,Básica,Finanzas,Lutier,33,15400.0,Media
2797,Licenciatura,Servicios,Administrador/a,46,15500.0,Media
2798,Licenciatura,Finanzas,Arquitecto/a,32,13300.0,Baja
2799,Posgrado,Servicios,Lechero,37,17700.0,Media
2800,Licenciatura,Manufactura,Óptico,40,22000.0,Media
2801,Licenciatura,Construcción,Traductor/a,29,21800.0,Media
2802,Media Superior,Manufactura,Zapatero,46,10200.0,Baja
2803,Licenciatura,Construcción,Psicoanalista,25,14500.0,Baja
2804,Media Superior,Manufactura,Farmacólogo/a,45,11800.0,Baja
2805,Licenciatura,Servicios,Administrador/a,37,10800.0,Baja
2806,Posgrado,Gobierno,Apicultor,38,18800.0,Media
2807,Posgrado,Servicios,Joyero,23,8500.0,Baja
2808,Licenciatura,Construcción,Tornero,54,25700.0,Media
2809,Media Superior,Construcción,Programador,48,14300.0,Baja
2810,Básica,Gobierno,Psicólogo/a,55,19600.0,Media
2811,Licenciatura,Construcción,Biólogo/a,57,18800.0,Media
2812,Licenciatura,Manufactura,Ferretero,20,8500.0,Baja
2813,Licenciatura,Construcción,Diseñador/a gráfico,42,26500.0,Media
2814,Licenciatura,Construcción,Pastor,48,8500.0,Baja
2815,Posgrado,Manufactura,Farmacólogo/a,44,26500.0,Media
2816,Licenciatura,Informal,Carnicero,37,14600.0,Baja
2817,Media Superior,Comercio,Tornero,59,17200.0,Media
2818,Posgrado,Gobierno,Sastre,29,11500.0,Baja
2819,Licenciatura,Servicios,Escultor,35,8500.0,Baja
2820,Licenciatura,Construcción,Óptico,57,22000.0,Media
2821,Media Superior,Comercio,Bombero,29,8500.0,Baja
2822,Media Superior,Comercio,Farmacólogo/a,35,13100.0,Baja
2823,Media Superior,Gobierno,Albañil,28,8500.0,Baja
2824,Licenciatura,Construcción,Herrero,50,11600.0,Baja
2825,Básica,Gobierno,Apicultor,55,24100.0,Media
2826,Básica,Servicios,Vigilante,54,16400.0,Media
2827,Media Superior,Comercio,Barrendero,50,17400.0,Media
2828,Básica,Servicios,Cajero,50,12500.0,Baja
2829,Licenciatura,Informal,Peluquero,59,15800.0,Media
2830,Licenciatura,Informal,Pescador,22,8500.0,Baja
2831,Media Superior,Construcción,Cocinero,51,15000.0,Media
2832,Básica,Manufactura,Abogado/a,27,12800.0,Baja
2833,Licenciatura,Construcción,Geógrafo/a,47,10400.0,Baja
2834,Licenciatura,Construcción,Enfermero/a,38,11700.0,Baja
2835,Media Superior,Gobierno,Peluquero,40,13300.0,Baja
2836,Licenciatura,Informal,Técnico/a de sonido,52,18800.0,Media
2837,Licenciatura,Gobierno,Arquitecto/a,37,25100.0,Media
2838,Licenciatura,Construcción,Sastre,54,14200.0,Baja
2839,Licenciatura,Servicios,Cocinero,48,8500.0,Baja
2840,Media Superior,Gobierno,Telefonista,54,17700.0,Media
2841,Media Superior,Informal,Camarero,33,8900.0,Baja
2842,Licenciatura,Finanzas,Carpintero,52,29900.0,Media
2843,Media Superior,Servicios,Fumigador,25,8500.0,Baja
2844,Básica,Manufactura,Geógrafo/a,51,18100.0,Media
2845,Media Superior,Manufactura,Kinesiólogo/a,23,8500.0,Baja
2846,Básica,Servicios,Biólogo/a,57,22600.0,Media
2847,Posgrado,Gobierno,Geógrafo/a,25,8700.0,Baja
2848,Básica,Servicios,Fontanero o plomero,33,11200.0,Baja
2849,Media Superior,Construcción,Obrero,54,23700.0,Media
2850,Licenciatura,Finanzas,Lutier,47,30300.0,Media
2851,Licenciatura,Servicios,Lechero,47,15200.0,Media
2852,Básica,Comercio,Farmacólogo/a,28,8500.0,Baja
2853,Licenciatura,Manufactura,Albañil,48,12500.0,Baja
2854,Licenciatura,Servicios,Traductor/a,46,22300.0,Media
2855,Licenciatura,Informal,Repartidor,22,8500.0,Baja
2856,Posgrado,Manufactura,Repartidor,55,30400.0,Media
2857,Básica,Informal,Chofer transportista,39,12200.0,Baja
2858,Posgrado,Finanzas,Abogado/a,57,37400.0,Alta
2859,Media Superior,Finanzas,Diseñador/a gráfico,29,12500.0,Baja
2860,Posgrado,Gobierno,Guardabosques,39,23700.0,Media
2861,Básica,Construcción,Apicultor,45,15600.0,Media
2862,Media Superior,Comercio,Peluquero,49,8500.0,Baja
2863,Posgrado,Manufactura,Panadero,47,17200.0,Media
2864,Básica,Construcción,Lutier,36,10600.0,Baja
2865,Licenciatura,Informal,Farmacólogo/a,59,24100.0,Media
2866,Básica,Manufactura,Telefonista,45,8500.0,Baja
2867,Media Superior,Informal,Filólogo/a,21,8500.0,Baja
2868,Licenciatura,Comercio,Actuario/a,51,28500.0,Media
2869,Media Superior,Servicios,Psicólogo/a,25,8500.0,Baja
2870,Licenciatura,Manufactura,Ingeniero/a,36,21400.0,Media
2871,Licenciatura,Servicios,Barrendero,20,8500.0,Baja
2872,Licenciatura,Finanzas,Agricultor,47,23400.0,Media
2873,Licenciatura,Manufactura,Lavandero,57,17800.0,Media
2874,Licenciatura,Comercio,Historiador/a,53,21700.0,Media
2875,Media Superior,Construcción,Camarero,27,23600.0,Media
2876,Media Superior,Servicios,Peluquero,39,15700.0,Media
2877,Licenciatura,Finanzas,Telefonista,57,27100.0,Media
2878,Posgrado,Informal,Lechero,55,20900.0,Media
2879,Básica,Informal,Obrero,21,8500.0,Baja
2880,Media Superior,Comercio,Profesor/a,57,26700.0,Media
2881,Básica,Servicios,Relojero,24,8500.0,Baja
2882,Licenciatura,Comercio,Peluquero,30,8500.0,Baja
2883,Básica,Informal,Ingeniero/a,30,9700.0,Baja
2884,Media Superior,Manufactura,Agricultor,31,8500.0,Baja
2885,Media Superior,Gobierno,Pescador,27,8500.0,Baja
2886,Licenciatura,Finanzas,Kinesiólogo/a,28,8500.0,Baja
2887,Básica,Informal,Enfermero/a,55,11600.0,Baja
2888,Media Superior,Servicios,Carpintero,52,9400.0,Baja
2889,Media Superior,Manufactura,Fumigador,36,8500.0,Baja
2890,Licenciatura,Gobierno,Traductor/a,25,11500.0,Baja
2891,Licenciatura,Servicios,Químico/a,57,23600.0,Media
2892,Licenciatura,Informal,Psicoanalista,33,8500.0,Baja
2893,Licenciatura,Servicios,Vigilante,51,21900.0,Media
2894,Licenciatura,Servicios,Programador,55,21700.0,Media
2895,Media Superior,Manufactura,Músico/a,41,16600.0,Media
2896,Media Superior,Gobierno,Sastre,39,9600.0,Baja
2897,Licenciatura,Manufactura,Cajero,38,8500.0,Baja
2898,Posgrado,Comercio,Abogado/a,48,26800.0,Media
2899,Licenciatura,Servicios,Herrero,29,8500.0,Baja
2900,Licenciatura,Servicios,Actuario/a,59,30700.0,Media
2901,Básica,Manufactura,Pintor,25,8500.0,Baja
2902,Media Superior,Construcción,Artesano,53,14700.0,Baja
2903,Licenciatura,Manufactura,Tornero,28,12100.0,Baja
2904,Básica,Construcción,Apicultor,30,8500.0,Baja
2905,Media Superior,Manufactura,Barrendero,37,15200.0,Media
2906,Licenciatura,Construcción,Kinesiólogo/a,45,22000.0,Media
2907,Básica,Finanzas,Frutero,44,19900.0,Media
2908,Media Superior,Informal,Programador,59,20100.0,Media
2909,Básica,Comercio,Veterinario/a,47,19400.0,Media
2910,Media Superior,Gobierno,Geógrafo/a,22,10300.0,Baja
2911,Licenciatura,Servicios,Paleontólogo/a,32,18600.0,Media
2912,Licenciatura,Construcción,Artesano,46,21500.0,Media
2913,Media Superior,Gobierno,Pescador,40,12400.0,Baja
2914,Licenciatura,Servicios,Cocinero,47,15300.0,Media
2915,Licenciatura,Informal,Pastor,32,8500.0,Baja
2916,Media Superior,Gobierno,Geógrafo/a,43,19600.0,Media
2917,Licenciatura,Gobierno,Arquitecto/a,28,8600.0,Baja
2918,Licenciatura,Comercio,Panadero,54,16200.0,Media
2919,Media Superior,Gobierno,Veterinario/a,48,25800.0,Media
2920,Básica,Comercio,Bibliotecario/a,51,19200.0,Media
2921,Media Superior,Gobierno,Kinesiólogo/a,49,20000.0,Media
2922,Licenciatura,Servicios,Contador/a,36,12800.0,Baja
2923,Licenciatura,Manufactura,Abogado/a,34,15600.0,Media
2924,Básica,Finanzas,Químico/a,23,8500.0,Baja
2925,Básica,Manufactura,Imprentero,27,8500.0,Baja
2926,Licenciatura,Comercio,Meteorólogo/a,22,9000.0,Baja
2927,Media Superior,Comercio,Chofer transportista,48,23700.0,Media
2928,Licenciatura,Informal,Ferretero,25,9000.0,Baja
2929,Posgrado,Gobierno,Psicólogo/a,58,31300.0,Media
2930,Licenciatura,Comercio,Radiólogo/a,55,22100.0,Media
2931,Básica,Comercio,Filólogo/a,51,15600.0,Media
2932,Media Superior,Informal,Contador/a,36,8500.0,Baja
2933,Licenciatura,Servicios,Biólogo/a,26,9100.0,Baja
2934,Media Superior,Gobierno,Escultor,59,11800.0,Baja
2935,Licenciatura,Construcción,Agricultor,58,24800.0,Media
2936,Básica,Finanzas,Actuario/a,31,13900.0,Baja
2937,Licenciatura,Finanzas,Traductor/a,36,10500.0,Baja
2938,Licenciatura,Finanzas,Bibliotecario/a,39,24100.0,Media
2939,Licenciatura,Servicios,Bombero,42,20600.0,Media
2940,Licenciatura,Informal,Obrero,55,18500.0,Media
2941,Licenciatura,Servicios,Telefonista,42,17700.0,Media
2942,Licenciatura,Comercio,Lutier,20,8500.0,Baja
2943,Posgrado,Finanzas,Guardabosques,41,21900.0,Media
2944,Media Superior,Finanzas,Pastor,47,19600.0,Media
2945,Licenciatura,Manufactura,Leñador,35,12400.0,Baja
2946,Media Superior,Informal,Cajero,48,13600.0,Baja
2947,Básica,Gobierno,Arquitecto/a,48,25600.0,Media
2948,Básica,Informal,Mecánico,59,20900.0,Media
2949,Licenciatura,Comercio,Jardinero,56,12900.0,Baja
2950,Básica,Gobierno,Carpintero,31,10000.0,Baja
2951,Licenciatura,Manufactura,Arquitecto/a,59,30200.0,Media
2952,Licenciatura,Construcción,Repartidor,38,18100.0,Media
2953,Básica,Manufactura,Zapatero,23,8800.0,Baja
2954,Media Superior,Servicios,Repartidor,54,15900.0,Media
2955,Licenciatura,Gobierno,Joyero,46,12500.0,Baja
2956,Licenciatura,Informal,Zapatero,38,8500.0,Baja
2957,Licenciatura,Gobierno,Peluquero,29,16500.0,Media
2958,Licenciatura,Servicios,Pintor,47,22500.0,Media
2959,Posgrado,Comercio,Imprentero,37,12400.0,Baja
2960,Básica,Gobierno,Relojero,29,8500.0,Baja
2961,Licenciatura,Comercio,Actuario/a,54,17400.0,Media
2962,Licenciatura,Construcción,Psicólogo/a,46,16700.0,Media
2963,Media Superior,Gobierno,Relojero,20,12600.0,Baja
2964,Media Superior,Comercio,Traductor/a,57,23600.0,Media
2965,Básica,Gobierno,Lavandero,52,12700.0,Baja
2966,Licenciatura,Manufactura,Óptico,53,18700.0,Media
2967,Licenciatura,Servicios,Lechero,54,21300.0,Media
2968,Licenciatura,Finanzas,Afilador,35,10500.0,Baja
2969,Licenciatura,Comercio,Herrero,29,13300.0,Baja
2970,Licenciatura,Comercio,Biólogo/a,48,15400.0,Media
2971,Básica,Servicios,Contador/a,21,8500.0,Baja
2972,Licenciatura,Servicios,Meteorólogo/a,24,10700.0,Baja
2973,Media Superior,Comercio,Ferretero,22,17200.0,Media
2974,Media Superior,Manufactura,Abogado/a,32,17500.0,Media
2975,Licenciatura,Servicios,Programador,32,10000.0,Baja
2976,Media Superior,Gobierno,Maestro,33,12400.0,Baja
2977,Media Superior,Manufactura,Albañil,55,27300.0,Media
2978,Licenciatura,Finanzas,Maestro,30,16600.0,Media
2979,Media Superior,Gobierno,Obrero,35,11600.0,Baja
2980,Media Superior,Servicios,Médico/a cirujano/a,46,20100.0,Media
2981,Posgrado,Finanzas,Lutier,52,24100.0,Media
2982,Básica,Servicios,Pescador,38,8500.0,Baja
2983,Media Superior,Informal,Pastor,53,15900.0,Media
2984,Licenciatura,Informal,Zapatero,30,8500.0,Baja
2985,Licenciatura,Manufactura,Barrendero,51,15600.0,Media
2986,Media Superior,Servicios,Peletero,32,18200.0,Media
2987,Licenciatura,Comercio,Barrendero,40,11900.0,Baja
2988,Media Superior,Gobierno,Mecánico,21,10000.0,Baja
2989,Licenciatura,Servicios,Zapatero,54,26600.0,Media
2990,Licenciatura,Servicios,Historiador/a,37,11500.0,Baja
2991,Licenciatura,Gobierno,Matemático/a,56,25400.0,Media
2992,Media Superior,Servicios,Cocinero,42,8500.0,Baja
2993,Licenciatura,Servicios,Animador,54,16100.0,Media
2994,Licenciatura,Comercio,Ferretero,50,21300.0,Media
2995,Posgrado,Gobierno,Programador,45,30200.0,Media
2996,Licenciatura,Servicios,Psicoanalista,40,22600.0,Media
2997,Licenciatura,Gobierno,Telefonista,41,16800.0,Media
2998,Licenciatura,Comercio,Lingüista,31,9700.0,Baja
2999,Básica,Comercio,Matemático/a,38,12300.0,Baja
3000,Básica,Construcción,Músico/a,28,8500.0,Baja
3001,Licenciatura,Servicios,Soldador,26,14000.0,Baja
3002,Media Superior,Servicios,Radiólogo/a,24,11200.0,Baja
3003,Posgrado,Manufactura,Carpintero,41,21200.0,Media
3004,Media Superior,Gobierno,Veterinario/a,23,14600.0,Baja
3005,Media Superior,Comercio,Óptico,54,20700.0,Media
3006,Media Superior,Gobierno,Barrendero,50,9000.0,Baja
3007,Básica,Servicios,Historiador/a,38,15600.0,Media
3008,Posgrado,Servicios,Apicultor,47,18600.0,Media
3009,Media Superior,Informal,Soldador,21,8500.0,Baja
3010,Básica,Servicios,Fontanero o plomero,58,26700.0,Media
3011,Licenciatura,Informal,Economista,43,10400.0,Baja
3012,Media Superior,Manufactura,Bibliotecario/a,29,8500.0,Baja
3013,Media Superior,Gobierno,Periodista,48,21000.0,Media
3014,Licenciatura,Comercio,Panadero,22,8500.0,Baja
3015,Licenciatura,Servicios,Lechero,27,9700.0,Baja
3016,Media Superior,Manufactura,Soldador,35,16400.0,Media
3017,Licenciatura,Gobierno,Vendedor,34,10000.0,Baja
3018,Licenciatura,Informal,Historiador/a,29,8500.0,Baja
3019,Licenciatura,Manufactura,Ingeniero/a,49,27400.0,Media
3020,Licenciatura,Informal,Historiador/a,48,13500.0,Baja
3021,Licenciatura,Gobierno,Programador,43,18900.0,Media
3022,Posgrado,Gobierno,Matemático/a,36,18600.0,Media
3023,Media Superior,Construcción,Panadero,47,13700.0,Baja
3024,Posgrado,Informal,Abogado/a,50,23100.0,Media
3025,Licenciatura,Servicios,Filólogo/a,34,23100.0,Media
3026,Licenciatura,Gobierno,Frutero,48,20200.0,Media
3027,Posgrado,Gobierno,Traductor/a,42,21300.0,Media
3028,Media Superior,Comercio,Jardinero,54,8500.0,Baja
3029,Licenciatura,Servicios,Chofer transportista,35,13200.0,Baja
3030,Licenciatura,Gobierno,Ingeniero/a,26,12200.0,Baja
3031,Licenciatura,Informal,Telefonista,35,10300.0,Baja
3032,Media Superior,Gobierno,Bombero,56,18500.0,Media
3033,Media Superior,Gobierno,Lavandero,38,10400.0,Baja
3034,Media Superior,Servicios,Actuario/a,59,30600.0,Media
3035,Posgrado,Gobierno,Peletero,49,18400.0,Media
3036,Posgrado,Gobierno,Traductor/a,40,24200.0,Media
3037,Media Superior,Manufactura,Guardabosques,49,13100.0,Baja
3038,Básica,Informal,Médico/a cirujano/a,22,8700.0,Baja
3039,Media Superior,Informal,Veterinario/a,25,10500.0,Baja
3040,Básica,Manufactura,Matemático/a,33,8500.0,Baja
3041,Posgrado,Finanzas,Lutier,25,8500.0,Baja
3042,Licenciatura,Informal,Pescador,41,16400.0,Media
3043,Básica,Construcción,Fumigador,48,8500.0,Baja
3044,Media Superior,Finanzas,Joyero,55,20200.0,Media
3045,Licenciatura,Informal,Fontanero o plomero,38,8500.0,Baja
3046,Media Superior,Servicios,Escultor,45,17600.0,Media
3047,Media Superior,Manufactura,Psicoanalista,43,21500.0,Media
3048,Básica,Servicios,Radiólogo/a,23,8500.0,Baja
3049,Licenciatura,Manufactura,Traductor/a,30,20500.0,Media
3050,Media Superior,Informal,Cerrajero,40,8500.0,Baja
3051,Licenciatura,Servicios,Químico/a,22,15900.0,Media
3052,Básica,Manufactura,Soldador,46,13900.0,Baja
3053,Básica,Servicios,Psicoanalista,56,17600.0,Media
3054,Licenciatura,Servicios,Técnico/a de sonido,47,21100.0,Media
3055,Licenciatura,Manufactura,Lavandero,37,14900.0,Baja
3056,Media Superior,Gobierno,Administrador/a,41,19300.0,Media
3057,Media Superior,Construcción,Lavandero,28,8500.0,Baja
3058,Licenciatura,Manufactura,Geógrafo/a,50,17700.0,Media
3059,Media Superior,Gobierno,Enfermero/a,58,23600.0,Media
3060,Básica,Construcción,Ingeniero/a,59,27000.0,Media
3061,Media Superior,Manufactura,Barbero,33,8800.0,Baja
3062,Licenciatura,Comercio,Traductor/a,50,21800.0,Media
3063,Media Superior,Manufactura,Escritor,20,8500.0,Baja
3064,Licenciatura,Servicios,Vendedor,48,16600.0,Media
3065,Licenciatura,Gobierno,Radiólogo/a,35,19300.0,Media
3066,Licenciatura,Comercio,Jardinero,42,16700.0,Media
3067,Posgrado,Gobierno,Albañil,36,19400.0,Media
3068,Licenciatura,Comercio,Leñador,54,15800.0,Media
3069,Posgrado,Manufactura,Paleontólogo/a,36,22000.0,Media
3070,Licenciatura,Comercio,Kinesiólogo/a,33,16900.0,Media
3071,Media Superior,Finanzas,Artesano,35,10100.0,Baja
3072,Posgrado,Manufactura,Afilador,38,20200.0,Media
3073,Posgrado,Informal,Enfermero/a,51,19500.0,Media
3074,Media Superior,Servicios,Psicoanalista,21,8500.0,Baja
3075,Licenciatura,Finanzas,Telefonista,38,14300.0,Baja
3076,Básica,Gobierno,Telefonista,57,19500.0,Media
3077,Licenciatura,Construcción,Filólogo/a,40,26800.0,Media
3078,Media Superior,Construcción,Leñador,45,8500.0,Baja
3079,Licenciatura,Manufactura,Psicoanalista,59,27300.0,Media
3080,Media Superior,Servicios,Bibliotecario/a,51,12500.0,Baja
3081,Licenciatura,Construcción,Veterinario/a,22,12400.0,Baja
3082,Media Superior,Manufactura,Herrero,20,8500.0,Baja
3083,Media Superior,Construcción,Herrero,29,9100.0,Baja
3084,Licenciatura,Manufactura,Zapatero,53,20600.0,Media
3085,Licenciatura,Informal,Músico/a,26,12700.0,Baja
3086,Básica,Manufactura,Telefonista,30,8500.0,Baja
3087,Media Superior,Comercio,Filólogo/a,25,8500.0,Baja
3088,Básica,Informal,Ingeniero/a,47,11800.0,Baja
3089,Básica,Servicios,Frutero,30,8500.0,Baja
3090,Básica,Finanzas,Farmacólogo/a,55,15800.0,Media
3091,Posgrado,Finanzas,Barbero,30,18200.0,Media
3092,Media Superior,Servicios,Actuario/a,28,27100.0,Media
3093,Básica,Servicios,Traductor/a,54,21100.0,Media
3094,Licenciatura,Comercio,Técnico/a de sonido,30,15100.0,Media
3095,Posgrado,Informal,Leñador,20,8500.0,Baja
3096,Básica,Finanzas,Tornero,49,23600.0,Media
3097,Licenciatura,Informal,Veterinario/a,48,18700.0,Media
3098,Licenciatura,Comercio,Radiólogo/a,54,17300.0,Media
3099,Licenciatura,Servicios,Apicultor,53,19300.0,Media
3100,Licenciatura,Manufactura,Barbero,45,18200.0,Media
3101,Básica,Manufactura,Farmacólogo/a,36,8500.0,Baja
3102,Media Superior,Manufactura,Tornero,56,13800.0,Baja
3103,Licenciatura,Servicios,Radiólogo/a,45,26700.0,Media
3104,Media Superior,Manufactura,Físico/a,40,21500.0,Media
3105,Básica,Comercio,Economista,20,8500.0,Baja
3106,Posgrado,Servicios,Frutero,51,17300.0,Media
3107,Media Superior,Gobierno,Chofer transportista,46,18600.0,Media
3108,Media Superior,Comercio,Tornero,20,8500.0,Baja
3109,Media Superior,Gobierno,Imprentero,30,8500.0,Baja
3110,Licenciatura,Manufactura,Psicoanalista,33,10500.0,Baja
3111,Licenciatura,Finanzas,Fumigador,51,29100.0,Media
3112,Media Superior,Gobierno,Enfermero/a,50,21700.0,Media
3113,Licenciatura,Informal,Lutier,33,8500.0,Baja
3114,Posgrado,Gobierno,Arquitecto/a,41,32000.0,Media
3115,Licenciatura,Servicios,Profesor/a,34,25900.0,Media
3116,Básica,Servicios,Bibliotecario/a,57,16500.0,Media
3117,Posgrado,Manufactura,Carpintero,39,19000.0,Media
3118,Media Superior,Construcción,Escultor,46,8500.0,Baja
3119,Licenciatura,Gobierno,Repartidor,33,13000.0,Baja
3120,Media Superior,Servicios,Matemático/a,48,16600.0,Media
3121,Licenciatura,Informal,Fumigador,38,17900.0,Media
3122,Licenciatura,Informal,Administrador/a,32,12900.0,Baja
3123,Básica,Servicios,Escultor,21,8500.0,Baja
3124,Media Superior,Servicios,Agricultor,29,8500.0,Baja
3125,Posgrado,Gobierno,Carnicero,39,13800.0,Baja
3126,Media Superior,Finanzas,Lutier,24,17100.0,Media
3127,Media Superior,Construcción,Abogado/a,49,18600.0,Media
3128,Licenciatura,Servicios,Físico/a,50,29800.0,Media
3129,Media Superior,Manufactura,Traductor/a,23,11700.0,Baja
3130,Licenciatura,Manufactura,Carnicero,48,13300.0,Baja
3131,Posgrado,Servicios,Geógrafo/a,30,28900.0,Media
3132,Licenciatura,Informal,Pintor,26,8500.0,Baja
3133,Licenciatura,Finanzas,Sastre,20,9500.0,Baja
3134,Licenciatura,Comercio,Fontanero o plomero,49,13700.0,Baja
3135,Posgrado,Finanzas,Abogado/a,25,21100.0,Media
3136,Posgrado,Gobierno,Periodista,23,14600.0,Baja
3137,Básica,Comercio,Biólogo/a,38,13600.0,Baja
3138,Licenciatura,Manufactura,Químico/a,56,30600.0,Media
3139,Media Superior,Construcción,Programador,27,10900.0,Baja
3140,Licenciatura,Servicios,Leñador,21,8500.0,Baja
3141,Licenciatura,Gobierno,Cocinero,36,14300.0,Baja
3142,Media Superior,Manufactura,Paleontólogo/a,29,10100.0,Baja
3143,Licenciatura,Gobierno,Contador/a,25,11100.0,Baja
3144,Básica,Finanzas,Obrero,44,9000.0,Baja
3145,Licenciatura,Construcción,Telefonista,58,20800.0,Media
3146,Media Superior,Comercio,Kinesiólogo/a,55,16000.0,Media
3147,Media Superior,Manufactura,Camarero,51,14900.0,Baja
3148,Media Superior,Informal,Cocinero,52,14500.0,Baja
3149,Media Superior,Manufactura,Peletero,51,19000.0,Media
3150,Posgrado,Finanzas,Técnico/a de sonido,45,30500.0,Media
3151,Básica,Informal,Farmacólogo/a,27,8500.0,Baja
3152,Básica,Servicios,Leñador,47,16700.0,Media
3153,Media Superior,Informal,Periodista,30,8500.0,Baja
3154,Media Superior,Servicios,Físico/a,49,24400.0,Media
3155,Media Superior,Finanzas,Lutier,57,14400.0,Baja
3156,Licenciatura,Informal,Maestro,34,12700.0,Baja
3157,Básica,Informal,Traductor/a,55,12400.0,Baja
3158,Licenciatura,Servicios,Filólogo/a,43,15200.0,Media
3159,Básica,Servicios,Administrador/a,20,10800.0,Baja
3160,Media Superior,Manufactura,Pastor,38,8500.0,Baja
3161,Licenciatura,Manufactura,Psicoanalista,49,19900.0,Media
3162,Licenciatura,Comercio,Músico/a,46,19500.0,Media
3163,Licenciatura,Gobierno,Artesano,21,8500.0,Baja
3164,Licenciatura,Manufactura,Matemático/a,40,16300.0,Media
3165,Media Superior,Manufactura,Lutier,57,14000.0,Baja
3166,Básica,Servicios,Matemático/a,43,10600.0,Baja
3167,Básica,Informal,Profesor/a,57,15200.0,Media
3168,Licenciatura,Manufactura,Economista,59,22400.0,Media
3169,Licenciatura,Servicios,Profesor/a,49,27300.0,Media
3170,Licenciatura,Servicios,Técnico/a de sonido,45,19200.0,Media
3171,Licenciatura,Manufactura,Contador/a,26,8500.0,Baja
3172,Básica,Manufactura,Geógrafo/a,20,11800.0,Baja
3173,Posgrado,Manufactura,Obrero,57,23600.0,Media
3174,Media Superior,Comercio,Pintor,29,13200.0,Baja
3175,Posgrado,Informal,Leñador,46,12700.0,Baja
3176,Licenciatura,Informal,Maestro,33,12300.0,Baja
3177,Posgrado,Comercio,Leñador,55,21900.0,Media
3178,Licenciatura,Manufactura,Bibliotecario/a,59,16800.0,Media
3179,Licenciatura,Manufactura,Carnicero,27,8900.0,Baja
3180,Licenciatura,Manufactura,Profesor/a,45,21600.0,Media
3181,Básica,Comercio,Administrador/a,23,10400.0,Baja
3182,Posgrado,Gobierno,Zapatero,54,28300.0,Media
3183,Posgrado,Servicios,Bibliotecario/a,28,18100.0,Media
3184,Licenciatura,Informal,Peletero,20,8500.0,Baja
3185,Media Superior,Finanzas,Contador/a,20,8500.0,Baja
3186,Básica,Informal,Traductor/a,49,8500.0,Baja
3187,Media Superior,Gobierno,Sastre,35,17200.0,Media
3188,Media Superior,Gobierno,Zapatero,40,18300.0,Media
3189,Licenciatura,Servicios,Lutier,54,20600.0,Media
3190,Básica,Servicios,Óptico,40,15300.0,Media
3191,Licenciatura,Servicios,Apicultor,45,18600.0,Media
3192,Licenciatura,Comercio,Chofer transportista,59,20700.0,Media
3193,Licenciatura,Servicios,Arquitecto/a,39,14500.0,Baja
3194,Media Superior,Manufactura,Administrador/a,51,14600.0,Baja
3195,Licenciatura,Informal,Panadero,53,17800.0,Media
3196,Media Superior,Manufactura,Ingeniero/a,28,11900.0,Baja
3197,Media Superior,Informal,Arquitecto/a,56,21900.0,Media
3198,Licenciatura,Manufactura,Diseñador/a gráfico,35,20700.0,Media
3199,Media Superior,Manufactura,Telefonista,56,19100.0,Media
3200,Licenciatura,Finanzas,Chofer transportista,46,23000.0,Media
3201,Licenciatura,Gobierno,Técnico/a de sonido,30,30100.0,Media
3202,Licenciatura,Comercio,Físico/a,56,28100.0,Media
3203,Licenciatura,Construcción,Peluquero,45,20500.0,Media
3204,Posgrado,Servicios,Chofer transportista,41,14400.0,Baja
3205,Media Superior,Comercio,Programador,55,19800.0,Media
3206,Licenciatura,Manufactura,Cerrajero,44,12900.0,Baja
3207,Posgrado,Servicios,Óptico,47,21600.0,Media
3208,Licenciatura,Manufactura,Lavandero,25,9400.0,Baja
3209,Posgrado,Servicios,Camarero,56,24200.0,Media
3210,Licenciatura,Informal,Mecánico,22,12500.0,Baja
3211,Licenciatura,Gobierno,Psicoanalista,52,30400.0,Media
3212,Licenciatura,Comercio,Cerrajero,52,23500.0,Media
3213,Media Superior,Gobierno,Camarero,39,10600.0,Baja
3214,Básica,Informal,Paleontólogo/a,40,9000.0,Baja
3215,Básica,Gobierno,Músico/a,40,13200.0,Baja
3216,Media Superior,Servicios,Filólogo/a,41,14000.0,Baja
3217,Media Superior,Construcción,Actuario/a,23,9900.0,Baja
3218,Licenciatura,Informal,Cajero,41,22500.0,Media
3219,Media Superior,Servicios,Historiador/a,46,15000.0,Media
3220,Básica,Manufactura,Soldador,59,19500.0,Media
3221,Licenciatura,Manufactura,Ferretero,52,17700.0,Media
3222,Básica,Finanzas,Albañil,51,18600.0,Media
3223,Licenciatura,Informal,Pescador,26,9800.0,Baja
3224,Básica,Gobierno,Barrendero,44,9300.0,Baja
3225,Media Superior,Gobierno,Lutier,49,10200.0,Baja
3226,Posgrado,Construcción,Barrendero,37,11800.0,Baja
3227,Media Superior,Manufactura,Óptico,50,21300.0,Media
3228,Licenciatura,Manufactura,Vigilante,24,8500.0,Baja
3229,Media Superior,Informal,Cajero,57,8500.0,Baja
3230,Licenciatura,Comercio,Ferretero,32,11800.0,Baja
3231,Media Superior,Comercio,Pescador,31,17400.0,Media
3232,Básica,Servicios,Técnico/a de sonido,35,9000.0,Baja
3233,Licenciatura,Informal,Químico/a,56,20300.0,Media
3234,Básica,Servicios,Cerrajero,45,8500.0,Baja
3235,Media Superior,Gobierno,Sastre,57,12200.0,Baja
3236,Licenciatura,Servicios,Ingeniero/a,28,21900.0,Media
3237,Básica,Comercio,Fumigador,51,20300.0,Media
3238,Media Superior,Gobierno,Enfermero/a,50,21000.0,Media
3239,Licenciatura,Manufactura,Peluquero,46,15000.0,Media
3240,Licenciatura,Construcción,Vendedor,31,8500.0,Baja
3241,Licenciatura,Gobierno,Kinesiólogo/a,33,17000.0,Media
3242,Media Superior,Gobierno,Físico/a,39,17200.0,Media
3243,Licenciatura,Servicios,Afilador,43,9400.0,Baja
3244,Posgrado,Manufactura,Cerrajero,44,19300.0,Media
3245,Media Superior,Comercio,Pastor,42,14700.0,Baja
3246,Básica,Construcción,Meteorólogo/a,22,8500.0,Baja
3247,Media Superior,Gobierno,Administrador/a,33,8500.0,Baja
3248,Media Superior,Construcción,Meteorólogo/a,50,21100.0,Media
3249,Licenciatura,Construcción,Peletero,50,16200.0,Media
3250,Media Superior,Gobierno,Físico/a,32,24700.0,Media
3251,Posgrado,Manufactura,Guardabosques,52,19900.0,Media
3252,Licenciatura,Comercio,Animador,37,8500.0,Baja
3253,Básica,Comercio,Vendedor,35,8500.0,Baja
3254,Básica,Servicios,Fontanero o plomero,21,8500.0,Baja
3255,Básica,Servicios,Paleontólogo/a,40,23700.0,Media
3256,Media Superior,Manufactura,Médico/a cirujano/a,27,11400.0,Baja
3257,Media Superior,Informal,Tornero,38,8500.0,Baja
3258,Licenciatura,Informal,Obrero,53,9200.0,Baja
3259,Media Superior,Finanzas,Albañil,55,20100.0,Media
3260,Media Superior,Gobierno,Peletero,21,8500.0,Baja
3261,Posgrado,Manufactura,Escultor,28,8500.0,Baja
3262,Posgrado,Manufactura,Cocinero,23,17600.0,Media
3263,Media Superior,Manufactura,Leñador,48,8500.0,Baja
3264,Licenciatura,Finanzas,Ingeniero/a,29,16100.0,Media
3265,Básica,Servicios,Arquitecto/a,37,16200.0,Media
3266,Media Superior,Finanzas,Desarrollador/a web,28,8500.0,Baja
3267,Licenciatura,Manufactura,Lechero,28,19000.0,Media
3268,Media Superior,Servicios,Agricultor,34,19200.0,Media
3269,Media Superior,Comercio,Contador/a,23,11400.0,Baja
3270,Posgrado,Finanzas,Mecánico,21,15200.0,Media
3271,Licenciatura,Servicios,Físico/a,39,14800.0,Baja
3272,Media Superior,Gobierno,Geógrafo/a,42,13000.0,Baja
3273,Licenciatura,Informal,Farmacólogo/a,32,8500.0,Baja
3274,Media Superior,Manufactura,Pastor,32,9700.0,Baja
3275,Licenciatura,Finanzas,Soldador,35,9300.0,Baja
3276,Media Superior,Finanzas,Técnico/a de sonido,49,21500.0,Media
3277,Licenciatura,Servicios,Barrendero,25,8500.0,Baja
3278,Posgrado,Informal,Músico/a,33,11800.0,Baja
3279,Licenciatura,Comercio,Jardinero,23,8500.0,Baja
3280,Media Superior,Manufactura,Vendedor,57,29700.0,Media
3281,Licenciatura,Manufactura,Químico/a,38,14100.0,Baja
3282,Media Superior,Gobierno,Pescador,54,12000.0,Baja
3283,Básica,Servicios,Traductor/a,58,20500.0,Media
3284,Licenciatura,Informal,Programador,36,14600.0,Baja
3285,Licenciatura,Servicios,Geógrafo/a,29,8600.0,Baja
3286,Licenciatura,Comercio,Administrador/a,39,12100.0,Baja
3287,Media Superior,Informal,Escritor,32,8500.0,Baja
3288,Licenciatura,Manufactura,Técnico/a de sonido,51,22400.0,Media
3289,Básica,Comercio,Panadero,21,8500.0,Baja
3290,Básica,Servicios,Albañil,36,12700.0,Baja
3291,Básica,Servicios,Ferretero,42,15900.0,Media
3292,Media Superior,Manufactura,Desarrollador/a web,53,19800.0,Media
3293,Media Superior,Servicios,Desarrollador/a web,54,18600.0,Media
3294,Licenciatura,Manufactura,Desarrollador/a web,40,22200.0,Media
3295,Licenciatura,Comercio,Barrendero,24,8500.0,Baja
3296,Básica,Informal,Ingeniero/a,42,14300.0,Baja
3297,Media Superior,Informal,Ferretero,22,8500.0,Baja
3298,Media Superior,Comercio,Pintor,35,8500.0,Baja
3299,Licenciatura,Construcción,Arquitecto/a,29,13100.0,Baja
3300,Básica,Informal,Pintor,36,8500.0,Baja
3301,Licenciatura,Gobierno,Obrero,35,15100.0,Media
3302,Básica,Comercio,Diseñador/a gráfico,32,19300.0,Media
3303,Básica,Manufactura,Ingeniero/a,51,21700.0,Media
3304,Básica,Manufactura,Albañil,41,9500.0,Baja
3305,Posgrado,Manufactura,Maestro,59,24000.0,Media
3306,Básica,Construcción,Frutero,26,8500.0,Baja
3307,Licenciatura,Comercio,Psicólogo/a,47,22300.0,Media
3308,Licenciatura,Manufactura,Repartidor,54,16300.0,Media
3309,Media Superior,Comercio,Cajero,55,18700.0,Media
3310,Básica,Manufactura,Chofer transportista,57,9800.0,Baja
3311,Posgrado,Gobierno,Bibliotecario/a,26,13000.0,Baja
3312,Media Superior,Gobierno,Ferretero,54,11700.0,Baja
3313,Básica,Finanzas,Afilador,48,10800.0,Baja
3314,Licenciatura,Gobierno,Chofer transportista,49,27900.0,Media
3315,Posgrado,Informal,Filólogo/a,25,10400.0,Baja
3316,Media Superior,Finanzas,Diseñador/a gráfico,50,26700.0,Media
3317,Básica,Construcción,Kinesiólogo/a,20,8500.0,Baja
3318,Básica,Finanzas,Cerrajero,43,20800.0,Media
3319,Básica,Manufactura,Carpintero,21,8500.0,Baja
3320,Básica,Informal,Escultor,47,9400.0,Baja
3321,Licenciatura,Servicios,Fumigador,50,26600.0,Media
3322,Media Superior,Servicios,Telefonista,39,16500.0,Media
3323,Licenciatura,Servicios,Pintor,51,14800.0,Baja
3324,Media Superior,Manufactura,Abogado/a,59,30100.0,Media
3325,Media Superior,Gobierno,Bombero,35,13200.0,Baja
3326,Media Superior,Comercio,Guardabosques,29,10600.0,Baja
3327,Licenciatura,Manufactura,Kinesiólogo/a,41,15500.0,Media
3328,Licenciatura,Gobierno,Biólogo/a,29,13300.0,Baja
3329,Básica,Construcción,Lechero,29,12500.0,Baja
3330,Licenciatura,Comercio,Economista,24,10400.0,Baja
3331,Básica,Gobierno,Diseñador/a gráfico,42,14500.0,Baja
3332,Licenciatura,Gobierno,Escultor,26,10800.0,Baja
3333,Media Superior,Finanzas,Mecánico,33,8500.0,Baja
3334,Licenciatura,Servicios,Psicoanalista,46,18300.0,Media
3335,Licenciatura,Gobierno,Telefonista,44,27100.0,Media
3336,Licenciatura,Servicios,Psicoanalista,55,27300.0,Media
3337,Media Superior,Servicios,Maestro,26,12000.0,Baja
3338,Licenciatura,Manufactura,Lechero,34,22500.0,Media
3339,Media Superior,Gobierno,Agricultor,29,8500.0,Baja
3340,Licenciatura,Informal,Ferretero,46,10200.0,Baja
3341,Media Superior,Gobierno,Relojero,48,16400.0,Media
3342,Media Superior,Gobierno,Telefonista,35,9700.0,Baja
3343,Básica,Informal,Apicultor,58,8500.0,Baja
3344,Licenciatura,Gobierno,Periodista,36,23900.0,Media
3345,Licenciatura,Servicios,Veterinario/a,32,15600.0,Media
3346,Licenciatura,Finanzas,Soldador,47,25700.0,Media
3347,Licenciatura,Comercio,Albañil,23,8500.0,Baja
3348,Licenciatura,Informal,Telefonista,44,9600.0,Baja
3349,Licenciatura,Comercio,Actuario/a,38,15100.0,Media
3350,Licenciatura,Servicios,Jardinero,52,21200.0,Media
3351,Licenciatura,Informal,Joyero,50,16200.0,Media
3352,Básica,Manufactura,Leñador,24,8500.0,Baja
3353,Media Superior,Servicios,Pescador,27,8500.0,Baja
3354,Licenciatura,Manufactura,Relojero,35,16800.0,Media
3355,Licenciatura,Comercio,Pintor,54,17400.0,Media
3356,Media Superior,Finanzas,Químico/a,33,15800.0,Media
3357,Licenciatura,Construcción,Apicultor,41,10600.0,Baja
3358,Posgrado,Informal,Cerrajero,38,11700.0,Baja
3359,Licenciatura,Finanzas,Administrador/a,29,12900.0,Baja
3360,Licenciatura,Servicios,Químico/a,27,20800.0,Media
3361,Básica,Construcción,Fontanero o plomero,58,11300.0,Baja
3362,Licenciatura,Informal,Apicultor,31,11900.0,Baja
3363,Media Superior,Manufactura,Barrendero,51,13400.0,Baja
3364,Licenciatura,Manufactura,Afilador,22,8500.0,Baja
3365,Media Superior,Manufactura,Lingüista,29,14000.0,Baja
3366,Licenciatura,Gobierno,Peletero,59,29900.0,Media
3367,Posgrado,Informal,Repartidor,31,11400.0,Baja
3368,Media Superior,Comercio,Veterinario/a,58,23300.0,Media
3369,Media Superior,Servicios,Bombero,25,8500.0,Baja
3370,Básica,Servicios,Economista,48,15400.0,Media
3371,Licenciatura,Comercio,Biólogo/a,57,30000.0,Media
3372,Licenciatura,Servicios,Peletero,45,15000.0,Media
3373,Posgrado,Servicios,Vigilante,55,28900.0,Media
3374,Licenciatura,Servicios,Fumigador,20,8500.0,Baja
3375,Licenciatura,Manufactura,Escritor,30,14200.0,Baja
3376,Media Superior,Informal,Joyero,20,8500.0,Baja
3377,Básica,Finanzas,Profesor/a,29,14200.0,Baja
3378,Media Superior,Informal,Técnico/a de sonido,21,11300.0,Baja
3379,Posgrado,Manufactura,Leñador,39,19600.0,Media
3380,Licenciatura,Construcción,Lingüista,48,8600.0,Baja
3381,Licenciatura,Manufactura,Joyero,44,13800.0,Baja
3382,Media Superior,Gobierno,Cajero,45,28500.0,Media
3383,Licenciatura,Comercio,Joyero,41,12300.0,Baja
3384,Licenciatura,Servicios,Médico/a cirujano/a,33,21700.0,Media
3385,Licenciatura,Manufactura,Repartidor,29,13600.0,Baja
3386,Licenciatura,Construcción,Cajero,39,10800.0,Baja
3387,Posgrado,Manufactura,Filólogo/a,40,28700.0,Media
3388,Licenciatura,Servicios,Carpintero,37,12400.0,Baja
3389,Básica,Servicios,Historiador/a,57,26300.0,Media
3390,Licenciatura,Informal,Ingeniero/a,42,16400.0,Media
3391,Licenciatura,Gobierno,Físico/a,23,10300.0,Baja
3392,Básica,Informal,Bombero,28,8500.0,Baja
3393,Posgrado,Informal,Historiador/a,46,24700.0,Media
3394,Licenciatura,Servicios,Agricultor,22,14600.0,Baja
3395,Media Superior,Construcción,Contador/a,49,26200.0,Media
3396,Licenciatura,Finanzas,Tornero,46,19900.0,Media
3397,Posgrado,Comercio,Filólogo/a,40,21000.0,Media
3398,Licenciatura,Informal,Frutero,54,17100.0,Media
3399,Licenciatura,Servicios,Soldador,39,8500.0,Baja
3400,Licenciatura,Servicios,Cajero,48,21800.0,Media
3401,Licenciatura,Finanzas,Apicultor,29,8500.0,Baja
3402,Licenciatura,Informal,Programador,56,18300.0,Media
3403,Licenciatura,Servicios,Fontanero o plomero,30,14400.0,Baja
3404,Posgrado,Servicios,Paleontólogo/a,35,26800.0,Media
3405,Licenciatura,Finanzas,Peluquero,34,17700.0,Media
3406,Licenciatura,Finanzas,Contador/a,30,10100.0,Baja
3407,Media Superior,Comercio,Peluquero,22,8500.0,Baja
3408,Media Superior,Comercio,Relojero,55,12100.0,Baja
3409,Posgrado,Informal,Afilador,51,18900.0,Media
3410,Posgrado,Gobierno,Veterinario/a,55,41000.0,Alta
3411,Básica,Comercio,Relojero,38,17400.0,Media
3412,Media Superior,Manufactura,Bibliotecario/a,37,8500.0,Baja
3413,Media Superior,Informal,Actuario/a,59,25800.0,Media
3414,Licenciatura,Servicios,Médico/a cirujano/a,52,20800.0,Media
3415,Licenciatura,Finanzas,Geógrafo/a,46,31900.0,Media
3416,Media Superior,Servicios,Lingüista,48,15100.0,Media
3417,Licenciatura,Construcción,Cocinero,35,8500.0,Baja
3418,Básica,Comercio,Sastre,29,8500.0,Baja
3419,Licenciatura,Servicios,Profesor/a,58,35200.0,Alta
3420,Media Superior,Manufactura,Bombero,53,11000.0,Baja
3421,Licenciatura,Finanzas,Pastor,44,21900.0,Media
3422,Media Superior,Comercio,Peluquero,28,9500.0,Baja
3423,Licenciatura,Servicios,Arquitecto/a,55,27000.0,Media
3424,Licenciatura,Finanzas,Matemático/a,47,26400.0,Media
3425,Media Superior,Gobierno,Kinesiólogo/a,40,14500.0,Baja
3426,Licenciatura,Manufactura,Músico/a,29,16600.0,Media
3427,Licenciatura,Gobierno,Joyero,48,16500.0,Media
3428,Licenciatura,Manufactura,Ferretero,20,8500.0,Baja
3429,Licenciatura,Finanzas,Psicoanalista,32,17800.0,Media
3430,Licenciatura,Finanzas,Veterinario/a,39,23500.0,Media
3431,Licenciatura,Informal,Jardinero,52,13800.0,Baja
3432,Media Superior,Comercio,Bombero,53,15000.0,Media
3433,Posgrado,Servicios,Pastor,55,31400.0,Media
3434,Media Superior,Servicios,Pastor,53,15200.0,Media
3435,Licenciatura,Comercio,Cerrajero,35,15400.0,Media
3436,Licenciatura,Servicios,Agricultor,23,11000.0,Baja
3437,Media Superior,Finanzas,Veterinario/a,43,18200.0,Media
3438,Media Superior,Finanzas,Soldador,27,17000.0,Media
3439,Básica,Servicios,Carnicero,59,20800.0,Media
3440,Licenciatura,Construcción,Biólogo/a,58,19000.0,Media
3441,Básica,Servicios,Camarero,35,20700.0,Media
3442,Posgrado,Informal,Telefonista,59,22700.0,Media
3443,Licenciatura,Manufactura,Geógrafo/a,25,11600.0,Baja
3444,Media Superior,Informal,Bombero,26,8500.0,Baja
3445,Licenciatura,Servicios,Arquitecto/a,39,19000.0,Media
3446,Media Superior,Gobierno,Ferretero,47,23700.0,Media
3447,Licenciatura,Finanzas,Carnicero,33,16600.0,Media
3448,Media Superior,Manufactura,Panadero,56,20300.0,Media
3449,Licenciatura,Finanzas,Ferretero,23,13000.0,Baja
3450,Licenciatura,Finanzas,Diseñador/a gráfico,57,33600.0,Media
3451,Licenciatura,Comercio,Peluquero,50,8500.0,Baja
3452,Media Superior,Servicios,Cerrajero,35,8500.0,Baja
3453,Básica,Finanzas,Psicoanalista,37,10300.0,Baja
3454,Licenciatura,Servicios,Vendedor,48,23200.0,Media
3455,Licenciatura,Comercio,Técnico/a de sonido,30,8500.0,Baja
3456,Licenciatura,Servicios,Farmacólogo/a,23,8500.0,Baja
3457,Licenciatura,Gobierno,Repartidor,43,24900.0,Media
3458,Licenciatura,Construcción,Pintor,32,8500.0,Baja
3459,Licenciatura,Servicios,Artesano,50,14500.0,Baja
3460,Básica,Gobierno,Psicólogo/a,27,8500.0,Baja
3461,Media Superior,Manufactura,Químico/a,32,14800.0,Baja
3462,Básica,Informal,Profesor/a,42,15200.0,Media
3463,Licenciatura,Servicios,Programador,27,10500.0,Baja
3464,Media Superior,Construcción,Bombero,35,8500.0,Baja
3465,Posgrado,Gobierno,Leñador,37,12100.0,Baja
3466,Posgrado,Gobierno,Maestro,21,12400.0,Baja
3467,Licenciatura,Gobierno,Diseñador/a gráfico,20,10100.0,Baja
3468,Licenciatura,Informal,Guardabosques,28,8500.0,Baja
3469,Licenciatura,Informal,Economista,53,18500.0,Media
3470,Media Superior,Servicios,Vigilante,21,8500.0,Baja
3471,Licenciatura,Gobierno,Periodista,23,16900.0,Media
3472,Básica,Servicios,Afilador,37,12700.0,Baja
3473,Media Superior,Informal,Profesor/a,59,22000.0,Media
3474,Media Superior,Finanzas,Camarero,59,24200.0,Media
3475,Media Superior,Manufactura,Escritor,23,8500.0,Baja
3476,Licenciatura,Comercio,Animador,41,13800.0,Baja
3477,Media Superior,Finanzas,Lingüista,40,27200.0,Media
3478,Básica,Informal,Paleontólogo/a,29,8500.0,Baja
3479,Licenciatura,Comercio,Guardabosques,35,8500.0,Baja
3480,Licenciatura,Servicios,Periodista,26,9800.0,Baja
3481,Licenciatura,Gobierno,Leñador,50,12800.0,Baja
3482,Licenciatura,Gobierno,Administrador/a,59,17900.0,Media
3483,Media Superior,Comercio,Leñador,58,13000.0,Baja
3484,Licenciatura,Servicios,Escritor,54,20000.0,Media
3485,Media Superior,Gobierno,Lingüista,37,11400.0,Baja
3486,Licenciatura,Finanzas,Óptico,30,17700.0,Media
3487,Licenciatura,Construcción,Maestro,53,30900.0,Media
3488,Licenciatura,Gobierno,Bombero,22,15100.0,Media
3489,Media Superior,Comercio,Actuario/a,41,18600.0,Media
3490,Licenciatura,Gobierno,Barbero,57,21100.0,Media
3491,Media Superior,Servicios,Filólogo/a,57,19700.0,Media
3492,Licenciatura,Gobierno,Barbero,57,20900.0,Media
3493,Licenciatura,Construcción,Radiólogo/a,51,27300.0,Media
3494,Media Superior,Servicios,Escultor,56,14000.0,Baja
3495,Media Superior,Manufactura,Artesano,38,8500.0,Baja
3496,Licenciatura,Informal,Apicultor,36,14500.0,Baja
3497,Licenciatura,Construcción,Lavandero,55,16200.0,Media
3498,Media Superior,Comercio,Técnico/a de sonido,54,23600.0,Media
3499,Licenciatura,Manufactura,Telefonista,24,15000.0,Media
3500,Licenciatura,Servicios,Soldador,42,24300.0,Media
3501,Media Superior,Comercio,Apicultor,32,11500.0,Baja
3502,Básica,Comercio,Apicultor,38,14000.0,Baja
3503,Básica,Gobierno,Afilador,34,10400.0,Baja
3504,Básica,Informal,Contador/a,49,8500.0,Baja
3505,Media Superior,Manufactura,Diseñador/a gráfico,38,17200.0,Media
3506,Licenciatura,Manufactura,Arquitecto/a,50,19800.0,Media
3507,Licenciatura,Finanzas,Matemático/a,52,21100.0,Media
3508,Media Superior,Informal,Panadero,27,10800.0,Baja
3509,Licenciatura,Gobierno,Enfermero/a,57,28600.0,Media
3510,Licenciatura,Comercio,Farmacólogo/a,28,9200.0,Baja
3511,Licenciatura,Gobierno,Paleontólogo/a,51,24100.0,Media
3512,Licenciatura,Manufactura,Abogado/a,35,22900.0,Media
3513,Media Superior,Servicios,Chofer transportista,33,17100.0,Media
3514,Licenciatura,Informal,Guardabosques,25,8500.0,Baja
3515,Licenciatura,Finanzas,Afilador,52,23600.0,Media
3516,Licenciatura,Finanzas,Historiador/a,51,17000.0,Media
3517,Media Superior,Informal,Matemático/a,43,12700.0,Baja
3518,Licenciatura,Servicios,Jardinero,55,17000.0,Media
3519,Licenciatura,Comercio,Ferretero,31,8500.0,Baja
3520,Media Superior,Finanzas,Lingüista,47,22100.0,Media
3521,Básica,Manufactura,Apicultor,40,15300.0,Media
3522,Básica,Comercio,Escultor,43,8500.0,Baja
3523,Media Superior,Manufactura,Psicoanalista,29,15900.0,Media
3524,Licenciatura,Comercio,Cajero,39,8500.0,Baja
3525,Media Superior,Manufactura,Kinesiólogo/a,59,21400.0,Media
3526,Media Superior,Informal,Obrero,42,8500.0,Baja
3527,Licenciatura,Comercio,Ingeniero/a,36,18000.0,Media
3528,Media Superior,Gobierno,Herrero,56,10100.0,Baja
3529,Media Superior,Manufactura,Geógrafo/a,53,21600.0,Media
3530,Licenciatura,Comercio,Relojero,25,11700.0,Baja
3531,Licenciatura,Informal,Peluquero,27,12200.0,Baja
3532,Media Superior,Comercio,Escultor,30,8500.0,Baja
3533,Media Superior,Informal,Músico/a,50,10900.0,Baja
3534,Licenciatura,Gobierno,Carpintero,56,30700.0,Media
3535,Licenciatura,Informal,Animador,44,15600.0,Media
3536,Media Superior,Manufactura,Farmacólogo/a,31,15900.0,Media
3537,Posgrado,Servicios,Vendedor,42,27600.0,Media
3538,Licenciatura,Construcción,Lavandero,40,10400.0,Baja
3539,Licenciatura,Construcción,Barrendero,43,20500.0,Media
3540,Licenciatura,Manufactura,Escultor,28,8500.0,Baja
3541,Media Superior,Gobierno,Pintor,38,13800.0,Baja
3542,Media Superior,Servicios,Enfermero/a,43,8500.0,Baja
3543,Licenciatura,Comercio,Biólogo/a,51,20700.0,Media
3544,Media Superior,Gobierno,Imprentero,34,13800.0,Baja
3545,Media Superior,Servicios,Actuario/a,39,11900.0,Baja
3546,Media Superior,Construcción,Farmacólogo/a,20,8500.0,Baja
3547,Posgrado,Gobierno,Pescador,51,27100.0,Media
3548,Licenciatura,Construcción,Albañil,43,16100.0,Media
3549,Media Superior,Servicios,Obrero,20,8500.0,Baja
3550,Básica,Finanzas,Kinesiólogo/a,30,8500.0,Baja
3551,Licenciatura,Servicios,Jardinero,48,14600.0,Baja
3552,Media Superior,Gobierno,Bibliotecario/a,55,21600.0,Media
3553,Posgrado,Manufactura,Apicultor,35,13600.0,Baja
3554,Básica,Comercio,Fontanero o plomero,35,8500.0,Baja
3555,Media Superior,Comercio,Administrador/a,36,8500.0,Baja
3556,Licenciatura,Informal,Maestro,49,13300.0,Baja
3557,Licenciatura,Servicios,Ingeniero/a,29,15400.0,Media
3558,Básica,Gobierno,Relojero,47,11600.0,Baja
3559,Media Superior,Gobierno,Bombero,39,15100.0,Media
3560,Posgrado,Construcción,Artesano,38,16400.0,Media
3561,Licenciatura,Servicios,Paleontólogo/a,32,24600.0,Media
3562,Básica,Comercio,Arquitecto/a,33,9300.0,Baja
3563,Media Superior,Servicios,Arquitecto/a,53,17800.0,Media
3564,Licenciatura,Construcción,Programador,54,20000.0,Media
3565,Licenciatura,Informal,Radiólogo/a,35,9900.0,Baja
3566,Media Superior,Finanzas,Carpintero,47,15100.0,Media
3567,Media Superior,Comercio,Actuario/a,39,11400.0,Baja
3568,Licenciatura,Manufactura,Lavandero,35,13100.0,Baja
3569,Media Superior,Servicios,Jardinero,45,8500.0,Baja
3570,Media Superior,Comercio,Economista,23,11300.0,Baja
3571,Licenciatura,Informal,Contador/a,40,19000.0,Media
3572,Media Superior,Finanzas,Bombero,29,18400.0,Media
3573,Licenciatura,Comercio,Técnico/a de sonido,35,8500.0,Baja
3574,Media Superior,Finanzas,Periodista,38,15900.0,Media
3575,Básica,Informal,Psicoanalista,31,8600.0,Baja
3576,Licenciatura,Manufactura,Camarero,29,22800.0,Media
3577,Licenciatura,Servicios,Sastre,31,10000.0,Baja
3578,Licenciatura,Finanzas,Radiólogo/a,47,24600.0,Media
3579,Licenciatura,Comercio,Carnicero,43,16500.0,Media
3580,Licenciatura,Comercio,Desarrollador/a web,38,21700.0,Media
3581,Media Superior,Gobierno,Lavandero,51,22400.0,Media
3582,Media Superior,Servicios,Profesor/a,51,27300.0,Media
3583,Básica,Informal,Fumigador,49,8500.0,Baja
3584,Media Superior,Servicios,Vendedor,32,13100.0,Baja
3585,Media Superior,Construcción,Panadero,34,11400.0,Baja
3586,Posgrado,Construcción,Periodista,35,19400.0,Media
3587,Licenciatura,Servicios,Diseñador/a gráfico,51,24700.0,Media
3588,Básica,Comercio,Carnicero,54,13800.0,Baja
3589,Media Superior,Servicios,Pastor,25,8500.0,Baja
3590,Licenciatura,Gobierno,Barbero,39,21300.0,Media
3591,Licenciatura,Manufactura,Biólogo/a,24,13800.0,Baja
3592,Licenciatura,Construcción,Soldador,56,19700.0,Media
3593,Media Superior,Construcción,Cocinero,56,13500.0,Baja
3594,Media Superior,Informal,Radiólogo/a,38,14100.0,Baja
3595,Media Superior,Servicios,Filólogo/a,52,18000.0,Media
3596,Licenciatura,Informal,Cocinero,51,8500.0,Baja
3597,Media Superior,Comercio,Filólogo/a,30,12600.0,Baja
3598,Licenciatura,Manufactura,Músico/a,49,12800.0,Baja
3599,Posgrado,Manufactura,Artesano,49,28400.0,Media
3600,Media Superior,Comercio,Escritor,34,14800.0,Baja
3601,Licenciatura,Servicios,Geógrafo/a,57,24600.0,Media
3602,Licenciatura,Comercio,Guardabosques,27,8500.0,Baja
3603,Básica,Servicios,Geógrafo/a,24,8500.0,Baja
3604,Licenciatura,Finanzas,Administrador/a,51,21500.0,Media
3605,Básica,Manufactura,Lechero,58,8500.0,Baja
3606,Media Superior,Servicios,Psicoanalista,49,26400.0,Media
3607,Media Superior,Manufactura,Barrendero,42,9100.0,Baja
3608,Licenciatura,Servicios,Frutero,53,18100.0,Media
3609,Básica,Construcción,Paleontólogo/a,25,8700.0,Baja
3610,Básica,Servicios,Técnico/a de sonido,57,13800.0,Baja
3611,Licenciatura,Comercio,Agricultor,34,15100.0,Media
3612,Media Superior,Finanzas,Peletero,57,25300.0,Media
3613,Media Superior,Servicios,Apicultor,49,16300.0,Media
3614,Licenciatura,Manufactura,Radiólogo/a,52,21600.0,Media
3615,Media Superior,Manufactura,Mecánico,23,8500.0,Baja
3616,Media Superior,Informal,Joyero,54,8500.0,Baja
3617,Licenciatura,Gobierno,Vendedor,46,11200.0,Baja
3618,Media Superior,Manufactura,Peluquero,40,8500.0,Baja
3619,Media Superior,Servicios,Fontanero o plomero,20,15200.0,Media
3620,Básica,Construcción,Historiador/a,58,12900.0,Baja
3621,Licenciatura,Comercio,Peluquero,20,11800.0,Baja
3622,Básica,Finanzas,Lutier,48,13800.0,Baja
3623,Licenciatura,Informal,Peletero,22,14700.0,Baja
3624,Posgrado,Informal,Ferretero,40,20800.0,Media
3625,Media Superior,Servicios,Frutero,22,8500.0,Baja
3626,Licenciatura,Finanzas,Imprentero,27,8800.0,Baja
3627,Licenciatura,Servicios,Meteorólogo/a,27,12000.0,Baja
3628,Licenciatura,Manufactura,Mecánico,53,11700.0,Baja
3629,Básica,Finanzas,Bibliotecario/a,37,26300.0,Media
3630,Básica,Comercio,Físico/a,45,14200.0,Baja
3631,Licenciatura,Informal,Biólogo/a,36,8500.0,Baja
3632,Licenciatura,Servicios,Carpintero,47,10100.0,Baja
3633,Licenciatura,Gobierno,Médico/a cirujano/a,22,15000.0,Media
3634,Licenciatura,Servicios,Afilador,31,11000.0,Baja
3635,Básica,Servicios,Actuario/a,54,23200.0,Media
3636,Media Superior,Finanzas,Vigilante,34,9600.0,Baja
3637,Media Superior,Comercio,Camarero,57,19200.0,Media
3638,Básica,Finanzas,Traductor/a,27,8500.0,Baja
3639,Básica,Manufactura,Historiador/a,39,9800.0,Baja
3640,Básica,Servicios,Radiólogo/a,21,8500.0,Baja
3641,Media Superior,Informal,Mecánico,31,8500.0,Baja
3642,Licenciatura,Finanzas,Abogado/a,43,17500.0,Media
3643,Básica,Finanzas,Escultor,33,12900.0,Baja
3644,Licenciatura,Manufactura,Agricultor,54,15000.0,Media
3645,Básica,Comercio,Lavandero,35,11400.0,Baja
3646,Básica,Finanzas,Pastor,45,16200.0,Media
3647,Básica,Gobierno,Repartidor,29,8500.0,Baja
3648,Licenciatura,Gobierno,Maestro,36,16900.0,Media
3649,Media Superior,Construcción,Psicólogo/a,34,17100.0,Media
3650,Licenciatura,Informal,Afilador,40,11400.0,Baja
3651,Básica,Construcción,Jardinero,41,9100.0,Baja
3652,Básica,Informal,Leñador,31,8500.0,Baja
3653,Media Superior,Gobierno,Artesano,55,14900.0,Baja
3654,Media Superior,Construcción,Arquitecto/a,48,21800.0,Media
3655,Básica,Comercio,Herrero,34,8500.0,Baja
3656,Media Superior,Servicios,Desarrollador/a web,24,17400.0,Media
3657,Básica,Finanzas,Panadero,35,8700.0,Baja
3658,Posgrado,Informal,Relojero,57,19600.0,Media
3659,Básica,Construcción,Albañil,40,9500.0,Baja
3660,Licenciatura,Servicios,Geógrafo/a,40,27600.0,Media
3661,Licenciatura,Comercio,Animador,29,11700.0,Baja
3662,Posgrado,Servicios,Camarero,55,28700.0,Media
3663,Licenciatura,Construcción,Mecánico,37,8500.0,Baja
3664,Media Superior,Informal,Carnicero,24,8500.0,Baja
3665,Básica,Comercio,Actuario/a,57,20700.0,Media
3666,Posgrado,Servicios,Músico/a,40,19700.0,Media
3667,Media Superior,Gobierno,Carpintero,56,12100.0,Baja
3668,Media Superior,Comercio,Actuario/a,48,17300.0,Media
3669,Básica,Informal,Afilador,51,8500.0,Baja
3670,Media Superior,Gobierno,Periodista,23,8500.0,Baja
3671,Básica,Comercio,Zapatero,24,8500.0,Baja
3672,Básica,Informal,Profesor/a,47,12000.0,Baja
3673,Media Superior,Construcción,Maestro,27,13000.0,Baja
3674,Licenciatura,Servicios,Peluquero,55,25600.0,Media
3675,Media Superior,Construcción,Kinesiólogo/a,30,8900.0,Baja
3676,Licenciatura,Informal,Matemático/a,20,16900.0,Media
3677,Licenciatura,Manufactura,Frutero,22,9900.0,Baja
3678,Media Superior,Comercio,Geógrafo/a,39,11900.0,Baja
3679,Media Superior,Finanzas,Físico/a,24,8500.0,Baja
3680,Licenciatura,Servicios,Meteorólogo/a,32,15500.0,Media
3681,Licenciatura,Gobierno,Músico/a,22,10300.0,Baja
3682,Posgrado,Servicios,Escultor,38,23000.0,Media
3683,Básica,Servicios,Diseñador/a gráfico,20,8500.0,Baja
3684,Básica,Gobierno,Músico/a,21,8500.0,Baja
3685,Media Superior,Manufactura,Fontanero o plomero,24,8500.0,Baja
3686,Licenciatura,Servicios,Psicoanalista,20,12100.0,Baja
3687,Licenciatura,Comercio,Físico/a,32,14000.0,Baja
3688,Media Superior,Finanzas,Ferretero,25,8500.0,Baja
3689,Básica,Informal,Bibliotecario/a,45,11300.0,Baja
3690,Licenciatura,Finanzas,Barrendero,20,8500.0,Baja
3691,Media Superior,Gobierno,Chofer transportista,47,21300.0,Media
3692,Media Superior,Servicios,Biólogo/a,58,19100.0,Media
3693,Licenciatura,Servicios,Periodista,24,8500.0,Baja
3694,Posgrado,Manufactura,Camarero,55,23300.0,Media
3695,Media Superior,Gobierno,Cocinero,48,15400.0,Media
3696,Licenciatura,Finanzas,Barbero,59,29500.0,Media
3697,Licenciatura,Construcción,Psicoanalista,44,21300.0,Media
3698,Media Superior,Comercio,Abogado/a,50,28800.0,Media
3699,Media Superior,Servicios,Filólogo/a,44,19300.0,Media
3700,Posgrado,Gobierno,Óptico,45,29300.0,Media
3701,Licenciatura,Servicios,Físico/a,41,11700.0,Baja
3702,Media Superior,Informal,Carnicero,32,8500.0,Baja
3703,Media Superior,Construcción,Óptico,57,30200.0,Media
3704,Licenciatura,Gobierno,Peletero,44,17300.0,Media
3705,Licenciatura,Finanzas,Traductor/a,48,27900.0,Media
3706,Posgrado,Informal,Ingeniero/a,39,21900.0,Media
3707,Posgrado,Manufactura,Lingüista,53,32700.0,Media
3708,Licenciatura,Gobierno,Telefonista,46,10500.0,Baja
3709,Licenciatura,Gobierno,Músico/a,29,14300.0,Baja
3710,Posgrado,Manufactura,Radiólogo/a,46,33400.0,Media
3711,Licenciatura,Finanzas,Lavandero,36,14300.0,Baja
3712,Media Superior,Informal,Escritor,27,9400.0,Baja
3713,Básica,Servicios,Filólogo/a,22,8600.0,Baja
3714,Licenciatura,Informal,Imprentero,40,8500.0,Baja
3715,Licenciatura,Gobierno,Imprentero,46,17200.0,Media
3716,Básica,Servicios,Filólogo/a,29,17000.0,Media
3717,Básica,Informal,Profesor/a,20,8500.0,Baja
3718,Licenciatura,Informal,Meteorólogo/a,34,15900.0,Media
3719,Media Superior,Comercio,Biólogo/a,31,11800.0,Baja
3720,Media Superior,Manufactura,Veterinario/a,35,16100.0,Media
3721,Posgrado,Construcción,Psicólogo/a,40,15900.0,Media
3722,Licenciatura,Servicios,Joyero,52,14100.0,Baja
3723,Licenciatura,Informal,Filólogo/a,38,13600.0,Baja
3724,Media Superior,Comercio,Lingüista,44,11500.0,Baja
3725,Básica,Gobierno,Jardinero,21,8500.0,Baja
3726,Licenciatura,Manufactura,Cerrajero,57,20000.0,Media
3727,Media Superior,Servicios,Veterinario/a,40,12000.0,Baja
3728,Media Superior,Manufactura,Cajero,32,13700.0,Baja
3729,Media Superior,Manufactura,Economista,33,8500.0,Baja
3730,Básica,Manufactura,Frutero,42,8500.0,Baja
3731,Media Superior,Servicios,Carpintero,31,15500.0,Media
3732,Licenciatura,Manufactura,Bombero,33,10800.0,Baja
3733,Licenciatura,Servicios,Meteorólogo/a,24,8500.0,Baja
3734,Básica,Gobierno,Filólogo/a,27,8500.0,Baja
3735,Licenciatura,Construcción,Psicólogo/a,57,20300.0,Media
3736,Media Superior,Gobierno,Técnico/a de sonido,59,15800.0,Media
3737,Básica,Comercio,Lechero,49,8500.0,Baja
3738,Media Superior,Gobierno,Repartidor,25,8500.0,Baja
3739,Básica,Comercio,Economista,35,9500.0,Baja
3740,Media Superior,Servicios,Actuario/a,49,15500.0,Media
3741,Licenciatura,Servicios,Programador,57,21400.0,Media
3742,Básica,Gobierno,Bombero,23,8500.0,Baja
3743,Media Superior,Servicios,Apicultor,48,9300.0,Baja
3744,Básica,Gobierno,Físico/a,49,15600.0,Media
3745,Básica,Servicios,Contador/a,26,8500.0,Baja
3746,Licenciatura,Gobierno,Barrendero,47,20100.0,Media
3747,Licenciatura,Comercio,Veterinario/a,32,8500.0,Baja
3748,Licenciatura,Informal,Veterinario/a,21,13700.0,Baja
3749,Licenciatura,Gobierno,Psicoanalista,26,16500.0,Media
3750,Media Superior,Finanzas,Peluquero,30,14200.0,Baja
3751,Licenciatura,Comercio,Farmacólogo/a,27,9200.0,Baja
3752,Básica,Construcción,Panadero,43,8500.0,Baja
3753,Básica,Servicios,Paleontólogo/a,45,16800.0,Media
3754,Básica,Servicios,Músico/a,32,8500.0,Baja
3755,Básica,Finanzas,Cerrajero,30,19500.0,Media
3756,Posgrado,Construcción,Radiólogo/a,30,16000.0,Media
3757,Básica,Finanzas,Técnico/a de sonido,29,8500.0,Baja
3758,Posgrado,Gobierno,Bibliotecario/a,31,18100.0,Media
3759,Licenciatura,Manufactura,Bibliotecario/a,49,15200.0,Media
3760,Media Superior,Construcción,Psicoanalista,36,11900.0,Baja
3761,Licenciatura,Finanzas,Barbero,29,8500.0,Baja
3762,Posgrado,Servicios,Geógrafo/a,58,27300.0,Media
3763,Licenciatura,Informal,Afilador,30,8500.0,Baja
3764,Básica,Gobierno,Abogado/a,34,16200.0,Media
3765,Básica,Servicios,Barrendero,46,8500.0,Baja
3766,Licenciatura,Informal,Imprentero,24,8500.0,Baja
3767,Licenciatura,Gobierno,Psicólogo/a,35,11500.0,Baja
3768,Media Superior,Comercio,Cerrajero,58,15500.0,Media
3769,Licenciatura,Gobierno,Pintor,25,8500.0,Baja
3770,Posgrado,Gobierno,Economista,36,27300.0,Media
3771,Media Superior,Manufactura,Paleontólogo/a,40,10300.0,Baja
3772,Media Superior,Construcción,Carpintero,36,11800.0,Baja
3773,Media Superior,Manufactura,Contador/a,34,11500.0,Baja
3774,Media Superior,Comercio,Lavandero,31,15200.0,Media
3775,Licenciatura,Informal,Barrendero,50,8500.0,Baja
3776,Básica,Finanzas,Músico/a,23,9700.0,Baja
3777,Media Superior,Gobierno,Fontanero o plomero,21,10700.0,Baja
3778,Media Superior,Manufactura,Guardabosques,54,15900.0,Media
3779,Media Superior,Gobierno,Obrero,34,8500.0,Baja
3780,Licenciatura,Comercio,Técnico/a de sonido,47,14300.0,Baja
3781,Media Superior,Finanzas,Fumigador,25,11800.0,Baja
3782,Media Superior,Gobierno,Barbero,59,15300.0,Media
3783,Posgrado,Comercio,Maestro,52,35100.0,Alta
3784,Media Superior,Informal,Panadero,30,8500.0,Baja
3785,Licenciatura,Informal,Abogado/a,20,8500.0,Baja
3786,Licenciatura,Construcción,Abogado/a,47,13100.0,Baja
3787,Media Superior,Servicios,Vendedor,50,8500.0,Baja
3788,Licenciatura,Finanzas,Cerrajero,53,26500.0,Media
3789,Licenciatura,Gobierno,Físico/a,35,18800.0,Media
3790,Media Superior,Gobierno,Pastor,47,8900.0,Baja
3791,Licenciatura,Servicios,Relojero,39,9000.0,Baja
3792,Licenciatura,Informal,Farmacólogo/a,49,15500.0,Media
3793,Licenciatura,Gobierno,Barbero,46,16000.0,Media
3794,Posgrado,Manufactura,Joyero,54,19800.0,Media
3795,Media Superior,Informal,Programador,44,18400.0,Media
3796,Media Superior,Comercio,Psicólogo/a,29,8500.0,Baja
3797,Licenciatura,Gobierno,Camarero,31,12700.0,Baja
3798,Básica,Comercio,Periodista,55,14600.0,Baja
3799,Básica,Servicios,Psicólogo/a,27,9500.0,Baja
3800,Básica,Gobierno,Zapatero,29,9000.0,Baja
3801,Media Superior,Servicios,Kinesiólogo/a,32,8500.0,Baja
3802,Media Superior,Servicios,Químico/a,30,14900.0,Baja
3803,Media Superior,Servicios,Repartidor,52,19700.0,Media
3804,Media Superior,Informal,Tornero,31,8500.0,Baja
3805,Licenciatura,Gobierno,Ingeniero/a,29,18700.0,Media
3806,Básica,Informal,Leñador,47,8500.0,Baja
3807,Licenciatura,Comercio,Pintor,59,24600.0,Media
3808,Media Superior,Servicios,Zapatero,23,8500.0,Baja
3809,Licenciatura,Comercio,Ingeniero/a,41,19900.0,Media
3810,Básica,Manufactura,Vendedor,53,9100.0,Baja
3811,Posgrado,Informal,Jardinero,50,16100.0,Media
3812,Licenciatura,Finanzas,Veterinario/a,33,16300.0,Media
3813,Básica,Informal,Peluquero,36,8500.0,Baja
3814,Licenciatura,Servicios,Repartidor,41,16200.0,Media
3815,Licenciatura,Finanzas,Desarrollador/a web,45,29300.0,Media
3816,Media Superior,Informal,Albañil,35,12600.0,Baja
3817,Media Superior,Comercio,Lingüista,45,19700.0,Media
3818,Media Superior,Comercio,Meteorólogo/a,51,24700.0,Media
3819,Licenciatura,Finanzas,Apicultor,42,21500.0,Media
3820,Media Superior,Comercio,Psicólogo/a,31,8500.0,Baja
3821,Licenciatura,Comercio,Herrero,32,13800.0,Baja
3822,Licenciatura,Gobierno,Historiador/a,34,17300.0,Media
3823,Básica,Finanzas,Historiador/a,31,10800.0,Baja
3824,Licenciatura,Finanzas,Barrendero,25,12700.0,Baja
3825,Media Superior,Informal,Arquitecto/a,20,9200.0,Baja
3826,Media Superior,Servicios,Psicoanalista,51,11000.0,Baja
3827,Licenciatura,Construcción,Artesano,32,10800.0,Baja
3828,Básica,Informal,Lechero,53,8500.0,Baja
3829,Media Superior,Servicios,Fumigador,54,23100.0,Media
3830,Licenciatura,Manufactura,Desarrollador/a web,36,14900.0,Baja
3831,Básica,Manufactura,Bombero,49,12400.0,Baja
3832,Posgrado,Manufactura,Meteorólogo/a,52,24300.0,Media
3833,Licenciatura,Servicios,Imprentero,22,8500.0,Baja
3834,Básica,Finanzas,Frutero,54,26500.0,Media
3835,Licenciatura,Informal,Bombero,23,8500.0,Baja
3836,Básica,Informal,Profesor/a,21,13100.0,Baja
3837,Media Superior,Manufactura,Psicólogo/a,20,8500.0,Baja
3838,Licenciatura,Gobierno,Tornero,30,14200.0,Baja
3839,Media Superior,Servicios,Bibliotecario/a,57,18600.0,Media
3840,Licenciatura,Construcción,Psicoanalista,35,13400.0,Baja
3841,Media Superior,Comercio,Lechero,59,17100.0,Media
3842,Licenciatura,Manufactura,Barbero,42,11000.0,Baja
3843,Media Superior,Construcción,Desarrollador/a web,51,15200.0,Media
3844,Licenciatura,Informal,Médico/a cirujano/a,32,12100.0,Baja
3845,Básica,Manufactura,Animador,40,9600.0,Baja
3846,Media Superior,Manufactura,Lingüista,23,8500.0,Baja
3847,Licenciatura,Servicios,Carnicero,49,24100.0,Media
3848,Media Superior,Gobierno,Fumigador,47,10100.0,Baja
3849,Básica,Comercio,Enfermero/a,58,11700.0,Baja
3850,Media Superior,Comercio,Camarero,26,11000.0,Baja
3851,Licenciatura,Comercio,Matemático/a,53,21700.0,Media
3852,Media Superior,Comercio,Profesor/a,25,8500.0,Baja
3853,Media Superior,Construcción,Kinesiólogo/a,34,11800.0,Baja
3854,Básica,Servicios,Pintor,33,10600.0,Baja
3855,Licenciatura,Manufactura,Ferretero,31,8800.0,Baja
3856,Licenciatura,Gobierno,Cerrajero,53,19600.0,Media
3857,Básica,Manufactura,Arquitecto/a,30,8500.0,Baja
3858,Media Superior,Construcción,Peletero,58,8500.0,Baja
3859,Licenciatura,Comercio,Geógrafo/a,39,16800.0,Media
3860,Licenciatura,Comercio,Bibliotecario/a,20,8500.0,Baja
3861,Licenciatura,Manufactura,Fontanero o plomero,45,16800.0,Media
3862,Media Superior,Servicios,Administrador/a,36,8900.0,Baja
3863,Licenciatura,Manufactura,Químico/a,55,33000.0,Media
3864,Posgrado,Servicios,Panadero,44,24000.0,Media
3865,Licenciatura,Gobierno,Vigilante,20,8500.0,Baja
3866,Licenciatura,Finanzas,Maestro,48,22200.0,Media
3867,Licenciatura,Servicios,Abogado/a,27,9100.0,Baja
3868,Media Superior,Finanzas,Vigilante,52,26800.0,Media
3869,Media Superior,Gobierno,Chofer transportista,33,8500.0,Baja
3870,Básica,Manufactura,Músico/a,57,25400.0,Media
3871,Media Superior,Gobierno,Economista,30,13000.0,Baja
3872,Media Superior,Manufactura,Bibliotecario/a,22,11500.0,Baja
3873,Licenciatura,Comercio,Psicólogo/a,47,17200.0,Media
3874,Licenciatura,Construcción,Repartidor,33,8500.0,Baja
3875,Media Superior,Servicios,Leñador,33,9700.0,Baja
3876,Licenciatura,Comercio,Fontanero o plomero,50,11500.0,Baja
3877,Media Superior,Manufactura,Farmacólogo/a,26,8500.0,Baja
3878,Licenciatura,Informal,Lechero,38,10100.0,Baja
3879,Media Superior,Informal,Psicólogo/a,54,23500.0,Media
3880,Licenciatura,Informal,Vigilante,28,16900.0,Media
3881,Licenciatura,Manufactura,Mecánico,31,10500.0,Baja
3882,Licenciatura,Finanzas,Ferretero,26,14400.0,Baja
3883,Posgrado,Manufactura,Abogado/a,50,30600.0,Media
3884,Licenciatura,Manufactura,Vendedor,59,29700.0,Media
3885,Posgrado,Servicios,Mecánico,28,16600.0,Media
3886,Licenciatura,Manufactura,Vigilante,20,8500.0,Baja
3887,Media Superior,Construcción,Carpintero,39,8500.0,Baja
3888,Licenciatura,Informal,Zapatero,30,8500.0,Baja
3889,Media Superior,Construcción,Contador/a,43,12600.0,Baja
3890,Licenciatura,Finanzas,Técnico/a de sonido,44,15800.0,Media
3891,Licenciatura,Servicios,Herrero,35,10100.0,Baja
3892,Básica,Informal,Lechero,25,8500.0,Baja
3893,Licenciatura,Manufactura,Peletero,25,8500.0,Baja
3894,Posgrado,Manufactura,Frutero,49,19100.0,Media
3895,Media Superior,Comercio,Matemático/a,51,11900.0,Baja
3896,Licenciatura,Manufactura,Relojero,53,16900.0,Media
3897,Licenciatura,Informal,Geógrafo/a,56,18000.0,Media
3898,Media Superior,Gobierno,Radiólogo/a,41,15000.0,Media
3899,Básica,Informal,Zapatero,43,12300.0,Baja
3900,Licenciatura,Informal,Filólogo/a,40,12600.0,Baja
3901,Media Superior,Informal,Meteorólogo/a,43,16300.0,Media
3902,Básica,Gobierno,Pescador,55,19300.0,Media
3903,Media Superior,Servicios,Abogado/a,51,24800.0,Media
3904,Media Superior,Informal,Apicultor,23,8500.0,Baja
3905,Básica,Gobierno,Abogado/a,51,20900.0,Media
3906,Licenciatura,Servicios,Bibliotecario/a,55,29900.0,Media
3907,Licenciatura,Comercio,Carnicero,28,8500.0,Baja
3908,Media Superior,Gobierno,Leñador,49,8500.0,Baja
3909,Media Superior,Servicios,Relojero,30,8700.0,Baja
3910,Licenciatura,Manufactura,Actuario/a,46,31300.0,Media
3911,Licenciatura,Servicios,Abogado/a,35,15300.0,Media
3912,Licenciatura,Servicios,Relojero,40,15000.0,Media
3913,Licenciatura,Informal,Afilador,26,10600.0,Baja
3914,Media Superior,Comercio,Chofer transportista,24,8500.0,Baja
3915,Posgrado,Gobierno,Soldador,48,21200.0,Media
3916,Media Superior,Manufactura,Músico/a,59,8500.0,Baja
3917,Básica,Gobierno,Arquitecto/a,49,24700.0,Media
3918,Básica,Comercio,Cerrajero,41,11200.0,Baja
3919,Media Superior,Manufactura,Relojero,51,8500.0,Baja
3920,Licenciatura,Informal,Panadero,29,9600.0,Baja
3921,Básica,Informal,Escritor,56,8600.0,Baja
3922,Básica,Finanzas,Farmacólogo/a,33,13900.0,Baja
3923,Licenciatura,Manufactura,Barbero,35,11800.0,Baja
3924,Media Superior,Manufactura,Historiador/a,27,14100.0,Baja
3925,Media Superior,Gobierno,Obrero,36,14200.0,Baja
3926,Básica,Informal,Vigilante,29,9600.0,Baja
3927,Media Superior,Servicios,Barrendero,44,8500.0,Baja
3928,Media Superior,Informal,Traductor/a,53,20400.0,Media
3929,Media Superior,Gobierno,Químico/a,48,9600.0,Baja
3930,Media Superior,Comercio,Meteorólogo/a,20,8500.0,Baja
3931,Licenciatura,Gobierno,Historiador/a,30,8800.0,Baja
3932,Básica,Informal,Pintor,37,8500.0,Baja
3933,Licenciatura,Manufactura,Contador/a,47,26200.0,Media
3934,Licenciatura,Manufactura,Artesano,38,8500.0,Baja
3935,Básica,Construcción,Cerrajero,26,8500.0,Baja
3936,Media Superior,Servicios,Sastre,51,14900.0,Baja
3937,Licenciatura,Servicios,Actuario/a,40,19300.0,Media
3938,Licenciatura,Comercio,Veterinario/a,27,13300.0,Baja
3939,Media Superior,Servicios,Carnicero,58,13100.0,Baja
3940,Licenciatura,Informal,Enfermero/a,54,29800.0,Media
3941,Licenciatura,Comercio,Profesor/a,47,27200.0,Media
3942,Media Superior,Comercio,Programador,20,8500.0,Baja
3943,Básica,Gobierno,Programador,48,16800.0,Media
3944,Posgrado,Servicios,Vendedor,56,28000.0,Media
3945,Licenciatura,Gobierno,Meteorólogo/a,24,8500.0,Baja
3946,Licenciatura,Informal,Profesor/a,33,12300.0,Baja
3947,Licenciatura,Manufactura,Cajero,21,10300.0,Baja
3948,Licenciatura,Servicios,Pastor,28,12300.0,Baja
3949,Licenciatura,Informal,Agricultor,38,13900.0,Baja
3950,Básica,Informal,Ingeniero/a,44,11900.0,Baja
3951,Licenciatura,Informal,Carnicero,52,10900.0,Baja
3952,Licenciatura,Servicios,Filólogo/a,32,8500.0,Baja
3953,Licenciatura,Informal,Chofer transportista,32,13600.0,Baja
3954,Básica,Finanzas,Paleontólogo/a,35,22700.0,Media
3955,Licenciatura,Manufactura,Carpintero,20,16300.0,Media
3956,Licenciatura,Informal,Pescador,44,8500.0,Baja
3957,Media Superior,Construcción,Actuario/a,39,16100.0,Media
3958,Media Superior,Informal,Escultor,55,8500.0,Baja
3959,Posgrado,Informal,Contador/a,56,26000.0,Media
3960,Media Superior,Informal,Soldador,50,8500.0,Baja
3961,Media Superior,Manufactura,Lavandero,44,21400.0,Media
3962,Licenciatura,Manufactura,Diseñador/a gráfico,55,27500.0,Media
3963,Media Superior,Informal,Pastor,38,9900.0,Baja
3964,Básica,Manufactura,Economista,48,21200.0,Media
3965,Media Superior,Servicios,Frutero,41,8500.0,Baja
3966,Licenciatura,Manufactura,Ingeniero/a,36,19100.0,Media
3967,Licenciatura,Informal,Imprentero,43,8700.0,Baja
3968,Básica,Finanzas,Radiólogo/a,57,24200.0,Media
3969,Licenciatura,Finanzas,Guardabosques,55,26500.0,Media
3970,Media Superior,Servicios,Físico/a,50,32700.0,Media
3971,Posgrado,Gobierno,Abogado/a,36,19000.0,Media
3972,Posgrado,Informal,Profesor/a,36,13400.0,Baja
3973,Básica,Servicios,Leñador,43,13400.0,Baja
3974,Media Superior,Servicios,Frutero,40,21400.0,Media
3975,Licenciatura,Comercio,Guardabosques,54,23500.0,Media
3976,Licenciatura,Finanzas,Cajero,48,20700.0,Media
3977,Licenciatura,Comercio,Imprentero,24,10600.0,Baja
3978,Básica,Manufactura,Imprentero,25,10900.0,Baja
3979,Media Superior,Manufactura,Chofer transportista,58,9400.0,Baja
3980,Básica,Gobierno,Periodista,31,8500.0,Baja
3981,Media Superior,Manufactura,Vigilante,41,16900.0,Media
3982,Licenciatura,Finanzas,Apicultor,35,16700.0,Media
3983,Posgrado,Gobierno,Filólogo/a,52,16700.0,Media
3984,Licenciatura,Comercio,Albañil,26,8500.0,Baja
3985,Licenciatura,Manufactura,Escultor,46,8500.0,Baja
3986,Básica,Gobierno,Soldador,23,11200.0,Baja
3987,Media Superior,Manufactura,Chofer transportista,46,11400.0,Baja
3988,Media Superior,Manufactura,Animador,25,8500.0,Baja
3989,Licenciatura,Comercio,Herrero,36,8500.0,Baja
3990,Básica,Comercio,Telefonista,33,8500.0,Baja
3991,Licenciatura,Gobierno,Paleontólogo/a,35,18100.0,Media
3992,Media Superior,Finanzas,Artesano,36,15700.0,Media
3993,Licenciatura,Gobierno,Albañil,35,20000.0,Media
3994,Media Superior,Gobierno,Afilador,49,14000.0,Baja
3995,Media Superior,Gobierno,Músico/a,39,16300.0,Media
3996,Media Superior,Manufactura,Historiador/a,58,21800.0,Media
3997,Básica,Comercio,Panadero,36,8500.0,Baja
3998,Básica,Comercio,Peletero,26,8500.0,Baja
3999,Básica,Gobierno,Óptico,26,8800.0,Baja
4000,Licenciatura,Manufactura,Cerrajero,31,14200.0,Baja
4001,Licenciatura,Gobierno,Pescador,49,16700.0,Media
4002,Posgrado,Servicios,Programador,33,24500.0,Media
4003,Licenciatura,Comercio,Barbero,34,8500.0,Baja
4004,Licenciatura,Comercio,Médico/a cirujano/a,45,26400.0,Media
4005,Licenciatura,Finanzas,Farmacólogo/a,44,32600.0,Media
4006,Licenciatura,Gobierno,Agricultor,29,13900.0,Baja
4007,Licenciatura,Finanzas,Historiador/a,33,23200.0,Media
4008,Media Superior,Comercio,Médico/a cirujano/a,21,8600.0,Baja
4009,Media Superior,Manufactura,Lechero,56,19200.0,Media
4010,Licenciatura,Finanzas,Psicólogo/a,58,37800.0,Alta
4011,Media Superior,Finanzas,Maestro,50,14700.0,Baja
4012,Licenciatura,Finanzas,Desarrollador/a web,55,29200.0,Media
4013,Posgrado,Construcción,Cocinero,57,27900.0,Media
4014,Media Superior,Finanzas,Repartidor,53,29900.0,Media
4015,Media Superior,Construcción,Herrero,33,8500.0,Baja
4016,Básica,Comercio,Paleontólogo/a,59,18300.0,Media
4017,Media Superior,Comercio,Panadero,55,12100.0,Baja
4018,Posgrado,Comercio,Tornero,48,24200.0,Media
4019,Media Superior,Comercio,Geógrafo/a,28,8600.0,Baja
4020,Licenciatura,Comercio,Cocinero,39,18800.0,Media
4021,Media Superior,Comercio,Biólogo/a,38,8500.0,Baja
4022,Básica,Finanzas,Leñador,26,14800.0,Baja
4023,Básica,Gobierno,Imprentero,23,8500.0,Baja
4024,Licenciatura,Informal,Guardabosques,43,15300.0,Media
4025,Media Superior,Servicios,Vendedor,45,15100.0,Media
4026,Media Superior,Informal,Carnicero,47,15400.0,Media
4027,Posgrado,Finanzas,Peluquero,49,21600.0,Media
4028,Licenciatura,Gobierno,Zapatero,22,8500.0,Baja
4029,Media Superior,Servicios,Paleontólogo/a,25,8500.0,Baja
4030,Media Superior,Servicios,Frutero,29,12500.0,Baja
4031,Básica,Gobierno,Farmacólogo/a,48,9600.0,Baja
4032,Licenciatura,Servicios,Peluquero,55,26600.0,Media
4033,Licenciatura,Gobierno,Panadero,55,22500.0,Media
4034,Media Superior,Finanzas,Kinesiólogo/a,47,24000.0,Media
4035,Básica,Construcción,Carpintero,35,8500.0,Baja
4036,Licenciatura,Gobierno,Matemático/a,39,23100.0,Media
4037,Licenciatura,Comercio,Soldador,44,14700.0,Baja
4038,Posgrado,Servicios,Diseñador/a gráfico,51,30200.0,Media
4039,Licenciatura,Gobierno,Biólogo/a,52,26500.0,Media
4040,Posgrado,Gobierno,Vendedor,46,19200.0,Media
4041,Básica,Informal,Matemático/a,49,17300.0,Media
4042,Licenciatura,Comercio,Repartidor,31,14900.0,Baja
4043,Licenciatura,Construcción,Agricultor,48,13700.0,Baja
4044,Posgrado,Comercio,Físico/a,58,43800.0,Alta
4045,Media Superior,Finanzas,Arquitecto/a,40,19800.0,Media
4046,Básica,Servicios,Físico/a,35,8500.0,Baja
4047,Licenciatura,Gobierno,Chofer transportista,54,18900.0,Media
4048,Licenciatura,Finanzas,Psicoanalista,23,17500.0,Media
4049,Licenciatura,Informal,Cajero,49,9800.0,Baja
4050,Licenciatura,Gobierno,Tornero,33,18500.0,Media
4051,Licenciatura,Informal,Farmacólogo/a,52,22700.0,Media
4052,Licenciatura,Manufactura,Economista,50,16800.0,Media
4053,Licenciatura,Servicios,Actuario/a,41,24600.0,Media
4054,Básica,Manufactura,Radiólogo/a,35,9000.0,Baja
4055,Media Superior,Servicios,Historiador/a,30,17600.0,Media
4056,Media Superior,Finanzas,Traductor/a,45,11400.0,Baja
4057,Media Superior,Comercio,Afilador,40,8500.0,Baja
4058,Licenciatura,Informal,Veterinario/a,59,21100.0,Media
4059,Licenciatura,Informal,Frutero,47,17800.0,Media
4060,Licenciatura,Servicios,Desarrollador/a web,50,22800.0,Media
4061,Licenciatura,Construcción,Lutier,39,20800.0,Media
4062,Licenciatura,Comercio,Meteorólogo/a,47,14500.0,Baja
4063,Posgrado,Servicios,Leñador,39,18200.0,Media
4064,Posgrado,Informal,Escultor,21,8500.0,Baja
4065,Licenciatura,Finanzas,Cerrajero,53,26900.0,Media
4066,Licenciatura,Servicios,Administrador/a,25,13000.0,Baja
4067,Posgrado,Comercio,Arquitecto/a,34,24500.0,Media
4068,Media Superior,Comercio,Psicólogo/a,40,17200.0,Media
4069,Básica,Finanzas,Psicoanalista,58,25300.0,Media
4070,Básica,Gobierno,Desarrollador/a web,36,17500.0,Media
4071,Licenciatura,Servicios,Músico/a,40,16100.0,Media
4072,Básica,Gobierno,Repartidor,46,10600.0,Baja
4073,Básica,Servicios,Vigilante,46,16900.0,Media
4074,Licenciatura,Servicios,Frutero,20,8500.0,Baja
4075,Básica,Informal,Contador/a,25,11300.0,Baja
4076,Licenciatura,Construcción,Desarrollador/a web,30,16100.0,Media
4077,Licenciatura,Manufactura,Psicoanalista,30,8500.0,Baja
4078,Licenciatura,Comercio,Pescador,56,16600.0,Media
4079,Licenciatura,Informal,Farmacólogo/a,43,8500.0,Baja
4080,Media Superior,Informal,Bibliotecario/a,23,13200.0,Baja
4081,Media Superior,Comercio,Ferretero,23,8500.0,Baja
4082,Licenciatura,Servicios,Joyero,28,18100.0,Media
4083,Licenciatura,Comercio,Peluquero,58,18400.0,Media
4084,Media Superior,Construcción,Músico/a,37,17900.0,Media
4085,Media Superior,Servicios,Abogado/a,39,8500.0,Baja
4086,Licenciatura,Construcción,Fontanero o plomero,26,11500.0,Baja
4087,Básica,Manufactura,Chofer transportista,57,16600.0,Media
4088,Licenciatura,Gobierno,Profesor/a,33,26700.0,Media
4089,Básica,Servicios,Camarero,57,13200.0,Baja
4090,Licenciatura,Informal,Actuario/a,34,15800.0,Media
4091,Licenciatura,Construcción,Actuario/a,47,17800.0,Media
4092,Licenciatura,Servicios,Traductor/a,56,25800.0,Media
4093,Básica,Comercio,Apicultor,50,11100.0,Baja
4094,Básica,Manufactura,Escritor,36,8600.0,Baja
4095,Media Superior,Comercio,Químico/a,49,14100.0,Baja
4096,Posgrado,Comercio,Veterinario/a,35,24800.0,Media
4097,Básica,Construcción,Lavandero,39,8500.0,Baja
4098,Básica,Manufactura,Músico/a,52,15500.0,Media
4099,Licenciatura,Comercio,Vigilante,35,12600.0,Baja
4100,Media Superior,Manufactura,Óptico,23,8500.0,Baja
4101,Media Superior,Comercio,Farmacólogo/a,40,14400.0,Baja
4102,Posgrado,Comercio,Herrero,31,13500.0,Baja
4103,Media Superior,Informal,Traductor/a,39,12000.0,Baja
4104,Licenciatura,Gobierno,Bibliotecario/a,35,9000.0,Baja
4105,Media Superior,Construcción,Escritor,24,12300.0,Baja
4106,Básica,Construcción,Apicultor,30,9200.0,Baja
4107,Media Superior,Manufactura,Psicoanalista,43,20400.0,Media
4108,Posgrado,Comercio,Tornero,43,14300.0,Baja
4109,Básica,Gobierno,Abogado/a,24,8500.0,Baja
4110,Licenciatura,Comercio,Fumigador,20,8500.0,Baja
4111,Básica,Informal,Peletero,42,8500.0,Baja
4112,Básica,Construcción,Vigilante,21,8500.0,Baja
4113,Básica,Informal,Físico/a,56,10700.0,Baja
4114,Media Superior,Servicios,Lutier,36,8500.0,Baja
4115,Licenciatura,Gobierno,Músico/a,56,26700.0,Media
4116,Licenciatura,Manufactura,Matemático/a,41,21500.0,Media
4117,Básica,Gobierno,Apicultor,20,8500.0,Baja
4118,Básica,Informal,Traductor/a,27,10700.0,Baja
4119,Media Superior,Informal,Maestro,37,14600.0,Baja
4120,Licenciatura,Gobierno,Carpintero,48,21200.0,Media
4121,Básica,Informal,Paleontólogo/a,54,19100.0,Media
4122,Licenciatura,Manufactura,Psicoanalista,50,27200.0,Media
4123,Licenciatura,Gobierno,Ferretero,21,17700.0,Media
4124,Posgrado,Manufactura,Arquitecto/a,34,13900.0,Baja
4125,Básica,Gobierno,Barrendero,38,17100.0,Media
4126,Básica,Servicios,Pintor,53,8500.0,Baja
4127,Básica,Manufactura,Agricultor,45,8500.0,Baja
4128,Posgrado,Comercio,Pintor,36,8500.0,Baja
4129,Licenciatura,Servicios,Lavandero,39,19400.0,Media
4130,Licenciatura,Servicios,Ingeniero/a,43,20200.0,Media
4131,Licenciatura,Construcción,Lingüista,41,17400.0,Media
4132,Licenciatura,Comercio,Escultor,33,8500.0,Baja
4133,Media Superior,Construcción,Psicólogo/a,52,18200.0,Media
4134,Media Superior,Gobierno,Lingüista,24,11300.0,Baja
4135,Posgrado,Gobierno,Psicoanalista,51,27100.0,Media
4136,Licenciatura,Manufactura,Fontanero o plomero,38,14700.0,Baja
4137,Básica,Informal,Agricultor,40,8500.0,Baja
4138,Básica,Gobierno,Afilador,45,19000.0,Media
4139,Básica,Informal,Matemático/a,57,22900.0,Media
4140,Licenciatura,Gobierno,Pastor,35,14200.0,Baja
4141,Media Superior,Servicios,Físico/a,21,8600.0,Baja
4142,Posgrado,Comercio,Camarero,38,9200.0,Baja
4143,Licenciatura,Comercio,Mecánico,49,13700.0,Baja
4144,Media Superior,Construcción,Artesano,41,17300.0,Media
4145,Licenciatura,Finanzas,Lingüista,46,26800.0,Media
4146,Media Superior,Finanzas,Peletero,51,8600.0,Baja
4147,Posgrado,Comercio,Cajero,48,13000.0,Baja
4148,Licenciatura,Servicios,Telefonista,22,8500.0,Baja
4149,Licenciatura,Informal,Lutier,39,12400.0,Baja
4150,Licenciatura,Servicios,Meteorólogo/a,44,26100.0,Media
4151,Licenciatura,Informal,Herrero,34,13600.0,Baja
4152,Licenciatura,Construcción,Pintor,27,8500.0,Baja
4153,Licenciatura,Manufactura,Bombero,54,16900.0,Media
4154,Media Superior,Informal,Lingüista,35,10900.0,Baja
4155,Media Superior,Finanzas,Técnico/a de sonido,39,8500.0,Baja
4156,Licenciatura,Gobierno,Técnico/a de sonido,57,19100.0,Media
4157,Básica,Construcción,Matemático/a,43,17600.0,Media
4158,Básica,Servicios,Diseñador/a gráfico,34,15000.0,Media
4159,Licenciatura,Servicios,Herrero,55,16300.0,Media
4160,Licenciatura,Informal,Kinesiólogo/a,47,16600.0,Media
4161,Licenciatura,Servicios,Apicultor,54,19200.0,Media
4162,Media Superior,Construcción,Sastre,49,9900.0,Baja
4163,Media Superior,Finanzas,Abogado/a,21,8500.0,Baja
4164,Media Superior,Gobierno,Historiador/a,28,9800.0,Baja
4165,Media Superior,Servicios,Filólogo/a,26,8500.0,Baja
4166,Media Superior,Servicios,Periodista,45,9300.0,Baja
4167,Media Superior,Gobierno,Animador,55,24100.0,Media
4168,Media Superior,Servicios,Lechero,28,8500.0,Baja
4169,Licenciatura,Comercio,Animador,57,20100.0,Media
4170,Posgrado,Construcción,Repartidor,49,18000.0,Media
4171,Básica,Informal,Lechero,27,8500.0,Baja
4172,Básica,Informal,Actuario/a,22,8500.0,Baja
4173,Licenciatura,Informal,Economista,55,15200.0,Media
4174,Licenciatura,Finanzas,Soldador,28,13300.0,Baja
4175,Media Superior,Manufactura,Soldador,53,13800.0,Baja
4176,Media Superior,Manufactura,Traductor/a,29,12800.0,Baja
4177,Media Superior,Finanzas,Bibliotecario/a,49,25300.0,Media
4178,Licenciatura,Gobierno,Actuario/a,33,16000.0,Media
4179,Media Superior,Manufactura,Abogado/a,21,17300.0,Media
4180,Básica,Gobierno,Químico/a,42,12700.0,Baja
4181,Media Superior,Servicios,Panadero,32,8500.0,Baja
4182,Media Superior,Manufactura,Agricultor,57,19700.0,Media
4183,Licenciatura,Manufactura,Tornero,31,14400.0,Baja
4184,Licenciatura,Manufactura,Bombero,53,18100.0,Media
4185,Básica,Informal,Kinesiólogo/a,25,9600.0,Baja
4186,Media Superior,Construcción,Pintor,47,9500.0,Baja
4187,Posgrado,Comercio,Contador/a,24,8500.0,Baja
4188,Licenciatura,Gobierno,Técnico/a de sonido,38,19600.0,Media
4189,Licenciatura,Gobierno,Veterinario/a,52,25100.0,Media
4190,Licenciatura,Comercio,Médico/a cirujano/a,24,10400.0,Baja
4191,Licenciatura,Manufactura,Vendedor,58,21300.0,Media
4192,Media Superior,Gobierno,Farmacólogo/a,22,16300.0,Media
4193,Básica,Manufactura,Economista,57,17400.0,Media
4194,Licenciatura,Informal,Peluquero,27,9400.0,Baja
4195,Media Superior,Finanzas,Camarero,35,13900.0,Baja
4196,Básica,Finanzas,Guardabosques,28,19100.0,Media
4197,Media Superior,Finanzas,Relojero,21,8500.0,Baja
4198,Media Superior,Servicios,Peletero,55,14400.0,Baja
4199,Licenciatura,Manufactura,Psicólogo/a,58,24600.0,Media
4200,Licenciatura,Manufactura,Biólogo/a,50,16400.0,Media
4201,Licenciatura,Comercio,Pintor,57,27500.0,Media
4202,Básica,Servicios,Bibliotecario/a,46,12600.0,Baja
4203,Licenciatura,Gobierno,Animador,50,10800.0,Baja
4204,Licenciatura,Finanzas,Maestro,42,26100.0,Media
4205,Básica,Informal,Radiólogo/a,42,9700.0,Baja
4206,Media Superior,Comercio,Radiólogo/a,53,17600.0,Media
4207,Licenciatura,Comercio,Arquitecto/a,24,8500.0,Baja
4208,Básica,Servicios,Filólogo/a,30,19200.0,Media
4209,Media Superior,Manufactura,Diseñador/a gráfico,23,25100.0,Media
4210,Media Superior,Gobierno,Sastre,29,17300.0,Media
4211,Licenciatura,Gobierno,Físico/a,31,20500.0,Media
4212,Media Superior,Comercio,Ferretero,36,8500.0,Baja
4213,Posgrado,Informal,Vendedor,29,8500.0,Baja
4214,Media Superior,Comercio,Periodista,33,8500.0,Baja
4215,Media Superior,Servicios,Animador,29,8500.0,Baja
4216,Posgrado,Servicios,Carpintero,57,22900.0,Media
4217,Posgrado,Finanzas,Animador,22,26500.0,Media
4218,Licenciatura,Manufactura,Lavandero,28,15000.0,Media
4219,Licenciatura,Finanzas,Panadero,42,21700.0,Media
4220,Licenciatura,Comercio,Relojero,20,12500.0,Baja
4221,Posgrado,Comercio,Filólogo/a,27,10800.0,Baja
4222,Media Superior,Servicios,Artesano,50,12800.0,Baja
4223,Básica,Finanzas,Ingeniero/a,33,10000.0,Baja
4224,Básica,Manufactura,Vendedor,58,21600.0,Media
4225,Licenciatura,Gobierno,Afilador,36,8500.0,Baja
4226,Básica,Manufactura,Geógrafo/a,20,8500.0,Baja
4227,Básica,Informal,Psicólogo/a,38,22100.0,Media
4228,Media Superior,Comercio,Bibliotecario/a,20,15400.0,Media
4229,Licenciatura,Servicios,Frutero,23,8500.0,Baja
4230,Licenciatura,Gobierno,Psicólogo/a,54,23400.0,Media
4231,Media Superior,Comercio,Lechero,35,14500.0,Baja
4232,Media Superior,Gobierno,Peluquero,59,26000.0,Media
4233,Media Superior,Manufactura,Artesano,36,8700.0,Baja
4234,Licenciatura,Informal,Químico/a,23,8500.0,Baja
4235,Media Superior,Manufactura,Veterinario/a,54,26600.0,Media
4236,Licenciatura,Construcción,Fontanero o plomero,51,20900.0,Media
4237,Licenciatura,Comercio,Kinesiólogo/a,59,25400.0,Media
4238,Licenciatura,Comercio,Animador,28,8500.0,Baja
4239,Media Superior,Comercio,Psicólogo/a,44,12000.0,Baja
4240,Licenciatura,Comercio,Cerrajero,46,12400.0,Baja
4241,Posgrado,Informal,Diseñador/a gráfico,47,23900.0,Media
4242,Licenciatura,Finanzas,Lechero,38,13700.0,Baja
4243,Licenciatura,Servicios,Físico/a,21,18500.0,Media
4244,Licenciatura,Manufactura,Administrador/a,21,8500.0,Baja
4245,Licenciatura,Servicios,Médico/a cirujano/a,36,15300.0,Media
4246,Media Superior,Manufactura,Pescador,46,8500.0,Baja
4247,Básica,Informal,Afilador,36,9600.0,Baja
4248,Básica,Comercio,Desarrollador/a web,35,8500.0,Baja
4249,Media Superior,Servicios,Veterinario/a,53,16600.0,Media
4250,Básica,Servicios,Albañil,46,8500.0,Baja
4251,Licenciatura,Servicios,Pastor,56,20900.0,Media
4252,Licenciatura,Gobierno,Bibliotecario/a,22,8500.0,Baja
4253,Licenciatura,Gobierno,Cocinero,32,12200.0,Baja
4254,Media Superior,Gobierno,Técnico/a de sonido,48,15900.0,Media
4255,Licenciatura,Manufactura,Bombero,36,8500.0,Baja
4256,Básica,Comercio,Telefonista,50,8500.0,Baja
4257,Licenciatura,Construcción,Frutero,59,13600.0,Baja
4258,Media Superior,Informal,Guardabosques,22,10600.0,Baja
4259,Licenciatura,Manufactura,Lavandero,38,8500.0,Baja
4260,Media Superior,Comercio,Administrador/a,33,8500.0,Baja
4261,Posgrado,Gobierno,Químico/a,52,32400.0,Media
4262,Licenciatura,Finanzas,Imprentero,53,23000.0,Media
4263,Media Superior,Comercio,Joyero,20,8500.0,Baja
4264,Media Superior,Finanzas,Tornero,51,16800.0,Media
4265,Media Superior,Servicios,Físico/a,40,22400.0,Media
4266,Posgrado,Gobierno,Soldador,50,25800.0,Media
4267,Media Superior,Comercio,Pastor,47,10000.0,Baja
4268,Licenciatura,Finanzas,Filólogo/a,53,27600.0,Media
4269,Licenciatura,Informal,Ingeniero/a,50,15700.0,Media
4270,Licenciatura,Manufactura,Bibliotecario/a,57,29200.0,Media
4271,Licenciatura,Finanzas,Chofer transportista,38,20800.0,Media
4272,Licenciatura,Gobierno,Guardabosques,34,14600.0,Baja
4273,Básica,Finanzas,Bombero,44,8500.0,Baja
4274,Media Superior,Servicios,Paleontólogo/a,44,11600.0,Baja
4275,Media Superior,Construcción,Frutero,52,12800.0,Baja
4276,Básica,Informal,Carpintero,39,8500.0,Baja
4277,Básica,Servicios,Frutero,52,13800.0,Baja
4278,Básica,Informal,Historiador/a,40,13100.0,Baja
4279,Licenciatura,Informal,Leñador,58,13600.0,Baja
4280,Media Superior,Comercio,Vigilante,27,8500.0,Baja
4281,Licenciatura,Manufactura,Zapatero,44,11000.0,Baja
4282,Posgrado,Informal,Fumigador,31,12800.0,Baja
4283,Básica,Servicios,Óptico,31,8500.0,Baja
4284,Licenciatura,Informal,Biólogo/a,53,22300.0,Media
4285,Básica,Comercio,Albañil,50,19100.0,Media
4286,Licenciatura,Informal,Meteorólogo/a,21,9600.0,Baja
4287,Media Superior,Finanzas,Tornero,47,21100.0,Media
4288,Básica,Manufactura,Peletero,22,8500.0,Baja
4289,Básica,Servicios,Abogado/a,54,18500.0,Media
4290,Licenciatura,Finanzas,Obrero,52,27500.0,Media
4291,Media Superior,Manufactura,Cajero,33,8500.0,Baja
4292,Media Superior,Comercio,Telefonista,43,22100.0,Media
4293,Media Superior,Gobierno,Artesano,23,10700.0,Baja
4294,Posgrado,Servicios,Farmacólogo/a,22,12600.0,Baja
4295,Licenciatura,Servicios,Maestro,33,15700.0,Media
4296,Licenciatura,Finanzas,Lingüista,20,14500.0,Baja
4297,Media Superior,Gobierno,Albañil,58,15000.0,Media
4298,Posgrado,Servicios,Arquitecto/a,38,24200.0,Media
4299,Licenciatura,Servicios,Químico/a,45,23600.0,Media
4300,Media Superior,Manufactura,Animador,25,8500.0,Baja
4301,Básica,Gobierno,Telefonista,49,8900.0,Baja
4302,Media Superior,Servicios,Ferretero,55,12700.0,Baja
4303,Básica,Informal,Historiador/a,25,8500.0,Baja
4304,Básica,Comercio,Zapatero,33,8500.0,Baja
4305,Licenciatura,Informal,Peletero,45,18500.0,Media
4306,Media Superior,Comercio,Leñador,39,8700.0,Baja
4307,Básica,Manufactura,Fumigador,37,8500.0,Baja
4308,Posgrado,Finanzas,Albañil,24,16700.0,Media
4309,Básica,Informal,Sastre,32,8500.0,Baja
4310,Licenciatura,Gobierno,Músico/a,37,16200.0,Media
4311,Media Superior,Comercio,Músico/a,41,8500.0,Baja
4312,Básica,Servicios,Peletero,28,8500.0,Baja
4313,Licenciatura,Servicios,Fumigador,59,19000.0,Media
4314,Posgrado,Servicios,Zapatero,28,8500.0,Baja
4315,Media Superior,Servicios,Leñador,59,15600.0,Media
4316,Licenciatura,Comercio,Escritor,51,14800.0,Baja
4317,Media Superior,Manufactura,Economista,46,8500.0,Baja
4318,Licenciatura,Servicios,Kinesiólogo/a,33,14000.0,Baja
4319,Básica,Comercio,Físico/a,44,15500.0,Media
4320,Licenciatura,Gobierno,Fumigador,28,14900.0,Baja
4321,Licenciatura,Servicios,Veterinario/a,34,24900.0,Media
4322,Licenciatura,Servicios,Tornero,48,13400.0,Baja
4323,Media Superior,Servicios,Filólogo/a,28,18400.0,Media
4324,Licenciatura,Informal,Lutier,47,12300.0,Baja
4325,Media Superior,Servicios,Frutero,45,8700.0,Baja
4326,Licenciatura,Servicios,Diseñador/a gráfico,35,16800.0,Media
4327,Básica,Informal,Frutero,36,10800.0,Baja
4328,Básica,Servicios,Geógrafo/a,37,17400.0,Media
4329,Licenciatura,Construcción,Técnico/a de sonido,24,9100.0,Baja
4330,Básica,Servicios,Fumigador,38,8900.0,Baja
4331,Licenciatura,Comercio,Músico/a,32,13500.0,Baja
4332,Posgrado,Servicios,Barrendero,34,14500.0,Baja
4333,Básica,Comercio,Fontanero o plomero,37,8500.0,Baja
4334,Licenciatura,Informal,Repartidor,55,12500.0,Baja
4335,Básica,Servicios,Periodista,35,11300.0,Baja
4336,Media Superior,Manufactura,Pastor,56,25400.0,Media
4337,Media Superior,Manufactura,Joyero,22,8500.0,Baja
4338,Básica,Servicios,Lechero,51,20000.0,Media
4339,Media Superior,Informal,Obrero,40,8500.0,Baja
4340,Licenciatura,Servicios,Frutero,49,27500.0,Media
4341,Licenciatura,Servicios,Médico/a cirujano/a,47,21500.0,Media
4342,Media Superior,Comercio,Bibliotecario/a,32,13400.0,Baja
4343,Licenciatura,Servicios,Químico/a,57,27700.0,Media
4344,Licenciatura,Gobierno,Diseñador/a gráfico,22,15300.0,Media
4345,Media Superior,Informal,Geógrafo/a,47,8900.0,Baja
4346,Licenciatura,Informal,Ingeniero/a,43,13900.0,Baja
4347,Básica,Servicios,Escultor,53,13200.0,Baja
4348,Media Superior,Manufactura,Historiador/a,20,8500.0,Baja
4349,Media Superior,Servicios,Barrendero,52,19800.0,Media
4350,Media Superior,Informal,Biólogo/a,47,18000.0,Media
4351,Media Superior,Manufactura,Leñador,36,10800.0,Baja
4352,Básica,Gobierno,Panadero,49,10800.0,Baja
4353,Básica,Servicios,Bibliotecario/a,38,12200.0,Baja
4354,Licenciatura,Comercio,Pescador,45,10200.0,Baja
4355,Posgrado,Construcción,Obrero,23,8500.0,Baja
4356,Básica,Comercio,Artesano,41,12300.0,Baja
4357,Básica,Gobierno,Lechero,39,12800.0,Baja
4358,Media Superior,Servicios,Cerrajero,35,8500.0,Baja
4359,Básica,Finanzas,Psicoanalista,23,8500.0,Baja
4360,Media Superior,Finanzas,Agricultor,40,12800.0,Baja
4361,Básica,Construcción,Chofer transportista,38,8500.0,Baja
4362,Básica,Comercio,Abogado/a,21,8500.0,Baja
4363,Licenciatura,Informal,Leñador,25,10400.0,Baja
4364,Licenciatura,Finanzas,Peletero,32,22200.0,Media
4365,Básica,Comercio,Barbero,25,13200.0,Baja
4366,Licenciatura,Construcción,Pintor,33,8500.0,Baja
4367,Media Superior,Informal,Barbero,35,9300.0,Baja
4368,Media Superior,Manufactura,Lutier,34,15600.0,Media
4369,Media Superior,Finanzas,Farmacólogo/a,59,32800.0,Media
4370,Básica,Manufactura,Escultor,21,8500.0,Baja
4371,Media Superior,Gobierno,Barbero,42,20600.0,Media
4372,Media Superior,Servicios,Bibliotecario/a,37,14900.0,Baja
4373,Básica,Comercio,Kinesiólogo/a,27,8500.0,Baja
4374,Básica,Manufactura,Guardabosques,30,8500.0,Baja
4375,Media Superior,Gobierno,Contador/a,35,10000.0,Baja
4376,Licenciatura,Manufactura,Artesano,53,17300.0,Media
4377,Básica,Gobierno,Escultor,35,8500.0,Baja
4378,Media Superior,Manufactura,Cocinero,25,13100.0,Baja
4379,Licenciatura,Servicios,Lingüista,34,11800.0,Baja
4380,Licenciatura,Informal,Técnico/a de sonido,27,8500.0,Baja
4381,Licenciatura,Finanzas,Pintor,41,22700.0,Media
4382,Media Superior,Manufactura,Leñador,44,14700.0,Baja
4383,Media Superior,Comercio,Repartidor,58,8500.0,Baja
4384,Posgrado,Finanzas,Telefonista,44,35000.0,Alta
4385,Licenciatura,Servicios,Apicultor,40,9700.0,Baja
4386,Básica,Manufactura,Actuario/a,23,8500.0,Baja
4387,Licenciatura,Finanzas,Frutero,38,17900.0,Media
4388,Licenciatura,Manufactura,Bibliotecario/a,26,8500.0,Baja
4389,Media Superior,Construcción,Psicólogo/a,54,19100.0,Media
4390,Licenciatura,Finanzas,Albañil,48,16500.0,Media
4391,Licenciatura,Servicios,Herrero,22,8500.0,Baja
4392,Licenciatura,Finanzas,Maestro,44,21200.0,Media
4393,Licenciatura,Manufactura,Historiador/a,38,13200.0,Baja
4394,Licenciatura,Manufactura,Músico/a,55,20100.0,Media
4395,Media Superior,Comercio,Imprentero,31,12000.0,Baja
4396,Posgrado,Servicios,Actuario/a,47,43000.0,Alta
4397,Media Superior,Informal,Animador,55,14400.0,Baja
4398,Posgrado,Comercio,Vigilante,26,17000.0,Media
4399,Básica,Comercio,Cerrajero,33,8500.0,Baja
4400,Básica,Gobierno,Barbero,43,20300.0,Media
4401,Licenciatura,Manufactura,Maestro,32,13100.0,Baja
4402,Básica,Comercio,Filólogo/a,45,8500.0,Baja
4403,Licenciatura,Comercio,Apicultor,52,8500.0,Baja
4404,Posgrado,Servicios,Biólogo/a,33,19200.0,Media
4405,Media Superior,Informal,Filólogo/a,26,14900.0,Baja
4406,Media Superior,Gobierno,Obrero,48,25500.0,Media
4407,Licenciatura,Construcción,Desarrollador/a web,29,16600.0,Media
4408,Licenciatura,Manufactura,Lutier,27,8500.0,Baja
4409,Básica,Gobierno,Meteorólogo/a,44,13200.0,Baja
4410,Licenciatura,Comercio,Arquitecto/a,32,14700.0,Baja
4411,Básica,Servicios,Diseñador/a gráfico,48,13500.0,Baja
4412,Licenciatura,Comercio,Barrendero,29,8500.0,Baja
4413,Media Superior,Servicios,Guardabosques,26,13200.0,Baja
4414,Posgrado,Comercio,Repartidor,38,12600.0,Baja
4415,Licenciatura,Servicios,Barrendero,30,8500.0,Baja
4416,Básica,Servicios,Radiólogo/a,22,8500.0,Baja
4417,Media Superior,Gobierno,Agricultor,37,8500.0,Baja
4418,Licenciatura,Comercio,Animador,57,8900.0,Baja
4419,Media Superior,Manufactura,Paleontólogo/a,59,23200.0,Media
4420,Básica,Servicios,Leñador,55,11400.0,Baja
4421,Básica,Informal,Periodista,34,15500.0,Media
4422,Licenciatura,Manufactura,Actuario/a,20,11500.0,Baja
4423,Licenciatura,Construcción,Arquitecto/a,21,11900.0,Baja
4424,Básica,Comercio,Físico/a,52,23600.0,Media
4425,Media Superior,Informal,Arquitecto/a,57,26800.0,Media
4426,Licenciatura,Comercio,Chofer transportista,49,8500.0,Baja
4427,Licenciatura,Finanzas,Lingüista,45,23300.0,Media
4428,Licenciatura,Gobierno,Radiólogo/a,59,27400.0,Media
4429,Posgrado,Servicios,Albañil,51,20700.0,Media
4430,Posgrado,Finanzas,Historiador/a,33,14700.0,Baja
4431,Licenciatura,Comercio,Panadero,27,17600.0,Media
4432,Posgrado,Construcción,Ingeniero/a,41,25900.0,Media
4433,Básica,Finanzas,Filólogo/a,21,12900.0,Baja
4434,Posgrado,Servicios,Maestro,26,8500.0,Baja
4435,Media Superior,Comercio,Sastre,50,15600.0,Media
4436,Media Superior,Servicios,Ferretero,26,22800.0,Media
4437,Licenciatura,Manufactura,Químico/a,32,27100.0,Media
4438,Básica,Informal,Enfermero/a,38,19300.0,Media
4439,Licenciatura,Comercio,Sastre,43,15400.0,Media
4440,Licenciatura,Servicios,Biólogo/a,24,11700.0,Baja
4441,Media Superior,Servicios,Imprentero,27,8500.0,Baja
4442,Licenciatura,Finanzas,Vendedor,35,21300.0,Media
4443,Posgrado,Gobierno,Afilador,34,11700.0,Baja
4444,Licenciatura,Gobierno,Cerrajero,45,12100.0,Baja
4445,Licenciatura,Manufactura,Contador/a,57,18000.0,Media
4446,Licenciatura,Finanzas,Escultor,45,19000.0,Media
4447,Básica,Informal,Administrador/a,25,8500.0,Baja
4448,Licenciatura,Manufactura,Peletero,20,8500.0,Baja
4449,Licenciatura,Manufactura,Albañil,41,17600.0,Media
4450,Licenciatura,Construcción,Vigilante,48,17300.0,Media
4451,Media Superior,Manufactura,Herrero,43,11900.0,Baja
4452,Media Superior,Gobierno,Matemático/a,24,12100.0,Baja
4453,Básica,Gobierno,Telefonista,57,17300.0,Media
4454,Licenciatura,Servicios,Cajero,34,8500.0,Baja
4455,Licenciatura,Servicios,Peletero,24,8500.0,Baja
4456,Básica,Gobierno,Escultor,52,13800.0,Baja
4457,Media Superior,Gobierno,Sastre,38,10600.0,Baja
4458,Media Superior,Servicios,Fumigador,38,12200.0,Baja
4459,Posgrado,Construcción,Cocinero,57,24000.0,Media
4460,Licenciatura,Gobierno,Filólogo/a,48,17600.0,Media
4461,Media Superior,Servicios,Peletero,30,11300.0,Baja
4462,Media Superior,Informal,Arquitecto/a,58,18800.0,Media
4463,Media Superior,Comercio,Psicólogo/a,50,18400.0,Media
4464,Media Superior,Manufactura,Afilador,25,8500.0,Baja
4465,Básica,Servicios,Camarero,50,18800.0,Media
4466,Licenciatura,Gobierno,Obrero,56,25100.0,Media
4467,Licenciatura,Finanzas,Frutero,21,8500.0,Baja
4468,Media Superior,Finanzas,Fumigador,55,18500.0,Media
4469,Básica,Gobierno,Jardinero,29,8500.0,Baja
4470,Básica,Finanzas,Traductor/a,29,16300.0,Media
4471,Media Superior,Comercio,Fontanero o plomero,58,8500.0,Baja
4472,Media Superior,Manufactura,Administrador/a,58,20000.0,Media
4473,Licenciatura,Construcción,Historiador/a,53,25300.0,Media
4474,Media Superior,Comercio,Repartidor,20,8500.0,Baja
4475,Media Superior,Construcción,Filólogo/a,32,8500.0,Baja
4476,Media Superior,Comercio,Lavandero,49,10700.0,Baja
4477,Licenciatura,Gobierno,Barbero,22,8500.0,Baja
4478,Media Superior,Manufactura,Físico/a,30,8500.0,Baja
4479,Media Superior,Gobierno,Economista,25,8500.0,Baja
4480,Media Superior,Comercio,Carpintero,20,10700.0,Baja
4481,Básica,Servicios,Cajero,36,8500.0,Baja
4482,Licenciatura,Comercio,Jardinero,59,16500.0,Media
4483,Licenciatura,Comercio,Enfermero/a,56,19200.0,Media
4484,Básica,Comercio,Periodista,49,10900.0,Baja
4485,Posgrado,Servicios,Maestro,54,29700.0,Media
4486,Posgrado,Manufactura,Frutero,59,36300.0,Alta
4487,Licenciatura,Servicios,Músico/a,54,24600.0,Media
4488,Media Superior,Servicios,Jardinero,51,17900.0,Media
4489,Básica,Informal,Enfermero/a,34,19800.0,Media
4490,Media Superior,Gobierno,Zapatero,24,8500.0,Baja
4491,Básica,Manufactura,Bombero,58,8500.0,Baja
4492,Media Superior,Manufactura,Desarrollador/a web,30,19500.0,Media
4493,Licenciatura,Manufactura,Jardinero,55,20300.0,Media
4494,Media Superior,Finanzas,Traductor/a,47,21400.0,Media
4495,Licenciatura,Comercio,Médico/a cirujano/a,34,19800.0,Media
4496,Licenciatura,Manufactura,Fontanero o plomero,50,20300.0,Media
4497,Licenciatura,Servicios,Lutier,35,22800.0,Media
4498,Licenciatura,Informal,Lechero,20,16200.0,Media
4499,Básica,Manufactura,Pescador,29,8500.0,Baja
4500,Media Superior,Servicios,Sastre,49,18500.0,Media
4501,Licenciatura,Informal,Periodista,47,18300.0,Media
4502,Posgrado,Comercio,Fontanero o plomero,58,19400.0,Media
4503,Básica,Servicios,Escultor,49,8500.0,Baja
4504,Licenciatura,Manufactura,Mecánico,52,20200.0,Media
4505,Posgrado,Informal,Lingüista,27,11800.0,Baja
4506,Media Superior,Servicios,Técnico/a de sonido,53,24200.0,Media
4507,Licenciatura,Informal,Historiador/a,43,13200.0,Baja
4508,Posgrado,Finanzas,Abogado/a,27,18200.0,Media
4509,Posgrado,Servicios,Ingeniero/a,45,31700.0,Media
4510,Media Superior,Construcción,Camarero,51,11200.0,Baja
4511,Media Superior,Comercio,Músico/a,32,8500.0,Baja
4512,Media Superior,Comercio,Ferretero,27,8500.0,Baja
4513,Básica,Servicios,Lingüista,33,12200.0,Baja
4514,Media Superior,Comercio,Tornero,50,8500.0,Baja
4515,Posgrado,Servicios,Paleontólogo/a,53,29100.0,Media
4516,Básica,Gobierno,Afilador,31,8700.0,Baja
4517,Licenciatura,Comercio,Lavandero,46,17900.0,Media
4518,Básica,Servicios,Fumigador,43,17700.0,Media
4519,Licenciatura,Informal,Bibliotecario/a,55,17100.0,Media
4520,Básica,Finanzas,Repartidor,23,15800.0,Media
4521,Licenciatura,Finanzas,Pastor,21,11000.0,Baja
4522,Media Superior,Construcción,Telefonista,30,8500.0,Baja
4523,Posgrado,Servicios,Técnico/a de sonido,38,14400.0,Baja
4524,Licenciatura,Manufactura,Tornero,45,8500.0,Baja
4525,Media Superior,Informal,Bombero,55,10700.0,Baja
4526,Básica,Informal,Tornero,46,13700.0,Baja
4527,Licenciatura,Servicios,Barbero,30,13800.0,Baja
4528,Posgrado,Informal,Vigilante,55,22700.0,Media
4529,Básica,Comercio,Contador/a,56,18500.0,Media
4530,Licenciatura,Manufactura,Administrador/a,21,8500.0,Baja
4531,Básica,Manufactura,Traductor/a,21,10000.0,Baja
4532,Media Superior,Manufactura,Tornero,30,11200.0,Baja
4533,Básica,Informal,Historiador/a,57,23200.0,Media
4534,Básica,Finanzas,Vendedor,53,16200.0,Media
4535,Media Superior,Manufactura,Relojero,50,13700.0,Baja
4536,Media Superior,Construcción,Médico/a cirujano/a,26,19400.0,Media
4537,Posgrado,Informal,Profesor/a,44,22800.0,Media
4538,Licenciatura,Informal,Abogado/a,40,22900.0,Media
4539,Básica,Construcción,Ferretero,22,11700.0,Baja
4540,Media Superior,Comercio,Pescador,32,8500.0,Baja
4541,Licenciatura,Informal,Arquitecto/a,43,8500.0,Baja
4542,Básica,Informal,Mecánico,51,16100.0,Media
4543,Licenciatura,Finanzas,Contador/a,31,15600.0,Media
4544,Media Superior,Comercio,Chofer transportista,53,12100.0,Baja
4545,Media Superior,Construcción,Apicultor,37,8500.0,Baja
4546,Licenciatura,Manufactura,Guardabosques,58,12700.0,Baja
4547,Licenciatura,Servicios,Cajero,30,8500.0,Baja
4548,Media Superior,Comercio,Panadero,49,8500.0,Baja
4549,Posgrado,Informal,Soldador,40,21700.0,Media
4550,Licenciatura,Servicios,Pescador,44,18100.0,Media
4551,Licenciatura,Servicios,Químico/a,54,20100.0,Media
4552,Licenciatura,Comercio,Carnicero,39,20600.0,Media
4553,Media Superior,Informal,Telefonista,25,8500.0,Baja
4554,Media Superior,Gobierno,Biólogo/a,26,16300.0,Media
4555,Media Superior,Informal,Zapatero,28,8500.0,Baja
4556,Básica,Informal,Periodista,45,15600.0,Media
4557,Media Superior,Comercio,Psicólogo/a,57,10900.0,Baja
4558,Básica,Servicios,Lutier,47,14900.0,Baja
4559,Media Superior,Informal,Camarero,26,8500.0,Baja
4560,Media Superior,Construcción,Albañil,53,20000.0,Media
4561,Básica,Servicios,Obrero,53,9700.0,Baja
4562,Licenciatura,Servicios,Vigilante,50,18800.0,Media
4563,Básica,Informal,Químico/a,59,29100.0,Media
4564,Licenciatura,Gobierno,Programador,59,33600.0,Media
4565,Media Superior,Servicios,Fontanero o plomero,22,8500.0,Baja
4566,Licenciatura,Informal,Carpintero,37,21000.0,Media
4567,Licenciatura,Comercio,Lutier,57,19800.0,Media
4568,Licenciatura,Servicios,Agricultor,57,25400.0,Media
4569,Licenciatura,Comercio,Mecánico,20,9400.0,Baja
4570,Básica,Servicios,Sastre,42,9000.0,Baja
4571,Básica,Finanzas,Lechero,49,19800.0,Media
4572,Media Superior,Informal,Cajero,50,8500.0,Baja
4573,Licenciatura,Servicios,Actuario/a,41,19900.0,Media
4574,Licenciatura,Finanzas,Farmacólogo/a,40,19400.0,Media
4575,Media Superior,Servicios,Cerrajero,50,16300.0,Media
4576,Media Superior,Servicios,Enfermero/a,33,12900.0,Baja
4577,Licenciatura,Comercio,Arquitecto/a,59,30400.0,Media
4578,Licenciatura,Informal,Agricultor,49,25500.0,Media
4579,Básica,Comercio,Afilador,43,17900.0,Media
4580,Media Superior,Finanzas,Afilador,47,18400.0,Media
4581,Licenciatura,Informal,Veterinario/a,45,12500.0,Baja
4582,Licenciatura,Comercio,Barrendero,44,18700.0,Media
4583,Posgrado,Gobierno,Bibliotecario/a,26,10400.0,Baja
4584,Media Superior,Servicios,Jardinero,58,15700.0,Media
4585,Posgrado,Servicios,Meteorólogo/a,41,19400.0,Media
4586,Media Superior,Comercio,Panadero,38,11800.0,Baja
4587,Media Superior,Gobierno,Obrero,54,20300.0,Media
4588,Media Superior,Servicios,Telefonista,26,8500.0,Baja
4589,Licenciatura,Gobierno,Fumigador,23,13700.0,Baja
4590,Media Superior,Gobierno,Lechero,30,14900.0,Baja
4591,Media Superior,Finanzas,Lutier,20,9300.0,Baja
4592,Licenciatura,Comercio,Filólogo/a,39,22300.0,Media
4593,Básica,Informal,Técnico/a de sonido,29,8500.0,Baja
4594,Media Superior,Servicios,Peletero,38,8500.0,Baja
4595,Básica,Servicios,Médico/a cirujano/a,59,27900.0,Media
4596,Licenciatura,Informal,Relojero,33,10800.0,Baja
4597,Media Superior,Finanzas,Guardabosques,46,10400.0,Baja
4598,Media Superior,Gobierno,Médico/a cirujano/a,59,26500.0,Media
4599,Básica,Construcción,Carnicero,45,19300.0,Media
4600,Licenciatura,Construcción,Soldador,40,19900.0,Media
4601,Licenciatura,Servicios,Meteorólogo/a,40,25100.0,Media
4602,Básica,Gobierno,Economista,46,17300.0,Media
4603,Básica,Informal,Pescador,57,8500.0,Baja
4604,Licenciatura,Servicios,Físico/a,39,32400.0,Media
4605,Media Superior,Finanzas,Desarrollador/a web,55,33600.0,Media
4606,Básica,Servicios,Kinesiólogo/a,58,17500.0,Media
4607,Licenciatura,Comercio,Frutero,21,10700.0,Baja
4608,Posgrado,Finanzas,Carpintero,48,20500.0,Media
4609,Licenciatura,Informal,Traductor/a,57,26800.0,Media
4610,Básica,Finanzas,Desarrollador/a web,49,20600.0,Media
4611,Licenciatura,Construcción,Diseñador/a gráfico,26,12600.0,Baja
4612,Media Superior,Informal,Lavandero,42,8500.0,Baja
4613,Posgrado,Gobierno,Cerrajero,30,9900.0,Baja
4614,Básica,Servicios,Telefonista,24,9700.0,Baja
4615,Media Superior,Construcción,Agricultor,48,10500.0,Baja
4616,Posgrado,Manufactura,Administrador/a,21,8500.0,Baja
4617,Licenciatura,Gobierno,Psicólogo/a,24,18600.0,Media
4618,Posgrado,Servicios,Tornero,22,11900.0,Baja
4619,Licenciatura,Construcción,Peletero,35,16900.0,Media
4620,Licenciatura,Construcción,Filólogo/a,51,23500.0,Media
4621,Media Superior,Gobierno,Contador/a,28,8500.0,Baja
4622,Media Superior,Informal,Enfermero/a,36,9300.0,Baja
4623,Licenciatura,Servicios,Lechero,53,27000.0,Media
4624,Media Superior,Construcción,Ingeniero/a,54,17600.0,Media
4625,Licenciatura,Servicios,Psicólogo/a,24,8500.0,Baja
4626,Licenciatura,Gobierno,Sastre,29,16100.0,Media
4627,Posgrado,Construcción,Periodista,42,19300.0,Media
4628,Básica,Servicios,Imprentero,32,8500.0,Baja
4629,Licenciatura,Servicios,Animador,33,19000.0,Media
4630,Licenciatura,Gobierno,Pescador,55,21300.0,Media
4631,Licenciatura,Servicios,Pastor,24,8500.0,Baja
4632,Media Superior,Comercio,Carnicero,58,17600.0,Media
4633,Licenciatura,Informal,Carpintero,48,14300.0,Baja
4634,Licenciatura,Finanzas,Matemático/a,25,9000.0,Baja
4635,Licenciatura,Comercio,Profesor/a,24,8500.0,Baja
4636,Básica,Manufactura,Fumigador,58,16900.0,Media
4637,Media Superior,Manufactura,Lavandero,28,8500.0,Baja
4638,Básica,Comercio,Lutier,59,13400.0,Baja
4639,Media Superior,Informal,Relojero,39,8500.0,Baja
4640,Licenciatura,Finanzas,Economista,33,8500.0,Baja
4641,Básica,Comercio,Pastor,53,16000.0,Media
4642,Licenciatura,Comercio,Jardinero,56,20200.0,Media
4643,Posgrado,Comercio,Maestro,23,8500.0,Baja
4644,Licenciatura,Gobierno,Actuario/a,44,26700.0,Media
4645,Básica,Informal,Escritor,33,8500.0,Baja
4646,Licenciatura,Manufactura,Químico/a,44,10100.0,Baja
4647,Licenciatura,Comercio,Administrador/a,35,10700.0,Baja
4648,Media Superior,Informal,Joyero,39,11400.0,Baja
4649,Básica,Comercio,Carpintero,56,14500.0,Baja
4650,Licenciatura,Manufactura,Médico/a cirujano/a,53,22600.0,Media
4651,Media Superior,Servicios,Afilador,35,12700.0,Baja
4652,Básica,Gobierno,Profesor/a,24,15000.0,Media
4653,Licenciatura,Construcción,Carpintero,28,14200.0,Baja
4654,Básica,Servicios,Actuario/a,53,19000.0,Media
4655,Básica,Comercio,Kinesiólogo/a,41,16400.0,Media
4656,Básica,Comercio,Radiólogo/a,50,14100.0,Baja
4657,Licenciatura,Gobierno,Arquitecto/a,53,31400.0,Media
4658,Media Superior,Informal,Escultor,40,10800.0,Baja
4659,Licenciatura,Gobierno,Tornero,56,20500.0,Media
4660,Licenciatura,Servicios,Barrendero,27,13100.0,Baja
4661,Básica,Servicios,Psicólogo/a,50,15200.0,Media
4662,Licenciatura,Construcción,Lavandero,21,8500.0,Baja
4663,Posgrado,Comercio,Traductor/a,27,17600.0,Media
4664,Licenciatura,Comercio,Traductor/a,34,8500.0,Baja
4665,Posgrado,Finanzas,Pintor,20,8900.0,Baja
4666,Media Superior,Gobierno,Geógrafo/a,45,14800.0,Baja
4667,Media Superior,Servicios,Telefonista,48,9600.0,Baja
4668,Licenciatura,Servicios,Economista,55,29900.0,Media
4669,Licenciatura,Finanzas,Carpintero,24,11400.0,Baja
4670,Licenciatura,Finanzas,Profesor/a,58,34300.0,Media
4671,Licenciatura,Servicios,Agricultor,40,13300.0,Baja
4672,Básica,Informal,Imprentero,22,8500.0,Baja
4673,Posgrado,Servicios,Escritor,27,8700.0,Baja
4674,Básica,Finanzas,Pintor,59,25300.0,Media
4675,Media Superior,Construcción,Soldador,35,8500.0,Baja
4676,Básica,Gobierno,Músico/a,32,14900.0,Baja
4677,Media Superior,Comercio,Cocinero,34,12100.0,Baja
4678,Media Superior,Informal,Tornero,46,8500.0,Baja
4679,Licenciatura,Servicios,Artesano,52,21900.0,Media
4680,Media Superior,Comercio,Vigilante,54,14100.0,Baja
4681,Media Superior,Manufactura,Programador,40,8500.0,Baja
4682,Licenciatura,Comercio,Enfermero/a,40,11300.0,Baja
4683,Posgrado,Informal,Imprentero,47,20700.0,Media
4684,Básica,Finanzas,Herrero,34,14700.0,Baja
4685,Licenciatura,Servicios,Cerrajero,31,8500.0,Baja
4686,Licenciatura,Construcción,Animador,47,16000.0,Media
4687,Básica,Servicios,Mecánico,48,12100.0,Baja
4688,Básica,Gobierno,Chofer transportista,34,8500.0,Baja
4689,Media Superior,Informal,Arquitecto/a,41,15500.0,Media
4690,Básica,Finanzas,Ferretero,25,10000.0,Baja
4691,Posgrado,Finanzas,Telefonista,23,8500.0,Baja
4692,Licenciatura,Servicios,Leñador,38,9600.0,Baja
4693,Licenciatura,Construcción,Vigilante,33,9700.0,Baja
4694,Licenciatura,Finanzas,Herrero,21,11200.0,Baja
4695,Media Superior,Construcción,Bombero,59,16900.0,Media
4696,Media Superior,Manufactura,Fumigador,33,10500.0,Baja
4697,Media Superior,Servicios,Peletero,51,18600.0,Media
4698,Media Superior,Comercio,Cocinero,46,16300.0,Media
4699,Media Superior,Informal,Peluquero,32,9300.0,Baja
4700,Básica,Construcción,Profesor/a,47,19300.0,Media
4701,Media Superior,Servicios,Agricultor,28,9600.0,Baja
4702,Básica,Gobierno,Economista,41,10500.0,Baja
4703,Licenciatura,Manufactura,Lingüista,27,8500.0,Baja
4704,Media Superior,Gobierno,Vigilante,49,15700.0,Media
4705,Posgrado,Finanzas,Herrero,40,30000.0,Media
4706,Media Superior,Construcción,Telefonista,54,17800.0,Media
4707,Licenciatura,Comercio,Peletero,31,12300.0,Baja
4708,Básica,Servicios,Telefonista,43,8500.0,Baja
4709,Licenciatura,Gobierno,Geógrafo/a,22,8500.0,Baja
4710,Media Superior,Informal,Animador,24,8500.0,Baja
4711,Media Superior,Comercio,Telefonista,27,8500.0,Baja
4712,Licenciatura,Informal,Afilador,49,8800.0,Baja
4713,Licenciatura,Gobierno,Lechero,52,20700.0,Media
4714,Básica,Manufactura,Periodista,55,25200.0,Media
4715,Posgrado,Servicios,Pescador,48,18000.0,Media
4716,Básica,Manufactura,Obrero,55,12100.0,Baja
4717,Media Superior,Servicios,Filólogo/a,23,8500.0,Baja
4718,Media Superior,Comercio,Carnicero,34,8500.0,Baja
4719,Licenciatura,Manufactura,Pescador,27,16900.0,Media
4720,Media Superior,Comercio,Contador/a,53,18800.0,Media
4721,Media Superior,Comercio,Médico/a cirujano/a,33,8500.0,Baja
4722,Licenciatura,Gobierno,Administrador/a,26,8500.0,Baja
4723,Media Superior,Informal,Telefonista,23,8500.0,Baja
4724,Media Superior,Informal,Veterinario/a,59,16400.0,Media
4725,Básica,Comercio,Cerrajero,31,8500.0,Baja
4726,Posgrado,Finanzas,Animador,20,13400.0,Baja
4727,Media Superior,Comercio,Guardabosques,28,8500.0,Baja
4728,Licenciatura,Manufactura,Frutero,38,10800.0,Baja
4729,Básica,Comercio,Tornero,47,11800.0,Baja
4730,Licenciatura,Construcción,Físico/a,31,8500.0,Baja
4731,Posgrado,Gobierno,Vendedor,47,19400.0,Media
4732,Básica,Gobierno,Albañil,49,15700.0,Media
4733,Media Superior,Servicios,Fontanero o plomero,49,8500.0,Baja
4734,Media Superior,Manufactura,Administrador/a,32,12200.0,Baja
4735,Licenciatura,Servicios,Escultor,33,14800.0,Baja
4736,Básica,Comercio,Apicultor,34,8500.0,Baja
4737,Media Superior,Informal,Mecánico,46,15400.0,Media
4738,Licenciatura,Gobierno,Bombero,31,8500.0,Baja
4739,Licenciatura,Manufactura,Biólogo/a,38,14300.0,Baja
4740,Licenciatura,Manufactura,Físico/a,34,14800.0,Baja
4741,Posgrado,Gobierno,Jardinero,58,24400.0,Media
4742,Media Superior,Informal,Escritor,42,8500.0,Baja
4743,Licenciatura,Gobierno,Historiador/a,52,15000.0,Media
4744,Licenciatura,Comercio,Desarrollador/a web,41,21900.0,Media
4745,Media Superior,Manufactura,Herrero,32,11800.0,Baja
4746,Básica,Gobierno,Camarero,54,15400.0,Media
4747,Posgrado,Manufactura,Matemático/a,46,28600.0,Media
4748,Media Superior,Gobierno,Carpintero,50,8500.0,Baja
4749,Media Superior,Servicios,Enfermero/a,55,18900.0,Media
4750,Licenciatura,Manufactura,Camarero,43,8500.0,Baja
4751,Básica,Servicios,Geógrafo/a,40,8500.0,Baja
4752,Básica,Comercio,Lavandero,51,8500.0,Baja
4753,Media Superior,Servicios,Veterinario/a,45,19400.0,Media
4754,Media Superior,Gobierno,Cajero,24,16800.0,Media
4755,Licenciatura,Informal,Imprentero,40,8500.0,Baja
4756,Posgrado,Construcción,Óptico,20,8500.0,Baja
4757,Básica,Manufactura,Vendedor,42,8500.0,Baja
4758,Posgrado,Gobierno,Físico/a,52,32300.0,Media
4759,Media Superior,Servicios,Programador,22,11100.0,Baja
4760,Licenciatura,Servicios,Actuario/a,32,18400.0,Media
4761,Media Superior,Informal,Economista,51,17300.0,Media
4762,Licenciatura,Manufactura,Imprentero,58,20300.0,Media
4763,Media Superior,Comercio,Escritor,30,8500.0,Baja
4764,Licenciatura,Informal,Químico/a,38,12500.0,Baja
4765,Media Superior,Gobierno,Músico/a,35,8500.0,Baja
4766,Básica,Manufactura,Ferretero,57,10500.0,Baja
4767,Media Superior,Manufactura,Barbero,36,15100.0,Media
4768,Media Superior,Construcción,Jardinero,49,13300.0,Baja
4769,Licenciatura,Gobierno,Radiólogo/a,32,14400.0,Baja
4770,Básica,Comercio,Psicoanalista,44,17300.0,Media
4771,Media Superior,Gobierno,Mecánico,53,21200.0,Media
4772,Licenciatura,Servicios,Ingeniero/a,46,21200.0,Media
4773,Licenciatura,Comercio,Soldador,20,8500.0,Baja
4774,Licenciatura,Servicios,Arquitecto/a,32,18600.0,Media
4775,Licenciatura,Informal,Pintor,43,23100.0,Media
4776,Posgrado,Comercio,Sastre,53,26300.0,Media
4777,Media Superior,Servicios,Camarero,38,15000.0,Media
4778,Media Superior,Comercio,Matemático/a,27,8500.0,Baja
4779,Posgrado,Gobierno,Programador,26,12400.0,Baja
4780,Básica,Gobierno,Actuario/a,23,8500.0,Baja
4781,Media Superior,Comercio,Lutier,50,19600.0,Media
4782,Posgrado,Informal,Mecánico,41,18000.0,Media
4783,Básica,Comercio,Sastre,33,15400.0,Media
4784,Básica,Servicios,Filólogo/a,46,14000.0,Baja
4785,Básica,Construcción,Médico/a cirujano/a,53,14600.0,Baja
4786,Posgrado,Finanzas,Biólogo/a,39,23200.0,Media
4787,Media Superior,Gobierno,Vigilante,41,13600.0,Baja
4788,Media Superior,Manufactura,Imprentero,45,8500.0,Baja
4789,Media Superior,Comercio,Vigilante,46,8500.0,Baja
4790,Básica,Servicios,Barrendero,32,10600.0,Baja
4791,Posgrado,Servicios,Albañil,54,24800.0,Media
4792,Licenciatura,Manufactura,Camarero,21,8500.0,Baja
4793,Licenciatura,Gobierno,Vendedor,34,16000.0,Media
4794,Posgrado,Servicios,Imprentero,39,15300.0,Media
4795,Básica,Informal,Soldador,53,11400.0,Baja
4796,Media Superior,Gobierno,Peluquero,59,19300.0,Media
4797,Posgrado,Servicios,Leñador,28,19600.0,Media
4798,Media Superior,Servicios,Lavandero,31,8500.0,Baja
4799,Licenciatura,Manufactura,Meteorólogo/a,33,10400.0,Baja
4800,Licenciatura,Informal,Programador,34,11100.0,Baja
4801,Posgrado,Servicios,Maestro,34,19400.0,Media
4802,Licenciatura,Comercio,Biólogo/a,29,8500.0,Baja
4803,Licenciatura,Informal,Escultor,28,8500.0,Baja
4804,Media Superior,Informal,Químico/a,24,10000.0,Baja
4805,Media Superior,Servicios,Psicólogo/a,23,8500.0,Baja
4806,Básica,Gobierno,Abogado/a,49,16000.0,Media
4807,Licenciatura,Construcción,Panadero,59,15800.0,Media
4808,Licenciatura,Gobierno,Escritor,44,18600.0,Media
4809,Licenciatura,Informal,Historiador/a,22,8500.0,Baja
4810,Media Superior,Finanzas,Profesor/a,56,28200.0,Media
4811,Básica,Servicios,Albañil,45,15100.0,Media
4812,Básica,Manufactura,Cocinero,43,9100.0,Baja
4813,Licenciatura,Finanzas,Carpintero,40,18700.0,Media
4814,Media Superior,Gobierno,Obrero,36,12900.0,Baja
4815,Media Superior,Informal,Profesor/a,24,9300.0,Baja
4816,Media Superior,Servicios,Psicoanalista,25,13400.0,Baja
4817,Básica,Manufactura,Radiólogo/a,32,8500.0,Baja
4818,Básica,Informal,Meteorólogo/a,55,13000.0,Baja
4819,Básica,Servicios,Pintor,31,8500.0,Baja
4820,Básica,Comercio,Kinesiólogo/a,28,8500.0,Baja
4821,Básica,Informal,Psicólogo/a,28,8500.0,Baja
4822,Media Superior,Finanzas,Imprentero,52,17300.0,Media
4823,Licenciatura,Manufactura,Relojero,32,19400.0,Media
4824,Licenciatura,Manufactura,Imprentero,57,22600.0,Media
4825,Licenciatura,Comercio,Tornero,43,18600.0,Media
4826,Licenciatura,Comercio,Repartidor,31,8500.0,Baja
4827,Media Superior,Informal,Soldador,56,8500.0,Baja
4828,Media Superior,Informal,Imprentero,24,8500.0,Baja
4829,Licenciatura,Manufactura,Arquitecto/a,40,26200.0,Media
4830,Licenciatura,Gobierno,Escultor,44,14800.0,Baja
4831,Media Superior,Manufactura,Farmacólogo/a,21,8500.0,Baja
4832,Media Superior,Comercio,Repartidor,43,8500.0,Baja
4833,Licenciatura,Servicios,Fumigador,38,12600.0,Baja
4834,Media Superior,Gobierno,Lavandero,46,13700.0,Baja
4835,Media Superior,Gobierno,Ferretero,40,19200.0,Media
4836,Licenciatura,Informal,Leñador,42,8500.0,Baja
4837,Posgrado,Construcción,Escultor,59,17900.0,Media
4838,Básica,Gobierno,Economista,21,16200.0,Media
4839,Licenciatura,Servicios,Actuario/a,22,18100.0,Media
4840,Básica,Servicios,Contador/a,28,9000.0,Baja
4841,Licenciatura,Servicios,Arquitecto/a,31,11100.0,Baja
4842,Media Superior,Servicios,Periodista,41,8500.0,Baja
4843,Licenciatura,Gobierno,Leñador,59,18900.0,Media
4844,Licenciatura,Comercio,Lechero,25,8500.0,Baja
4845,Posgrado,Servicios,Mecánico,55,20200.0,Media
4846,Licenciatura,Gobierno,Lutier,27,10900.0,Baja
4847,Licenciatura,Servicios,Jardinero,42,17600.0,Media
4848,Media Superior,Manufactura,Economista,42,11800.0,Baja
4849,Posgrado,Finanzas,Apicultor,44,29500.0,Media
4850,Licenciatura,Comercio,Contador/a,33,13800.0,Baja
4851,Posgrado,Comercio,Óptico,33,22900.0,Media
4852,Licenciatura,Comercio,Relojero,33,8500.0,Baja
4853,Básica,Servicios,Profesor/a,38,8500.0,Baja
4854,Básica,Finanzas,Farmacólogo/a,33,12000.0,Baja
4855,Media Superior,Informal,Soldador,43,10200.0,Baja
4856,Básica,Gobierno,Farmacólogo/a,50,15800.0,Media
4857,Media Superior,Gobierno,Diseñador/a gráfico,59,23400.0,Media
4858,Media Superior,Gobierno,Meteorólogo/a,40,15200.0,Media
4859,Media Superior,Informal,Escritor,54,13800.0,Baja
4860,Licenciatura,Construcción,Ingeniero/a,44,24700.0,Media
4861,Licenciatura,Gobierno,Tornero,48,17600.0,Media
4862,Licenciatura,Informal,Psicólogo/a,26,8500.0,Baja
4863,Licenciatura,Gobierno,Técnico/a de sonido,28,8500.0,Baja
4864,Licenciatura,Comercio,Lechero,37,8500.0,Baja
4865,Básica,Informal,Barrendero,40,8500.0,Baja
4866,Media Superior,Construcción,Actuario/a,42,23400.0,Media
4867,Licenciatura,Informal,Arquitecto/a,29,12000.0,Baja
4868,Posgrado,Servicios,Arquitecto/a,39,21300.0,Media
4869,Media Superior,Construcción,Pintor,52,16000.0,Media
4870,Posgrado,Finanzas,Ferretero,41,25900.0,Media
4871,Media Superior,Manufactura,Traductor/a,52,8500.0,Baja
4872,Licenciatura,Comercio,Fumigador,24,8500.0,Baja
4873,Media Superior,Manufactura,Afilador,50,9600.0,Baja
4874,Licenciatura,Servicios,Escritor,21,8500.0,Baja
4875,Licenciatura,Comercio,Geógrafo/a,57,25000.0,Media
4876,Licenciatura,Informal,Vendedor,22,13100.0,Baja
4877,Licenciatura,Servicios,Historiador/a,58,31200.0,Media
4878,Posgrado,Servicios,Contador/a,50,23100.0,Media
4879,Media Superior,Informal,Vigilante,35,8500.0,Baja
4880,Licenciatura,Comercio,Kinesiólogo/a,32,10400.0,Baja
4881,Básica,Construcción,Imprentero,50,14200.0,Baja
4882,Licenciatura,Comercio,Camarero,55,15900.0,Media
4883,Básica,Gobierno,Fumigador,46,8500.0,Baja
4884,Licenciatura,Comercio,Vigilante,55,20200.0,Media
4885,Media Superior,Finanzas,Artesano,48,12300.0,Baja
4886,Licenciatura,Informal,Traductor/a,47,17000.0,Media
4887,Media Superior,Gobierno,Cocinero,49,19100.0,Media
4888,Licenciatura,Comercio,Desarrollador/a web,32,8500.0,Baja
4889,Licenciatura,Servicios,Filólogo/a,33,18300.0,Media
4890,Licenciatura,Manufactura,Relojero,27,8500.0,Baja
4891,Media Superior,Gobierno,Relojero,35,16700.0,Media
4892,Licenciatura,Servicios,Pintor,21,9300.0,Baja
4893,Posgrado,Servicios,Lutier,26,9000.0,Baja
4894,Licenciatura,Construcción,Camarero,35,15000.0,Media
4895,Básica,Finanzas,Telefonista,30,8500.0,Baja
4896,Licenciatura,Construcción,Joyero,41,17200.0,Media
4897,Licenciatura,Informal,Farmacólogo/a,54,11200.0,Baja
4898,Licenciatura,Construcción,Desarrollador/a web,56,23700.0,Media
4899,Media Superior,Manufactura,Cajero,49,10200.0,Baja
4900,Media Superior,Construcción,Telefonista,55,16900.0,Media
4901,Licenciatura,Servicios,Desarrollador/a web,41,24500.0,Media
4902,Media Superior,Manufactura,Técnico/a de sonido,25,8500.0,Baja
4903,Posgrado,Finanzas,Camarero,31,14600.0,Baja
4904,Licenciatura,Comercio,Lavandero,24,8500.0,Baja
4905,Básica,Construcción,Obrero,54,19700.0,Media
4906,Media Superior,Servicios,Enfermero/a,39,14700.0,Baja
4907,Licenciatura,Manufactura,Contador/a,40,25900.0,Media
4908,Media Superior,Manufactura,Imprentero,27,11700.0,Baja
4909,Licenciatura,Manufactura,Meteorólogo/a,58,28200.0,Media
4910,Media Superior,Informal,Joyero,46,17800.0,Media
4911,Posgrado,Gobierno,Abogado/a,30,22100.0,Media
4912,Licenciatura,Gobierno,Barbero,36,11500.0,Baja
4913,Licenciatura,Manufactura,Veterinario/a,57,20800.0,Media
4914,Media Superior,Construcción,Carpintero,34,14100.0,Baja
4915,Licenciatura,Comercio,Actuario/a,26,8500.0,Baja
4916,Posgrado,Gobierno,Matemático/a,51,23400.0,Media
4917,Básica,Manufactura,Albañil,34,8500.0,Baja
4918,Básica,Manufactura,Peluquero,48,15000.0,Media
4919,Media Superior,Finanzas,Abogado/a,27,19200.0,Media
4920,Media Superior,Servicios,Médico/a cirujano/a,25,12400.0,Baja
4921,Licenciatura,Servicios,Músico/a,25,8500.0,Baja
4922,Posgrado,Comercio,Químico/a,38,17400.0,Media
4923,Media Superior,Gobierno,Pastor,30,8500.0,Baja
4924,Licenciatura,Finanzas,Animador,23,11100.0,Baja
4925,Media Superior,Finanzas,Administrador/a,40,21900.0,Media
4926,Básica,Servicios,Sastre,21,11500.0,Baja
4927,Básica,Construcción,Carpintero,57,8500.0,Baja
4928,Media Superior,Construcción,Peluquero,55,9400.0,Baja
4929,Licenciatura,Gobierno,Animador,42,18700.0,Media
4930,Posgrado,Manufactura,Herrero,39,20800.0,Media
4931,Licenciatura,Finanzas,Abogado/a,34,19000.0,Media
4932,Media Superior,Informal,Telefonista,25,8500.0,Baja
4933,Media Superior,Informal,Guardabosques,39,8500.0,Baja
4934,Básica,Construcción,Joyero,28,8500.0,Baja
4935,Licenciatura,Gobierno,Fumigador,47,19800.0,Media
4936,Licenciatura,Servicios,Abogado/a,42,19700.0,Media
4937,Licenciatura,Informal,Veterinario/a,51,18400.0,Media
4938,Licenciatura,Finanzas,Meteorólogo/a,49,28700.0,Media
4939,Licenciatura,Finanzas,Apicultor,39,19600.0,Media
4940,Licenciatura,Servicios,Lechero,44,9700.0,Baja
4941,Básica,Construcción,Leñador,33,8500.0,Baja
4942,Media Superior,Informal,Herrero,36,16600.0,Media
4943,Media Superior,Servicios,Químico/a,56,31200.0,Media
4944,Media Superior,Manufactura,Mecánico,58,25300.0,Media
4945,Media Superior,Construcción,Contador/a,22,9800.0,Baja
4946,Básica,Finanzas,Vendedor,33,13100.0,Baja
4947,Licenciatura,Manufactura,Panadero,41,8900.0,Baja
4948,Media Superior,Construcción,Agricultor,55,18300.0,Media
4949,Básica,Servicios,Leñador,25,8500.0,Baja
4950,Media Superior,Finanzas,Frutero,24,11800.0,Baja
4951,Licenciatura,Manufactura,Barrendero,23,8500.0,Baja
4952,Media Superior,Comercio,Administrador/a,57,25800.0,Media
4953,Posgrado,Manufactura,Pastor,21,12300.0,Baja
4954,Licenciatura,Comercio,Fumigador,40,21000.0,Media
4955,Licenciatura,Construcción,Químico/a,55,26100.0,Media
4956,Básica,Comercio,Enfermero/a,43,9800.0,Baja
4957,Licenciatura,Servicios,Biólogo/a,37,10500.0,Baja
4958,Licenciatura,Comercio,Paleontólogo/a,33,15900.0,Media
4959,Posgrado,Finanzas,Sastre,26,10000.0,Baja
4960,Básica,Construcción,Fontanero o plomero,30,8500.0,Baja
4961,Media Superior,Informal,Psicólogo/a,30,8500.0,Baja
4962,Media Superior,Servicios,Herrero,20,9300.0,Baja
4963,Media Superior,Servicios,Maestro,26,10000.0,Baja
4964,Licenciatura,Manufactura,Afilador,40,19700.0,Media
4965,Media Superior,Informal,Soldador,33,13000.0,Baja
4966,Media Superior,Servicios,Ferretero,30,8900.0,Baja
4967,Licenciatura,Gobierno,Afilador,41,22000.0,Media
4968,Licenciatura,Manufactura,Cerrajero,24,8500.0,Baja
4969,Posgrado,Informal,Jardinero,59,16500.0,Media
4970,Licenciatura,Servicios,Herrero,26,8500.0,Baja
4971,Media Superior,Comercio,Agricultor,52,12400.0,Baja
4972,Posgrado,Informal,Frutero,28,8500.0,Baja
4973,Licenciatura,Servicios,Carpintero,55,20900.0,Media
4974,Media Superior,Comercio,Peletero,36,12700.0,Baja
4975,Licenciatura,Finanzas,Lutier,49,20600.0,Media
4976,Licenciatura,Comercio,Apicultor,27,15700.0,Media
4977,Licenciatura,Comercio,Pescador,28,16200.0,Media
4978,Media Superior,Servicios,Desarrollador/a web,28,19600.0,Media
4979,Licenciatura,Gobierno,Fumigador,21,8500.0,Baja
4980,Licenciatura,Comercio,Afilador,34,8500.0,Baja
4981,Media Superior,Construcción,Imprentero,54,19200.0,Media
4982,Media Superior,Finanzas,Soldador,23,9500.0,Baja
4983,Básica,Informal,Traductor/a,27,18000.0,Media
4984,Básica,Informal,Soldador,46,8500.0,Baja
4985,Posgrado,Construcción,Relojero,44,21900.0,Media
4986,Licenciatura,Comercio,Zapatero,22,8500.0,Baja
4987,Media Superior,Comercio,Psicoanalista,58,23900.0,Media
4988,Media Superior,Manufactura,Barrendero,58,19200.0,Media
4989,Media Superior,Gobierno,Vigilante,20,8500.0,Baja
4990,Media Superior,Construcción,Ingeniero/a,45,18500.0,Media
4991,Licenciatura,Construcción,Lingüista,40,15700.0,Media
4992,Media Superior,Informal,Desarrollador/a web,52,21200.0,Media
4993,Media Superior,Gobierno,Chofer transportista,42,13000.0,Baja
4994,Licenciatura,Servicios,Kinesiólogo/a,44,18900.0,Media
4995,Básica,Manufactura,Enfermero/a,43,12400.0,Baja
4996,Media Superior,Construcción,Matemático/a,50,11100.0,Baja
4997,Licenciatura,Gobierno,Soldador,59,29500.0,Media
4998,Licenciatura,Finanzas,Programador,52,26000.0,Media
4999,Media Superior,Gobierno,Chofer transportista,44,8500.0,Baja
5000,Licenciatura,Manufactura,Bibliotecario/a,44,15700.0,Media
5001,Posgrado,Manufactura,Pintor,45,18400.0,Media
5002,Licenciatura,Servicios,Frutero,57,18400.0,Media
5003,Media Superior,Comercio,Peluquero,50,8500.0,Baja
5004,Media Superior,Finanzas,Carnicero,21,8500.0,Baja
5005,Licenciatura,Construcción,Barrendero,25,8500.0,Baja
5006,Posgrado,Comercio,Maestro,26,8500.0,Baja
5007,Básica,Comercio,Actuario/a,37,18300.0,Media
5008,Licenciatura,Gobierno,Administrador/a,40,22100.0,Media
5009,Media Superior,Servicios,Animador,57,15700.0,Media
5010,Licenciatura,Finanzas,Historiador/a,22,8500.0,Baja
5011,Media Superior,Informal,Afilador,50,8500.0,Baja
5012,Media Superior,Servicios,Carnicero,28,8500.0,Baja
5013,Posgrado,Gobierno,Radiólogo/a,23,8500.0,Baja
5014,Licenciatura,Servicios,Economista,47,19800.0,Media
5015,Media Superior,Construcción,Tornero,50,18700.0,Media
5016,Media Superior,Comercio,Maestro,37,8500.0,Baja
5017,Licenciatura,Informal,Carpintero,34,15100.0,Media
5018,Básica,Gobierno,Albañil,42,22400.0,Media
5019,Licenciatura,Informal,Arquitecto/a,49,23400.0,Media
5020,Posgrado,Gobierno,Obrero,47,21400.0,Media
5021,Licenciatura,Finanzas,Pescador,28,8500.0,Baja
5022,Posgrado,Servicios,Veterinario/a,38,25900.0,Media
5023,Licenciatura,Informal,Camarero,48,9400.0,Baja
5024,Licenciatura,Servicios,Lavandero,20,18100.0,Media
5025,Básica,Informal,Traductor/a,22,8500.0,Baja
5026,Media Superior,Servicios,Sastre,40,16100.0,Media
5027,Licenciatura,Finanzas,Barbero,53,19600.0,Media
5028,Licenciatura,Manufactura,Jardinero,42,23500.0,Media
5029,Licenciatura,Construcción,Cajero,49,19400.0,Media
5030,Licenciatura,Finanzas,Zapatero,20,10600.0,Baja
5031,Media Superior,Informal,Panadero,24,8500.0,Baja
5032,Media Superior,Servicios,Traductor/a,55,33700.0,Media
5033,Licenciatura,Finanzas,Músico/a,38,13200.0,Baja
5034,Media Superior,Manufactura,Lechero,33,9400.0,Baja
5035,Media Superior,Construcción,Biólogo/a,38,8500.0,Baja
5036,Licenciatura,Finanzas,Bibliotecario/a,49,17500.0,Media
5037,Licenciatura,Gobierno,Farmacólogo/a,38,26200.0,Media
5038,Media Superior,Servicios,Guardabosques,54,10800.0,Baja
5039,Básica,Comercio,Biólogo/a,37,12800.0,Baja
5040,Media Superior,Comercio,Telefonista,27,8500.0,Baja
5041,Licenciatura,Servicios,Soldador,31,16800.0,Media
5042,Media Superior,Gobierno,Paleontólogo/a,45,22600.0,Media
5043,Licenciatura,Manufactura,Traductor/a,20,8500.0,Baja
5044,Media Superior,Construcción,Kinesiólogo/a,28,9200.0,Baja
5045,Básica,Comercio,Psicólogo/a,46,13900.0,Baja
5046,Licenciatura,Servicios,Panadero,25,18000.0,Media
5047,Básica,Informal,Jardinero,43,9900.0,Baja
5048,Licenciatura,Gobierno,Filólogo/a,34,18000.0,Media
5049,Básica,Manufactura,Meteorólogo/a,44,8500.0,Baja
5050,Media Superior,Servicios,Diseñador/a gráfico,23,8500.0,Baja
5051,Básica,Manufactura,Psicoanalista,32,8500.0,Baja
5052,Licenciatura,Servicios,Escultor,53,22400.0,Media
5053,Posgrado,Comercio,Periodista,38,20900.0,Media
5054,Licenciatura,Manufactura,Químico/a,33,11900.0,Baja
5055,Licenciatura,Construcción,Barbero,22,8500.0,Baja
5056,Licenciatura,Construcción,Afilador,28,8500.0,Baja
5057,Posgrado,Informal,Peluquero,39,23800.0,Media
5058,Licenciatura,Comercio,Óptico,35,12300.0,Baja
5059,Media Superior,Gobierno,Actuario/a,57,24900.0,Media
5060,Media Superior,Informal,Diseñador/a gráfico,35,11000.0,Baja
5061,Básica,Finanzas,Guardabosques,55,25800.0,Media
5062,Media Superior,Gobierno,Contador/a,42,9000.0,Baja
5063,Licenciatura,Gobierno,Mecánico,24,8500.0,Baja
5064,Licenciatura,Informal,Carnicero,25,8500.0,Baja
5065,Media Superior,Manufactura,Mecánico,57,14700.0,Baja
5066,Posgrado,Informal,Escultor,28,8500.0,Baja
5067,Media Superior,Construcción,Matemático/a,26,10900.0,Baja
5068,Posgrado,Finanzas,Maestro,43,27200.0,Media
5069,Básica,Manufactura,Ferretero,39,15500.0,Media
5070,Licenciatura,Gobierno,Lingüista,44,18600.0,Media
5071,Licenciatura,Manufactura,Fumigador,49,19800.0,Media
5072,Posgrado,Informal,Soldador,38,10700.0,Baja
5073,Licenciatura,Construcción,Guardabosques,41,19500.0,Media
5074,Básica,Comercio,Abogado/a,27,13300.0,Baja
5075,Básica,Servicios,Meteorólogo/a,49,17600.0,Media
5076,Media Superior,Gobierno,Panadero,40,18400.0,Media
5077,Media Superior,Servicios,Mecánico,49,17500.0,Media
5078,Media Superior,Informal,Abogado/a,45,23500.0,Media
5079,Media Superior,Gobierno,Cajero,29,15200.0,Media
5080,Media Superior,Servicios,Músico/a,56,28800.0,Media
5081,Media Superior,Finanzas,Chofer transportista,21,8500.0,Baja
5082,Licenciatura,Informal,Panadero,39,8500.0,Baja
5083,Media Superior,Manufactura,Programador,24,15700.0,Media
5084,Licenciatura,Manufactura,Lavandero,31,8500.0,Baja
5085,Posgrado,Manufactura,Fumigador,35,8500.0,Baja
5086,Licenciatura,Construcción,Relojero,47,12400.0,Baja
5087,Básica,Manufactura,Agricultor,26,8500.0,Baja
5088,Licenciatura,Informal,Lutier,26,8500.0,Baja
5089,Licenciatura,Servicios,Filólogo/a,24,9200.0,Baja
5090,Media Superior,Informal,Animador,45,11000.0,Baja
5091,Media Superior,Finanzas,Geógrafo/a,42,18100.0,Media
5092,Media Superior,Construcción,Diseñador/a gráfico,23,8500.0,Baja
5093,Básica,Construcción,Veterinario/a,36,11800.0,Baja
5094,Media Superior,Comercio,Traductor/a,38,8500.0,Baja
5095,Licenciatura,Finanzas,Geógrafo/a,22,12400.0,Baja
5096,Licenciatura,Manufactura,Escultor,22,8500.0,Baja
5097,Básica,Comercio,Maestro,27,15000.0,Media
5098,Licenciatura,Gobierno,Barrendero,47,13500.0,Baja
5099,Licenciatura,Gobierno,Carpintero,22,8500.0,Baja
5100,Licenciatura,Construcción,Lavandero,53,15400.0,Media
5101,Licenciatura,Manufactura,Ferretero,30,13000.0,Baja
5102,Licenciatura,Construcción,Paleontólogo/a,55,32600.0,Media
5103,Media Superior,Construcción,Químico/a,28,17400.0,Media
5104,Media Superior,Gobierno,Fontanero o plomero,56,20200.0,Media
5105,Licenciatura,Gobierno,Psicólogo/a,41,17300.0,Media
5106,Licenciatura,Finanzas,Soldador,48,24100.0,Media
5107,Licenciatura,Servicios,Psicoanalista,56,28000.0,Media
5108,Licenciatura,Servicios,Escritor,28,8500.0,Baja
5109,Posgrado,Gobierno,Lechero,52,28700.0,Media
5110,Licenciatura,Comercio,Telefonista,49,16300.0,Media
5111,Básica,Construcción,Guardabosques,24,8500.0,Baja
5112,Media Superior,Servicios,Lutier,59,20100.0,Media
5113,Licenciatura,Manufactura,Albañil,36,15400.0,Media
5114,Posgrado,Finanzas,Enfermero/a,50,29100.0,Media
5115,Licenciatura,Comercio,Camarero,56,8500.0,Baja
5116,Licenciatura,Gobierno,Imprentero,42,19400.0,Media
5117,Licenciatura,Informal,Agricultor,24,12400.0,Baja
5118,Media Superior,Servicios,Camarero,31,11000.0,Baja
5119,Básica,Manufactura,Repartidor,32,8500.0,Baja
5120,Media Superior,Comercio,Abogado/a,43,11500.0,Baja
5121,Licenciatura,Informal,Barbero,49,8800.0,Baja
5122,Licenciatura,Informal,Técnico/a de sonido,28,9700.0,Baja
5123,Media Superior,Informal,Cocinero,43,8900.0,Baja
5124,Licenciatura,Servicios,Fontanero o plomero,21,8500.0,Baja
5125,Licenciatura,Manufactura,Químico/a,50,26600.0,Media
5126,Licenciatura,Servicios,Biólogo/a,57,11900.0,Baja
5127,Media Superior,Manufactura,Pescador,28,11100.0,Baja
5128,Media Superior,Servicios,Diseñador/a gráfico,46,27800.0,Media
5129,Media Superior,Finanzas,Psicoanalista,41,20400.0,Media
5130,Licenciatura,Manufactura,Joyero,33,16000.0,Media
5131,Licenciatura,Finanzas,Administrador/a,32,11700.0,Baja
5132,Licenciatura,Servicios,Peluquero,31,19500.0,Media
5133,Licenciatura,Comercio,Lutier,27,13400.0,Baja
5134,Media Superior,Informal,Técnico/a de sonido,26,8500.0,Baja
5135,Media Superior,Manufactura,Agricultor,27,8500.0,Baja
5136,Media Superior,Informal,Economista,28,8500.0,Baja
5137,Básica,Finanzas,Cerrajero,45,11600.0,Baja
5138,Media Superior,Finanzas,Actuario/a,24,19900.0,Media
5139,Licenciatura,Gobierno,Geógrafo/a,21,9600.0,Baja
5140,Básica,Comercio,Periodista,43,8500.0,Baja
5141,Media Superior,Informal,Meteorólogo/a,33,8500.0,Baja
5142,Básica,Servicios,Profesor/a,24,15100.0,Media
5143,Básica,Informal,Matemático/a,27,8500.0,Baja
5144,Media Superior,Construcción,Artesano,53,18100.0,Media
5145,Posgrado,Servicios,Kinesiólogo/a,33,19200.0,Media
5146,Posgrado,Manufactura,Tornero,36,15200.0,Media
5147,Licenciatura,Gobierno,Tornero,30,8500.0,Baja
5148,Licenciatura,Manufactura,Farmacólogo/a,35,8500.0,Baja
5149,Media Superior,Manufactura,Guardabosques,28,9900.0,Baja
5150,Media Superior,Gobierno,Repartidor,45,20200.0,Media
5151,Media Superior,Informal,Animador,29,11400.0,Baja
5152,Media Superior,Construcción,Paleontólogo/a,31,13000.0,Baja
5153,Posgrado,Gobierno,Frutero,33,13900.0,Baja
5154,Básica,Finanzas,Peletero,43,9900.0,Baja
5155,Media Superior,Finanzas,Biólogo/a,53,23000.0,Media
5156,Licenciatura,Finanzas,Cocinero,28,11200.0,Baja
5157,Licenciatura,Comercio,Carnicero,31,10600.0,Baja
5158,Licenciatura,Gobierno,Lingüista,52,26100.0,Media
5159,Licenciatura,Construcción,Carnicero,44,20400.0,Media
5160,Media Superior,Informal,Maestro,35,20200.0,Media
5161,Licenciatura,Comercio,Historiador/a,25,20400.0,Media
5162,Básica,Construcción,Meteorólogo/a,39,11600.0,Baja
5163,Media Superior,Finanzas,Lingüista,27,8700.0,Baja
5164,Media Superior,Comercio,Leñador,46,8500.0,Baja
5165,Posgrado,Construcción,Enfermero/a,33,15900.0,Media
5166,Básica,Gobierno,Abogado/a,55,20000.0,Media
5167,Básica,Comercio,Lingüista,54,10100.0,Baja
5168,Media Superior,Informal,Sastre,57,10800.0,Baja
5169,Básica,Manufactura,Biólogo/a,55,26300.0,Media
5170,Licenciatura,Finanzas,Psicólogo/a,47,39400.0,Alta
5171,Media Superior,Comercio,Bibliotecario/a,37,11300.0,Baja
5172,Básica,Manufactura,Kinesiólogo/a,26,8500.0,Baja
5173,Licenciatura,Servicios,Médico/a cirujano/a,31,25400.0,Media
5174,Licenciatura,Manufactura,Guardabosques,53,18400.0,Media
5175,Posgrado,Manufactura,Óptico,35,11700.0,Baja
5176,Posgrado,Manufactura,Pastor,53,16800.0,Media
5177,Media Superior,Informal,Farmacólogo/a,56,12600.0,Baja
5178,Posgrado,Manufactura,Cocinero,24,13100.0,Baja
5179,Licenciatura,Servicios,Programador,35,18000.0,Media
5180,Licenciatura,Finanzas,Fontanero o plomero,34,11900.0,Baja
5181,Licenciatura,Construcción,Artesano,21,8500.0,Baja
5182,Posgrado,Construcción,Afilador,37,8500.0,Baja
5183,Básica,Comercio,Apicultor,42,15400.0,Media
5184,Media Superior,Manufactura,Cocinero,32,8500.0,Baja
5185,Media Superior,Servicios,Actuario/a,31,15700.0,Media
5186,Licenciatura,Comercio,Psicólogo/a,27,8500.0,Baja
5187,Básica,Servicios,Músico/a,40,11400.0,Baja
5188,Básica,Servicios,Desarrollador/a web,56,25200.0,Media
5189,Básica,Servicios,Imprentero,55,20800.0,Media
5190,Media Superior,Finanzas,Pintor,53,27100.0,Media
5191,Media Superior,Finanzas,Lavandero,46,19400.0,Media
5192,Licenciatura,Construcción,Pintor,58,20200.0,Media
5193,Licenciatura,Construcción,Escritor,47,9500.0,Baja
5194,Licenciatura,Manufactura,Desarrollador/a web,24,16100.0,Media
5195,Licenciatura,Servicios,Camarero,46,11800.0,Baja
5196,Posgrado,Gobierno,Profesor/a,21,12300.0,Baja
5197,Licenciatura,Manufactura,Telefonista,40,20800.0,Media
5198,Licenciatura,Comercio,Carpintero,34,8500.0,Baja
5199,Básica,Construcción,Repartidor,29,8500.0,Baja
5200,Media Superior,Manufactura,Chofer transportista,22,8500.0,Baja
5201,Posgrado,Finanzas,Repartidor,24,10800.0,Baja
5202,Posgrado,Informal,Afilador,42,26100.0,Media
5203,Licenciatura,Manufactura,Fontanero o plomero,42,13400.0,Baja
5204,Básica,Construcción,Panadero,22,14000.0,Baja
5205,Licenciatura,Servicios,Técnico/a de sonido,37,17200.0,Media
5206,Licenciatura,Informal,Traductor/a,24,10300.0,Baja
5207,Básica,Gobierno,Vigilante,23,8500.0,Baja
5208,Básica,Construcción,Frutero,25,8500.0,Baja
5209,Media Superior,Manufactura,Escritor,40,8500.0,Baja
5210,Media Superior,Servicios,Carpintero,22,8700.0,Baja
5211,Licenciatura,Comercio,Ferretero,26,19400.0,Media
5212,Básica,Manufactura,Guardabosques,58,21900.0,Media
5213,Media Superior,Comercio,Cajero,42,15000.0,Media
5214,Licenciatura,Informal,Administrador/a,59,16600.0,Media
5215,Licenciatura,Informal,Tornero,48,9500.0,Baja
5216,Básica,Informal,Joyero,38,8500.0,Baja
5217,Media Superior,Manufactura,Psicólogo/a,20,8500.0,Baja
5218,Básica,Finanzas,Afilador,47,8500.0,Baja
5219,Básica,Manufactura,Enfermero/a,58,11600.0,Baja
5220,Media Superior,Informal,Zapatero,28,8500.0,Baja
5221,Básica,Gobierno,Pastor,55,21800.0,Media
5222,Media Superior,Gobierno,Relojero,45,14100.0,Baja
5223,Licenciatura,Manufactura,Lechero,24,13700.0,Baja
5224,Básica,Manufactura,Psicoanalista,43,21700.0,Media
5225,Media Superior,Construcción,Telefonista,57,10000.0,Baja
5226,Media Superior,Servicios,Guardabosques,45,14000.0,Baja
5227,Licenciatura,Finanzas,Fumigador,51,21800.0,Media
5228,Básica,Construcción,Historiador/a,56,14700.0,Baja
5229,Media Superior,Comercio,Escritor,59,12500.0,Baja
5230,Posgrado,Construcción,Radiólogo/a,43,28300.0,Media
5231,Licenciatura,Comercio,Psicoanalista,37,15100.0,Media
5232,Licenciatura,Finanzas,Relojero,42,17000.0,Media
5233,Básica,Gobierno,Pastor,41,10000.0,Baja
5234,Media Superior,Comercio,Sastre,41,19000.0,Media
5235,Licenciatura,Finanzas,Arquitecto/a,59,32000.0,Media
5236,Básica,Construcción,Arquitecto/a,52,20200.0,Media
5237,Licenciatura,Construcción,Pescador,34,13500.0,Baja
5238,Media Superior,Comercio,Enfermero/a,36,8500.0,Baja
5239,Licenciatura,Manufactura,Maestro,40,22500.0,Media
5240,Licenciatura,Informal,Escultor,35,9300.0,Baja
5241,Licenciatura,Servicios,Técnico/a de sonido,47,24300.0,Media
5242,Básica,Informal,Leñador,51,8500.0,Baja
5243,Licenciatura,Comercio,Psicoanalista,52,21900.0,Media
5244,Básica,Informal,Abogado/a,48,20200.0,Media
5245,Media Superior,Servicios,Economista,50,26800.0,Media
5246,Posgrado,Gobierno,Meteorólogo/a,25,13000.0,Baja
5247,Básica,Servicios,Filólogo/a,42,8500.0,Baja
5248,Licenciatura,Manufactura,Pintor,52,18300.0,Media
5249,Licenciatura,Manufactura,Joyero,35,17700.0,Media
5250,Licenciatura,Finanzas,Programador,56,27100.0,Media
5251,Licenciatura,Servicios,Lutier,55,19600.0,Media
5252,Licenciatura,Comercio,Ingeniero/a,57,28400.0,Media
5253,Licenciatura,Informal,Programador,55,18000.0,Media
5254,Media Superior,Informal,Economista,27,12000.0,Baja
5255,Licenciatura,Construcción,Lutier,58,18600.0,Media
5256,Media Superior,Comercio,Meteorólogo/a,59,15900.0,Media
5257,Licenciatura,Servicios,Traductor/a,23,19400.0,Media
5258,Licenciatura,Manufactura,Imprentero,28,8500.0,Baja
5259,Básica,Construcción,Barrendero,21,8500.0,Baja
5260,Licenciatura,Construcción,Arquitecto/a,45,11700.0,Baja
5261,Licenciatura,Servicios,Tornero,45,16000.0,Media
5262,Media Superior,Comercio,Pintor,33,19600.0,Media
5263,Media Superior,Finanzas,Chofer transportista,44,18600.0,Media
5264,Licenciatura,Informal,Economista,37,11300.0,Baja
5265,Media Superior,Construcción,Psicoanalista,53,25500.0,Media
5266,Media Superior,Informal,Diseñador/a gráfico,24,8500.0,Baja
5267,Licenciatura,Gobierno,Arquitecto/a,30,18600.0,Media
5268,Básica,Construcción,Leñador,43,8500.0,Baja
5269,Licenciatura,Servicios,Telefonista,37,14800.0,Baja
5270,Básica,Gobierno,Psicólogo/a,21,11300.0,Baja
5271,Media Superior,Comercio,Bombero,55,21400.0,Media
5272,Licenciatura,Servicios,Médico/a cirujano/a,25,8500.0,Baja
5273,Media Superior,Finanzas,Telefonista,26,8500.0,Baja
5274,Media Superior,Informal,Carnicero,26,8800.0,Baja
5275,Licenciatura,Comercio,Traductor/a,48,18100.0,Media
5276,Media Superior,Gobierno,Ferretero,24,8500.0,Baja
5277,Licenciatura,Construcción,Óptico,48,25600.0,Media
5278,Licenciatura,Finanzas,Arquitecto/a,47,25300.0,Media
5279,Media Superior,Servicios,Obrero,23,9800.0,Baja
5280,Media Superior,Comercio,Ferretero,51,15400.0,Media
5281,Posgrado,Manufactura,Arquitecto/a,47,16600.0,Media
5282,Posgrado,Construcción,Carpintero,39,17400.0,Media
5283,Licenciatura,Construcción,Escritor,56,19200.0,Media
5284,Media Superior,Servicios,Herrero,56,15800.0,Media
5285,Media Superior,Informal,Meteorólogo/a,59,14500.0,Baja
5286,Básica,Comercio,Animador,57,16500.0,Media
5287,Media Superior,Finanzas,Desarrollador/a web,27,9900.0,Baja
5288,Básica,Manufactura,Carpintero,40,8500.0,Baja
5289,Media Superior,Gobierno,Panadero,50,13100.0,Baja
5290,Licenciatura,Gobierno,Diseñador/a gráfico,39,14700.0,Baja
5291,Licenciatura,Informal,Historiador/a,21,8500.0,Baja
5292,Licenciatura,Comercio,Físico/a,39,12700.0,Baja
5293,Media Superior,Gobierno,Sastre,51,17900.0,Media
5294,Media Superior,Gobierno,Profesor/a,44,13100.0,Baja
5295,Media Superior,Manufactura,Químico/a,36,11900.0,Baja
5296,Licenciatura,Gobierno,Albañil,31,11300.0,Baja
5297,Media Superior,Finanzas,Chofer transportista,34,16300.0,Media
5298,Licenciatura,Construcción,Radiólogo/a,40,15300.0,Media
5299,Licenciatura,Servicios,Cerrajero,58,23300.0,Media
5300,Básica,Manufactura,Apicultor,44,8500.0,Baja
5301,Media Superior,Gobierno,Fumigador,48,16100.0,Media
5302,Media Superior,Servicios,Carnicero,33,12700.0,Baja
5303,Básica,Manufactura,Kinesiólogo/a,43,19200.0,Media
5304,Básica,Manufactura,Bibliotecario/a,38,11900.0,Baja
5305,Media Superior,Servicios,Kinesiólogo/a,43,9100.0,Baja
5306,Posgrado,Comercio,Cocinero,20,13400.0,Baja
5307,Licenciatura,Comercio,Matemático/a,52,17900.0,Media
5308,Licenciatura,Finanzas,Farmacólogo/a,59,25900.0,Media
5309,Básica,Gobierno,Traductor/a,34,8500.0,Baja
5310,Media Superior,Gobierno,Maestro,37,16900.0,Media
5311,Licenciatura,Gobierno,Pintor,57,26300.0,Media
5312,Media Superior,Manufactura,Meteorólogo/a,42,8500.0,Baja
5313,Media Superior,Servicios,Profesor/a,20,9400.0,Baja
5314,Básica,Servicios,Meteorólogo/a,50,26900.0,Media
5315,Licenciatura,Servicios,Ingeniero/a,26,9800.0,Baja
5316,Licenciatura,Finanzas,Médico/a cirujano/a,27,30200.0,Media
5317,Posgrado,Comercio,Barrendero,47,17300.0,Media
5318,Licenciatura,Informal,Farmacólogo/a,55,19800.0,Media
5319,Posgrado,Comercio,Filólogo/a,48,24900.0,Media
5320,Media Superior,Servicios,Meteorólogo/a,43,14900.0,Baja
5321,Posgrado,Comercio,Sastre,47,23200.0,Media
5322,Media Superior,Comercio,Músico/a,22,8500.0,Baja
5323,Licenciatura,Informal,Físico/a,30,14500.0,Baja
5324,Básica,Comercio,Herrero,54,8500.0,Baja
5325,Media Superior,Manufactura,Jardinero,48,8500.0,Baja
5326,Básica,Manufactura,Chofer transportista,47,9600.0,Baja
5327,Posgrado,Gobierno,Bombero,53,18300.0,Media
5328,Posgrado,Construcción,Albañil,27,8500.0,Baja
5329,Básica,Servicios,Diseñador/a gráfico,50,18200.0,Media
5330,Licenciatura,Comercio,Economista,38,8500.0,Baja
5331,Posgrado,Construcción,Profesor/a,24,14400.0,Baja
5332,Básica,Manufactura,Psicoanalista,43,17600.0,Media
5333,Básica,Manufactura,Pastor,50,23300.0,Media
5334,Licenciatura,Finanzas,Biólogo/a,45,21000.0,Media
5335,Básica,Comercio,Psicólogo/a,29,13400.0,Baja
5336,Media Superior,Servicios,Lechero,48,10300.0,Baja
5337,Licenciatura,Informal,Técnico/a de sonido,39,23100.0,Media
5338,Licenciatura,Construcción,Filólogo/a,45,13600.0,Baja
5339,Básica,Informal,Lutier,41,8500.0,Baja
5340,Media Superior,Construcción,Enfermero/a,26,13500.0,Baja
5341,Media Superior,Construcción,Profesor/a,40,14200.0,Baja
5342,Media Superior,Informal,Arquitecto/a,39,8500.0,Baja
5343,Licenciatura,Finanzas,Joyero,38,18500.0,Media
5344,Licenciatura,Servicios,Bombero,58,19700.0,Media
5345,Licenciatura,Gobierno,Administrador/a,53,28800.0,Media
5346,Básica,Servicios,Frutero,57,22400.0,Media
5347,Licenciatura,Servicios,Lavandero,38,8500.0,Baja
5348,Posgrado,Finanzas,Obrero,45,29900.0,Media
5349,Licenciatura,Servicios,Imprentero,36,23800.0,Media
5350,Licenciatura,Gobierno,Químico/a,24,21300.0,Media
5351,Media Superior,Servicios,Herrero,58,9300.0,Baja
5352,Media Superior,Informal,Psicoanalista,23,8500.0,Baja
5353,Media Superior,Gobierno,Leñador,52,9100.0,Baja
5354,Licenciatura,Servicios,Zapatero,56,14000.0,Baja
5355,Básica,Gobierno,Administrador/a,57,20900.0,Media
5356,Licenciatura,Gobierno,Físico/a,49,17900.0,Media
5357,Media Superior,Manufactura,Obrero,28,13300.0,Baja
5358,Posgrado,Servicios,Zapatero,50,17700.0,Media
5359,Media Superior,Informal,Médico/a cirujano/a,46,20000.0,Media
5360,Media Superior,Comercio,Pintor,32,8500.0,Baja
5361,Media Superior,Informal,Médico/a cirujano/a,46,10300.0,Baja
5362,Licenciatura,Construcción,Pescador,24,13800.0,Baja
5363,Licenciatura,Servicios,Mecánico,20,10100.0,Baja
5364,Media Superior,Informal,Barrendero,40,9400.0,Baja
5365,Media Superior,Gobierno,Guardabosques,36,15700.0,Media
5366,Media Superior,Gobierno,Filólogo/a,55,24300.0,Media
5367,Básica,Servicios,Sastre,32,8500.0,Baja
5368,Licenciatura,Gobierno,Geógrafo/a,45,17000.0,Media
5369,Media Superior,Comercio,Animador,42,10200.0,Baja
5370,Media Superior,Gobierno,Enfermero/a,47,23900.0,Media
5371,Licenciatura,Gobierno,Telefonista,21,8500.0,Baja
5372,Básica,Servicios,Desarrollador/a web,38,9500.0,Baja
5373,Licenciatura,Manufactura,Psicoanalista,35,22000.0,Media
5374,Media Superior,Comercio,Traductor/a,46,18700.0,Media
5375,Licenciatura,Comercio,Kinesiólogo/a,42,14100.0,Baja
5376,Licenciatura,Servicios,Sastre,30,8500.0,Baja
5377,Media Superior,Informal,Peluquero,43,8500.0,Baja
5378,Media Superior,Gobierno,Psicoanalista,37,19800.0,Media
5379,Media Superior,Informal,Apicultor,41,9300.0,Baja
5380,Licenciatura,Comercio,Geógrafo/a,57,14800.0,Baja
5381,Licenciatura,Finanzas,Paleontólogo/a,34,24200.0,Media
5382,Media Superior,Manufactura,Actuario/a,56,23200.0,Media
5383,Básica,Servicios,Geógrafo/a,42,14900.0,Baja
5384,Licenciatura,Comercio,Médico/a cirujano/a,37,11700.0,Baja
5385,Básica,Informal,Óptico,25,8500.0,Baja
5386,Licenciatura,Informal,Psicoanalista,47,16400.0,Media
5387,Licenciatura,Manufactura,Desarrollador/a web,48,25800.0,Media
5388,Básica,Gobierno,Arquitecto/a,52,21900.0,Media
5389,Licenciatura,Informal,Guardabosques,48,22900.0,Media
5390,Licenciatura,Servicios,Zapatero,41,16200.0,Media
5391,Básica,Comercio,Peluquero,43,8500.0,Baja
5392,Licenciatura,Gobierno,Psicoanalista,33,21200.0,Media
5393,Licenciatura,Comercio,Lingüista,56,19800.0,Media
5394,Media Superior,Manufactura,Abogado/a,48,12000.0,Baja
5395,Licenciatura,Finanzas,Periodista,59,27100.0,Media
5396,Media Superior,Construcción,Geógrafo/a,35,11100.0,Baja
5397,Licenciatura,Gobierno,Vendedor,48,21600.0,Media
5398,Media Superior,Manufactura,Escritor,27,8500.0,Baja
5399,Básica,Manufactura,Panadero,25,10500.0,Baja
5400,Licenciatura,Finanzas,Veterinario/a,55,29300.0,Media
5401,Licenciatura,Gobierno,Camarero,58,26700.0,Media
5402,Licenciatura,Gobierno,Biólogo/a,54,24000.0,Media
5403,Media Superior,Informal,Psicólogo/a,29,9100.0,Baja
5404,Posgrado,Manufactura,Desarrollador/a web,59,33900.0,Media
5405,Licenciatura,Gobierno,Animador,27,8500.0,Baja
5406,Posgrado,Manufactura,Psicoanalista,43,18600.0,Media
5407,Básica,Finanzas,Técnico/a de sonido,47,17400.0,Media
5408,Licenciatura,Servicios,Profesor/a,21,9400.0,Baja
5409,Licenciatura,Servicios,Cocinero,50,15500.0,Media
5410,Básica,Manufactura,Camarero,44,8500.0,Baja
5411,Licenciatura,Servicios,Programador,33,8500.0,Baja
5412,Licenciatura,Gobierno,Repartidor,31,17300.0,Media
5413,Media Superior,Comercio,Pintor,23,8500.0,Baja
5414,Licenciatura,Construcción,Frutero,20,8500.0,Baja
5415,Media Superior,Gobierno,Ingeniero/a,40,17700.0,Media
5416,Básica,Comercio,Jardinero,36,8500.0,Baja
5417,Licenciatura,Servicios,Economista,47,20600.0,Media
5418,Licenciatura,Construcción,Cerrajero,25,11900.0,Baja
5419,Licenciatura,Comercio,Imprentero,45,8500.0,Baja
5420,Licenciatura,Servicios,Contador/a,31,17200.0,Media
5421,Básica,Construcción,Escritor,23,16700.0,Media
5422,Media Superior,Manufactura,Artesano,58,19900.0,Media
5423,Media Superior,Construcción,Farmacólogo/a,38,18900.0,Media
5424,Licenciatura,Construcción,Médico/a cirujano/a,53,23800.0,Media
5425,Licenciatura,Finanzas,Ingeniero/a,43,19100.0,Media
5426,Básica,Informal,Traductor/a,55,13800.0,Baja
5427,Media Superior,Servicios,Carnicero,32,8500.0,Baja
5428,Básica,Gobierno,Frutero,33,14400.0,Baja
5429,Licenciatura,Servicios,Jardinero,56,21700.0,Media
5430,Media Superior,Finanzas,Pescador,38,17800.0,Media
5431,Media Superior,Finanzas,Ingeniero/a,54,23600.0,Media
5432,Licenciatura,Finanzas,Desarrollador/a web,36,19700.0,Media
5433,Posgrado,Finanzas,Psicoanalista,55,42100.0,Alta
5434,Licenciatura,Informal,Desarrollador/a web,45,16300.0,Media
5435,Licenciatura,Finanzas,Barbero,55,21600.0,Media
5436,Licenciatura,Comercio,Lutier,51,16800.0,Media
5437,Media Superior,Manufactura,Jardinero,49,20600.0,Media
5438,Licenciatura,Servicios,Zapatero,44,11300.0,Baja
5439,Media Superior,Informal,Desarrollador/a web,23,18300.0,Media
5440,Básica,Manufactura,Psicólogo/a,36,16300.0,Media
5441,Licenciatura,Manufactura,Veterinario/a,35,15500.0,Media
5442,Media Superior,Manufactura,Herrero,46,25100.0,Media
5443,Posgrado,Gobierno,Bombero,53,21500.0,Media
5444,Media Superior,Comercio,Joyero,51,11000.0,Baja
5445,Media Superior,Informal,Farmacólogo/a,53,22900.0,Media
5446,Media Superior,Construcción,Matemático/a,53,8500.0,Baja
5447,Licenciatura,Informal,Carnicero,47,15300.0,Media
5448,Licenciatura,Manufactura,Peletero,44,11400.0,Baja
5449,Media Superior,Informal,Lechero,46,13100.0,Baja
5450,Licenciatura,Servicios,Químico/a,35,19000.0,Media
5451,Básica,Comercio,Farmacólogo/a,27,8500.0,Baja
5452,Media Superior,Construcción,Ingeniero/a,42,16900.0,Media
5453,Posgrado,Gobierno,Repartidor,23,13000.0,Baja
5454,Básica,Servicios,Filólogo/a,53,16100.0,Media
5455,Media Superior,Comercio,Apicultor,23,8500.0,Baja
5456,Licenciatura,Informal,Albañil,24,8500.0,Baja
5457,Media Superior,Servicios,Camarero,34,10800.0,Baja
5458,Media Superior,Construcción,Artesano,56,8500.0,Baja
5459,Media Superior,Informal,Periodista,28,8500.0,Baja
5460,Licenciatura,Servicios,Pescador,32,8500.0,Baja
5461,Licenciatura,Comercio,Geógrafo/a,54,18200.0,Media
5462,Media Superior,Informal,Repartidor,43,8500.0,Baja
5463,Media Superior,Finanzas,Imprentero,55,22600.0,Media
5464,Licenciatura,Finanzas,Artesano,45,18900.0,Media
5465,Media Superior,Manufactura,Programador,35,8500.0,Baja
5466,Básica,Comercio,Filólogo/a,21,8500.0,Baja
5467,Media Superior,Construcción,Lutier,21,8500.0,Baja
5468,Licenciatura,Manufactura,Barrendero,42,16600.0,Media
5469,Licenciatura,Comercio,Músico/a,57,15100.0,Media
5470,Media Superior,Gobierno,Zapatero,36,14900.0,Baja
5471,Básica,Gobierno,Joyero,24,8500.0,Baja
5472,Licenciatura,Servicios,Pintor,24,13800.0,Baja
5473,Media Superior,Gobierno,Desarrollador/a web,53,22800.0,Media
5474,Media Superior,Finanzas,Geógrafo/a,39,12600.0,Baja
5475,Licenciatura,Gobierno,Historiador/a,54,20400.0,Media
5476,Licenciatura,Construcción,Paleontólogo/a,46,22100.0,Media
5477,Licenciatura,Finanzas,Enfermero/a,28,11400.0,Baja
5478,Licenciatura,Gobierno,Joyero,55,15700.0,Media
5479,Licenciatura,Construcción,Escritor,57,24100.0,Media
5480,Posgrado,Manufactura,Psicólogo/a,40,16600.0,Media
5481,Licenciatura,Manufactura,Animador,55,15600.0,Media
5482,Licenciatura,Informal,Lavandero,39,12300.0,Baja
5483,Licenciatura,Construcción,Administrador/a,50,18300.0,Media
5484,Básica,Construcción,Arquitecto/a,56,29600.0,Media
5485,Media Superior,Finanzas,Contador/a,48,23200.0,Media
5486,Licenciatura,Manufactura,Médico/a cirujano/a,34,15200.0,Media
5487,Media Superior,Manufactura,Filólogo/a,24,8500.0,Baja
5488,Media Superior,Servicios,Abogado/a,58,29000.0,Media
5489,Posgrado,Comercio,Veterinario/a,43,30000.0,Media
5490,Media Superior,Servicios,Leñador,36,16200.0,Media
5491,Básica,Servicios,Bibliotecario/a,57,20000.0,Media
5492,Media Superior,Informal,Arquitecto/a,42,15600.0,Media
5493,Básica,Servicios,Peletero,20,8500.0,Baja
5494,Básica,Servicios,Camarero,58,19000.0,Media
5495,Básica,Construcción,Desarrollador/a web,21,10700.0,Baja
5496,Posgrado,Informal,Bibliotecario/a,44,9600.0,Baja
5497,Licenciatura,Servicios,Chofer transportista,49,15000.0,Media
5498,Licenciatura,Gobierno,Mecánico,31,18900.0,Media
5499,Licenciatura,Construcción,Bibliotecario/a,23,8500.0,Baja
5500,Licenciatura,Construcción,Apicultor,21,8500.0,Baja
5501,Licenciatura,Servicios,Músico/a,59,20200.0,Media
5502,Media Superior,Construcción,Filólogo/a,29,8500.0,Baja
5503,Básica,Gobierno,Diseñador/a gráfico,36,8500.0,Baja
5504,Licenciatura,Manufactura,Veterinario/a,59,30900.0,Media
5505,Licenciatura,Gobierno,Desarrollador/a web,50,35600.0,Alta
5506,Licenciatura,Comercio,Cajero,51,27100.0,Media
5507,Media Superior,Gobierno,Jardinero,29,8500.0,Baja
5508,Licenciatura,Informal,Imprentero,53,14600.0,Baja
5509,Básica,Informal,Ingeniero/a,59,29900.0,Media
5510,Licenciatura,Finanzas,Apicultor,46,19300.0,Media
5511,Media Superior,Servicios,Óptico,45,11600.0,Baja
5512,Licenciatura,Construcción,Enfermero/a,59,21300.0,Media
5513,Licenciatura,Servicios,Animador,30,8500.0,Baja
5514,Licenciatura,Informal,Meteorólogo/a,34,8500.0,Baja
5515,Media Superior,Manufactura,Filólogo/a,20,14500.0,Baja
5516,Licenciatura,Comercio,Psicólogo/a,40,21600.0,Media
5517,Media Superior,Comercio,Cajero,45,12800.0,Baja
5518,Licenciatura,Gobierno,Bibliotecario/a,45,21900.0,Media
5519,Media Superior,Servicios,Economista,33,8600.0,Baja
5520,Licenciatura,Manufactura,Paleontólogo/a,50,28300.0,Media
5521,Media Superior,Construcción,Cerrajero,47,8800.0,Baja
5522,Media Superior,Finanzas,Animador,59,26800.0,Media
5523,Media Superior,Servicios,Tornero,53,21100.0,Media
5524,Licenciatura,Servicios,Fumigador,38,22100.0,Media
5525,Básica,Gobierno,Músico/a,28,15900.0,Media
5526,Licenciatura,Comercio,Profesor/a,51,21400.0,Media
5527,Media Superior,Construcción,Camarero,32,8500.0,Baja
5528,Básica,Informal,Barbero,40,9700.0,Baja
5529,Básica,Comercio,Carpintero,38,8500.0,Baja
5530,Posgrado,Comercio,Frutero,27,16800.0,Media
5531,Básica,Servicios,Imprentero,34,8500.0,Baja
5532,Media Superior,Servicios,Químico/a,46,14800.0,Baja
5533,Licenciatura,Finanzas,Biólogo/a,40,24100.0,Media
5534,Posgrado,Construcción,Fontanero o plomero,57,23200.0,Media
5535,Posgrado,Finanzas,Bombero,45,29500.0,Media
5536,Posgrado,Construcción,Paleontólogo/a,51,32400.0,Media
5537,Básica,Servicios,Pintor,52,13600.0,Baja
5538,Media Superior,Gobierno,Enfermero/a,27,14000.0,Baja
5539,Básica,Construcción,Cocinero,32,14200.0,Baja
5540,Licenciatura,Servicios,Barbero,37,12100.0,Baja
5541,Licenciatura,Comercio,Carpintero,56,26200.0,Media
5542,Licenciatura,Comercio,Relojero,37,10200.0,Baja
5543,Posgrado,Servicios,Abogado/a,23,19500.0,Media
5544,Media Superior,Informal,Telefonista,20,8500.0,Baja
5545,Licenciatura,Comercio,Ingeniero/a,39,21200.0,Media
5546,Posgrado,Gobierno,Técnico/a de sonido,24,15600.0,Media
5547,Básica,Manufactura,Administrador/a,50,8500.0,Baja
5548,Licenciatura,Informal,Carnicero,23,8500.0,Baja
5549,Media Superior,Construcción,Peletero,45,12800.0,Baja
5550,Básica,Gobierno,Sastre,56,16100.0,Media
5551,Licenciatura,Comercio,Soldador,49,19700.0,Media
5552,Básica,Manufactura,Peluquero,50,15800.0,Media
5553,Licenciatura,Manufactura,Telefonista,53,22300.0,Media
5554,Media Superior,Gobierno,Físico/a,21,8500.0,Baja
5555,Media Superior,Comercio,Joyero,50,10900.0,Baja
5556,Licenciatura,Comercio,Joyero,35,8500.0,Baja
5557,Básica,Finanzas,Cerrajero,45,18200.0,Media
5558,Licenciatura,Finanzas,Paleontólogo/a,33,15900.0,Media
5559,Licenciatura,Manufactura,Peletero,52,13200.0,Baja
5560,Licenciatura,Manufactura,Pastor,26,8500.0,Baja
5561,Media Superior,Manufactura,Ingeniero/a,28,12700.0,Baja
5562,Licenciatura,Manufactura,Vendedor,31,8500.0,Baja
5563,Media Superior,Informal,Historiador/a,37,8500.0,Baja
5564,Media Superior,Construcción,Geógrafo/a,21,8500.0,Baja
5565,Licenciatura,Informal,Agricultor,37,16100.0,Media
5566,Licenciatura,Comercio,Animador,36,17000.0,Media
5567,Media Superior,Manufactura,Carnicero,45,14800.0,Baja
5568,Licenciatura,Servicios,Arquitecto/a,55,27900.0,Media
5569,Licenciatura,Manufactura,Farmacólogo/a,32,13400.0,Baja
5570,Básica,Gobierno,Abogado/a,56,23500.0,Media
5571,Básica,Finanzas,Frutero,57,16000.0,Media
5572,Básica,Finanzas,Pastor,40,8500.0,Baja
5573,Licenciatura,Gobierno,Artesano,22,11100.0,Baja
5574,Básica,Comercio,Peletero,25,8500.0,Baja
5575,Básica,Comercio,Barrendero,20,8500.0,Baja
5576,Posgrado,Manufactura,Técnico/a de sonido,50,25100.0,Media
5577,Media Superior,Gobierno,Afilador,53,21900.0,Media
5578,Licenciatura,Informal,Bombero,51,15100.0,Media
5579,Licenciatura,Informal,Afilador,33,13200.0,Baja
5580,Media Superior,Servicios,Jardinero,35,8500.0,Baja
5581,Posgrado,Construcción,Veterinario/a,27,14300.0,Baja
5582,Media Superior,Construcción,Jardinero,43,8500.0,Baja
5583,Media Superior,Informal,Lutier,53,9000.0,Baja
5584,Licenciatura,Construcción,Apicultor,25,8500.0,Baja
5585,Media Superior,Comercio,Farmacólogo/a,52,17800.0,Media
5586,Licenciatura,Construcción,Cajero,23,11400.0,Baja
5587,Licenciatura,Servicios,Psicoanalista,47,33100.0,Media
5588,Media Superior,Comercio,Vigilante,33,10600.0,Baja
5589,Media Superior,Comercio,Economista,27,8500.0,Baja
5590,Licenciatura,Construcción,Administrador/a,56,16000.0,Media
5591,Media Superior,Informal,Panadero,48,20300.0,Media
5592,Licenciatura,Gobierno,Relojero,48,20100.0,Media
5593,Básica,Gobierno,Abogado/a,23,9900.0,Baja
5594,Licenciatura,Informal,Joyero,32,11300.0,Baja
5595,Licenciatura,Informal,Animador,53,11200.0,Baja
5596,Posgrado,Construcción,Joyero,28,8500.0,Baja
5597,Licenciatura,Informal,Meteorólogo/a,41,19200.0,Media
5598,Básica,Informal,Óptico,26,8500.0,Baja
5599,Básica,Informal,Apicultor,55,8500.0,Baja
5600,Media Superior,Gobierno,Filólogo/a,57,22100.0,Media
5601,Media Superior,Informal,Economista,20,8500.0,Baja
5602,Básica,Servicios,Economista,42,8500.0,Baja
5603,Licenciatura,Manufactura,Telefonista,21,8500.0,Baja
5604,Licenciatura,Gobierno,Bombero,42,19000.0,Media
5605,Básica,Servicios,Paleontólogo/a,20,8900.0,Baja
5606,Media Superior,Gobierno,Lingüista,57,25400.0,Media
5607,Media Superior,Informal,Desarrollador/a web,37,10800.0,Baja
5608,Básica,Manufactura,Psicólogo/a,21,8500.0,Baja
5609,Media Superior,Comercio,Tornero,46,12100.0,Baja
5610,Licenciatura,Servicios,Mecánico,45,9700.0,Baja
5611,Licenciatura,Servicios,Albañil,44,24600.0,Media
5612,Licenciatura,Servicios,Cocinero,38,8500.0,Baja
5613,Licenciatura,Finanzas,Leñador,32,22600.0,Media
5614,Básica,Comercio,Psicoanalista,32,15300.0,Media
5615,Posgrado,Servicios,Pastor,53,24700.0,Media
5616,Básica,Construcción,Matemático/a,32,11100.0,Baja
5617,Básica,Comercio,Cocinero,57,8500.0,Baja
5618,Licenciatura,Manufactura,Bombero,41,13300.0,Baja
5619,Licenciatura,Servicios,Médico/a cirujano/a,27,24200.0,Media
5620,Licenciatura,Construcción,Programador,52,16300.0,Media
5621,Básica,Servicios,Escultor,41,8500.0,Baja
5622,Licenciatura,Informal,Profesor/a,30,13900.0,Baja
5623,Licenciatura,Construcción,Ferretero,50,30700.0,Media
5624,Básica,Informal,Herrero,21,10000.0,Baja
5625,Media Superior,Informal,Frutero,20,8500.0,Baja
5626,Licenciatura,Gobierno,Herrero,54,25500.0,Media
5627,Básica,Informal,Administrador/a,29,12400.0,Baja
5628,Media Superior,Informal,Panadero,32,18100.0,Media
5629,Media Superior,Servicios,Relojero,50,11300.0,Baja
5630,Media Superior,Gobierno,Fumigador,33,16600.0,Media
5631,Posgrado,Informal,Veterinario/a,43,16400.0,Media
5632,Básica,Construcción,Kinesiólogo/a,40,8500.0,Baja
5633,Media Superior,Gobierno,Meteorólogo/a,25,10900.0,Baja
5634,Posgrado,Comercio,Fumigador,58,21700.0,Media
5635,Media Superior,Comercio,Obrero,33,9100.0,Baja
5636,Licenciatura,Gobierno,Pastor,45,20600.0,Media
5637,Básica,Manufactura,Químico/a,54,18500.0,Media
5638,Licenciatura,Comercio,Químico/a,38,17400.0,Media
5639,Básica,Manufactura,Filólogo/a,50,8600.0,Baja
5640,Básica,Gobierno,Geógrafo/a,37,19800.0,Media
5641,Licenciatura,Servicios,Lavandero,49,18700.0,Media
5642,Licenciatura,Construcción,Biólogo/a,55,22100.0,Media
5643,Básica,Manufactura,Carpintero,29,8500.0,Baja
5644,Básica,Comercio,Pescador,28,9600.0,Baja
5645,Licenciatura,Manufactura,Lechero,48,26800.0,Media
5646,Licenciatura,Finanzas,Ferretero,57,34400.0,Media
5647,Básica,Manufactura,Enfermero/a,43,8500.0,Baja
5648,Licenciatura,Finanzas,Profesor/a,58,34900.0,Media
5649,Media Superior,Servicios,Panadero,57,20700.0,Media
5650,Posgrado,Comercio,Técnico/a de sonido,40,16000.0,Media
5651,Licenciatura,Finanzas,Barrendero,27,9800.0,Baja
5652,Licenciatura,Manufactura,Profesor/a,40,27000.0,Media
5653,Media Superior,Manufactura,Óptico,27,12800.0,Baja
5654,Licenciatura,Comercio,Profesor/a,52,27800.0,Media
5655,Media Superior,Finanzas,Desarrollador/a web,33,23900.0,Media
5656,Licenciatura,Comercio,Administrador/a,40,17200.0,Media
5657,Licenciatura,Informal,Enfermero/a,42,11100.0,Baja
5658,Licenciatura,Finanzas,Carpintero,30,13600.0,Baja
5659,Media Superior,Manufactura,Maestro,59,22400.0,Media
5660,Licenciatura,Gobierno,Animador,50,15500.0,Media
5661,Básica,Informal,Chofer transportista,36,8500.0,Baja
5662,Licenciatura,Informal,Artesano,47,17900.0,Media
5663,Posgrado,Gobierno,Farmacólogo/a,42,35900.0,Alta
5664,Media Superior,Gobierno,Barbero,39,12000.0,Baja
5665,Básica,Informal,Fontanero o plomero,50,8600.0,Baja
5666,Básica,Informal,Desarrollador/a web,50,21000.0,Media
5667,Media Superior,Manufactura,Vigilante,53,16500.0,Media
5668,Media Superior,Comercio,Kinesiólogo/a,34,8500.0,Baja
5669,Media Superior,Construcción,Programador,31,8500.0,Baja
5670,Media Superior,Construcción,Camarero,54,8500.0,Baja
5671,Básica,Manufactura,Zapatero,35,11900.0,Baja
5672,Licenciatura,Manufactura,Físico/a,31,14800.0,Baja
5673,Licenciatura,Finanzas,Enfermero/a,46,29400.0,Media
5674,Media Superior,Servicios,Cajero,21,18900.0,Media
5675,Básica,Servicios,Periodista,22,8500.0,Baja
5676,Licenciatura,Manufactura,Filólogo/a,23,8500.0,Baja
5677,Posgrado,Manufactura,Radiólogo/a,41,29800.0,Media
5678,Posgrado,Finanzas,Apicultor,33,18600.0,Media
5679,Básica,Construcción,Relojero,37,21200.0,Media
5680,Licenciatura,Manufactura,Economista,34,13700.0,Baja
5681,Básica,Servicios,Vendedor,23,9300.0,Baja
5682,Posgrado,Manufactura,Matemático/a,45,13200.0,Baja
5683,Media Superior,Finanzas,Cajero,36,9900.0,Baja
5684,Media Superior,Servicios,Geógrafo/a,38,8500.0,Baja
5685,Posgrado,Servicios,Repartidor,31,17200.0,Media
5686,Licenciatura,Finanzas,Fumigador,24,13200.0,Baja
5687,Licenciatura,Servicios,Imprentero,53,21500.0,Media
5688,Básica,Construcción,Carnicero,59,8500.0,Baja
5689,Licenciatura,Construcción,Programador,45,9400.0,Baja
5690,Básica,Servicios,Obrero,47,18900.0,Media
5691,Posgrado,Construcción,Carnicero,56,23300.0,Media
5692,Básica,Comercio,Cerrajero,28,8500.0,Baja
5693,Licenciatura,Finanzas,Frutero,41,17500.0,Media
5694,Media Superior,Servicios,Chofer transportista,44,8500.0,Baja
5695,Media Superior,Servicios,Farmacólogo/a,29,8500.0,Baja
5696,Posgrado,Servicios,Tornero,31,13500.0,Baja
5697,Licenciatura,Comercio,Agricultor,40,10600.0,Baja
5698,Básica,Gobierno,Joyero,23,8500.0,Baja
5699,Media Superior,Manufactura,Ingeniero/a,29,8500.0,Baja
5700,Básica,Servicios,Lingüista,50,16300.0,Media
5701,Media Superior,Informal,Farmacólogo/a,59,14600.0,Baja
5702,Posgrado,Servicios,Escritor,51,23700.0,Media
5703,Básica,Servicios,Joyero,58,22600.0,Media
5704,Básica,Finanzas,Relojero,22,14300.0,Baja
5705,Licenciatura,Gobierno,Albañil,50,23500.0,Media
5706,Básica,Servicios,Médico/a cirujano/a,55,14300.0,Baja
5707,Licenciatura,Gobierno,Chofer transportista,44,16300.0,Media
5708,Media Superior,Servicios,Administrador/a,39,8500.0,Baja
5709,Licenciatura,Finanzas,Psicólogo/a,41,21600.0,Media
5710,Básica,Gobierno,Ingeniero/a,37,8800.0,Baja
5711,Básica,Informal,Camarero,26,8500.0,Baja
5712,Media Superior,Finanzas,Imprentero,54,26300.0,Media
5713,Media Superior,Gobierno,Chofer transportista,55,19300.0,Media
5714,Licenciatura,Manufactura,Diseñador/a gráfico,35,15500.0,Media
5715,Básica,Comercio,Técnico/a de sonido,48,14100.0,Baja
5716,Licenciatura,Informal,Administrador/a,28,15100.0,Media
5717,Básica,Construcción,Sastre,52,11100.0,Baja
5718,Básica,Manufactura,Lutier,40,12400.0,Baja
5719,Media Superior,Gobierno,Psicoanalista,36,9800.0,Baja
5720,Media Superior,Manufactura,Animador,47,20200.0,Media
5721,Media Superior,Servicios,Animador,21,8500.0,Baja
5722,Licenciatura,Servicios,Sastre,22,8500.0,Baja
5723,Posgrado,Comercio,Chofer transportista,36,11200.0,Baja
5724,Media Superior,Informal,Albañil,48,10300.0,Baja
5725,Básica,Comercio,Cocinero,54,8800.0,Baja
5726,Media Superior,Manufactura,Apicultor,49,8500.0,Baja
5727,Licenciatura,Gobierno,Administrador/a,30,13200.0,Baja
5728,Licenciatura,Gobierno,Paleontólogo/a,59,25800.0,Media
5729,Posgrado,Servicios,Cerrajero,22,12800.0,Baja
5730,Media Superior,Manufactura,Farmacólogo/a,57,29000.0,Media
5731,Licenciatura,Construcción,Músico/a,41,8500.0,Baja
5732,Media Superior,Comercio,Bibliotecario/a,49,23500.0,Media
5733,Licenciatura,Servicios,Traductor/a,20,15500.0,Media
5734,Licenciatura,Gobierno,Maestro,48,27100.0,Media
5735,Licenciatura,Informal,Desarrollador/a web,51,25100.0,Media
5736,Licenciatura,Servicios,Ingeniero/a,35,14200.0,Baja
5737,Licenciatura,Informal,Desarrollador/a web,26,10000.0,Baja
5738,Media Superior,Manufactura,Barbero,29,15800.0,Media
5739,Licenciatura,Gobierno,Lavandero,35,12800.0,Baja
5740,Licenciatura,Informal,Traductor/a,56,13800.0,Baja
5741,Licenciatura,Finanzas,Músico/a,49,26900.0,Media
5742,Licenciatura,Gobierno,Abogado/a,46,22100.0,Media
5743,Básica,Informal,Animador,53,10700.0,Baja
5744,Media Superior,Finanzas,Técnico/a de sonido,35,23300.0,Media
5745,Básica,Servicios,Panadero,27,8500.0,Baja
5746,Media Superior,Servicios,Fumigador,50,11800.0,Baja
5747,Media Superior,Construcción,Pastor,49,16400.0,Media
5748,Licenciatura,Informal,Herrero,29,12900.0,Baja
5749,Licenciatura,Comercio,Economista,32,12900.0,Baja
5750,Básica,Manufactura,Músico/a,47,21900.0,Media
5751,Básica,Gobierno,Actuario/a,45,22000.0,Media
5752,Licenciatura,Construcción,Geógrafo/a,51,20000.0,Media
5753,Básica,Informal,Matemático/a,20,8500.0,Baja
5754,Licenciatura,Construcción,Barrendero,20,8500.0,Baja
5755,Licenciatura,Gobierno,Carpintero,59,22000.0,Media
5756,Media Superior,Gobierno,Sastre,51,17100.0,Media
5757,Media Superior,Servicios,Farmacólogo/a,29,9500.0,Baja
5758,Media Superior,Construcción,Apicultor,21,8500.0,Baja
5759,Licenciatura,Comercio,Barbero,27,12800.0,Baja
5760,Media Superior,Servicios,Mecánico,20,8500.0,Baja
5761,Media Superior,Servicios,Matemático/a,29,8500.0,Baja
5762,Básica,Gobierno,Agricultor,39,10300.0,Baja
5763,Licenciatura,Manufactura,Filólogo/a,57,23400.0,Media
5764,Licenciatura,Manufactura,Veterinario/a,20,10700.0,Baja
5765,Media Superior,Finanzas,Farmacólogo/a,46,21600.0,Media
5766,Media Superior,Servicios,Profesor/a,44,14600.0,Baja
5767,Licenciatura,Gobierno,Cajero,48,21900.0,Media
5768,Licenciatura,Manufactura,Barrendero,26,12900.0,Baja
5769,Media Superior,Informal,Animador,22,9000.0,Baja
5770,Licenciatura,Gobierno,Psicoanalista,26,12600.0,Baja
5771,Básica,Manufactura,Lechero,43,12800.0,Baja
5772,Posgrado,Gobierno,Ferretero,29,24100.0,Media
5773,Básica,Manufactura,Frutero,25,8500.0,Baja
5774,Básica,Gobierno,Radiólogo/a,49,21700.0,Media
5775,Licenciatura,Finanzas,Barbero,33,14000.0,Baja
5776,Licenciatura,Comercio,Meteorólogo/a,22,8500.0,Baja
5777,Licenciatura,Gobierno,Bombero,40,26300.0,Media
5778,Media Superior,Comercio,Físico/a,32,8500.0,Baja
5779,Media Superior,Gobierno,Psicólogo/a,46,18900.0,Media
5780,Media Superior,Manufactura,Filólogo/a,39,8500.0,Baja
5781,Licenciatura,Manufactura,Administrador/a,27,8800.0,Baja
5782,Licenciatura,Manufactura,Imprentero,20,8500.0,Baja
5783,Licenciatura,Construcción,Químico/a,26,13600.0,Baja
5784,Básica,Informal,Escritor,34,9800.0,Baja
5785,Media Superior,Servicios,Radiólogo/a,36,15900.0,Media
5786,Posgrado,Servicios,Actuario/a,27,18500.0,Media
5787,Básica,Comercio,Veterinario/a,21,11500.0,Baja
5788,Media Superior,Comercio,Joyero,51,16400.0,Media
5789,Media Superior,Construcción,Vigilante,48,9000.0,Baja
5790,Licenciatura,Gobierno,Herrero,55,22100.0,Media
5791,Licenciatura,Informal,Lutier,49,17800.0,Media
5792,Licenciatura,Finanzas,Camarero,30,9400.0,Baja
5793,Media Superior,Comercio,Mecánico,45,8500.0,Baja
5794,Licenciatura,Comercio,Joyero,23,15600.0,Media
5795,Básica,Finanzas,Barbero,31,20000.0,Media
5796,Licenciatura,Manufactura,Meteorólogo/a,23,8500.0,Baja
5797,Licenciatura,Gobierno,Kinesiólogo/a,52,23000.0,Media
5798,Media Superior,Informal,Afilador,57,17100.0,Media
5799,Licenciatura,Gobierno,Jardinero,57,33600.0,Media
5800,Básica,Construcción,Lutier,29,8500.0,Baja
5801,Básica,Gobierno,Contador/a,58,32300.0,Media
5802,Licenciatura,Informal,Barbero,53,19000.0,Media
5803,Media Superior,Gobierno,Actuario/a,26,14800.0,Baja
5804,Licenciatura,Finanzas,Filólogo/a,20,15400.0,Media
5805,Licenciatura,Informal,Joyero,52,16100.0,Media
5806,Licenciatura,Manufactura,Administrador/a,42,12000.0,Baja
5807,Licenciatura,Gobierno,Panadero,59,34100.0,Media
5808,Licenciatura,Informal,Músico/a,44,23800.0,Media
5809,Media Superior,Servicios,Psicólogo/a,23,8500.0,Baja
5810,Licenciatura,Manufactura,Camarero,24,8500.0,Baja
5811,Media Superior,Informal,Lingüista,45,11400.0,Baja
5812,Media Superior,Servicios,Geógrafo/a,35,12100.0,Baja
5813,Básica,Manufactura,Escultor,46,8500.0,Baja
5814,Media Superior,Informal,Farmacólogo/a,43,11600.0,Baja
5815,Media Superior,Informal,Psicoanalista,50,17900.0,Media
5816,Licenciatura,Informal,Afilador,55,11400.0,Baja
5817,Licenciatura,Construcción,Cajero,38,17000.0,Media
5818,Licenciatura,Servicios,Psicoanalista,46,27900.0,Media
5819,Básica,Construcción,Escritor,23,10600.0,Baja
5820,Licenciatura,Servicios,Biólogo/a,32,17100.0,Media
5821,Licenciatura,Finanzas,Peluquero,30,18400.0,Media
5822,Básica,Servicios,Sastre,34,15500.0,Media
5823,Posgrado,Finanzas,Contador/a,28,17800.0,Media
5824,Media Superior,Gobierno,Veterinario/a,30,14700.0,Baja
5825,Media Superior,Manufactura,Historiador/a,46,20900.0,Media
5826,Básica,Manufactura,Arquitecto/a,54,23000.0,Media
5827,Posgrado,Construcción,Peletero,39,15100.0,Media
5828,Básica,Comercio,Telefonista,39,8500.0,Baja
5829,Licenciatura,Servicios,Químico/a,27,11800.0,Baja
5830,Básica,Gobierno,Repartidor,57,14700.0,Baja
5831,Media Superior,Manufactura,Fumigador,25,8500.0,Baja
5832,Básica,Servicios,Ferretero,36,14800.0,Baja
5833,Media Superior,Comercio,Enfermero/a,20,11400.0,Baja
5834,Licenciatura,Gobierno,Soldador,31,16500.0,Media
5835,Media Superior,Manufactura,Afilador,37,9800.0,Baja
5836,Media Superior,Informal,Actuario/a,57,26600.0,Media
5837,Licenciatura,Manufactura,Profesor/a,58,20000.0,Media
5838,Media Superior,Servicios,Imprentero,37,8500.0,Baja
5839,Licenciatura,Construcción,Paleontólogo/a,27,18000.0,Media
5840,Licenciatura,Informal,Historiador/a,57,21900.0,Media
5841,Media Superior,Gobierno,Herrero,32,8500.0,Baja
5842,Licenciatura,Informal,Camarero,41,14800.0,Baja
5843,Media Superior,Comercio,Lutier,29,8500.0,Baja
5844,Media Superior,Informal,Matemático/a,27,15600.0,Media
5845,Media Superior,Comercio,Enfermero/a,54,22900.0,Media
5846,Media Superior,Manufactura,Lutier,54,10300.0,Baja
5847,Básica,Servicios,Técnico/a de sonido,30,14000.0,Baja
5848,Media Superior,Comercio,Abogado/a,41,8500.0,Baja
5849,Posgrado,Comercio,Administrador/a,46,20600.0,Media
5850,Media Superior,Manufactura,Lavandero,37,8500.0,Baja
5851,Posgrado,Informal,Arquitecto/a,59,30200.0,Media
5852,Licenciatura,Manufactura,Fumigador,48,16500.0,Media
5853,Licenciatura,Servicios,Pintor,58,14400.0,Baja
5854,Posgrado,Comercio,Actuario/a,55,27400.0,Media
5855,Básica,Informal,Veterinario/a,20,8500.0,Baja
5856,Media Superior,Servicios,Geógrafo/a,22,8500.0,Baja
5857,Básica,Gobierno,Psicólogo/a,55,20400.0,Media
5858,Posgrado,Servicios,Escultor,49,18300.0,Media
5859,Básica,Comercio,Diseñador/a gráfico,28,8500.0,Baja
5860,Licenciatura,Manufactura,Ferretero,22,8500.0,Baja
5861,Licenciatura,Comercio,Profesor/a,29,16200.0,Media
5862,Básica,Finanzas,Enfermero/a,36,15700.0,Media
5863,Licenciatura,Manufactura,Técnico/a de sonido,44,10600.0,Baja
5864,Media Superior,Gobierno,Matemático/a,52,25200.0,Media
5865,Media Superior,Finanzas,Camarero,37,17700.0,Media
5866,Básica,Gobierno,Lechero,34,14800.0,Baja
5867,Básica,Construcción,Mecánico,27,8500.0,Baja
5868,Media Superior,Finanzas,Geógrafo/a,28,14200.0,Baja
5869,Media Superior,Finanzas,Economista,46,15300.0,Media
5870,Media Superior,Finanzas,Químico/a,32,19400.0,Media
5871,Media Superior,Comercio,Fontanero o plomero,30,8500.0,Baja
5872,Posgrado,Comercio,Tornero,33,8500.0,Baja
5873,Media Superior,Construcción,Kinesiólogo/a,38,12600.0,Baja
5874,Licenciatura,Construcción,Barrendero,46,11100.0,Baja
5875,Básica,Manufactura,Profesor/a,46,22600.0,Media
5876,Media Superior,Gobierno,Radiólogo/a,42,19600.0,Media
5877,Licenciatura,Finanzas,Actuario/a,28,17200.0,Media
5878,Básica,Comercio,Imprentero,24,10100.0,Baja
5879,Media Superior,Servicios,Joyero,57,26200.0,Media
5880,Licenciatura,Servicios,Kinesiólogo/a,32,10200.0,Baja
5881,Media Superior,Gobierno,Bombero,30,12000.0,Baja
5882,Básica,Comercio,Administrador/a,35,11000.0,Baja
5883,Licenciatura,Servicios,Maestro,51,21600.0,Media
5884,Media Superior,Finanzas,Biólogo/a,30,9600.0,Baja
5885,Media Superior,Manufactura,Historiador/a,49,8500.0,Baja
5886,Licenciatura,Manufactura,Psicólogo/a,22,8500.0,Baja
5887,Media Superior,Servicios,Imprentero,25,8500.0,Baja
5888,Media Superior,Manufactura,Actuario/a,47,23500.0,Media
5889,Básica,Manufactura,Pastor,52,11800.0,Baja
5890,Básica,Servicios,Psicólogo/a,40,19200.0,Media
5891,Licenciatura,Comercio,Pastor,33,11900.0,Baja
5892,Licenciatura,Gobierno,Actuario/a,47,26700.0,Media
5893,Licenciatura,Comercio,Economista,33,15000.0,Media
5894,Básica,Manufactura,Animador,30,8500.0,Baja
5895,Licenciatura,Manufactura,Ferretero,25,22900.0,Media
5896,Licenciatura,Manufactura,Peletero,40,29400.0,Media
5897,Básica,Informal,Animador,53,10200.0,Baja
5898,Licenciatura,Servicios,Fumigador,58,23700.0,Media
5899,Licenciatura,Manufactura,Soldador,55,18200.0,Media
5900,Media Superior,Informal,Lavandero,32,8500.0,Baja
5901,Posgrado,Servicios,Telefonista,47,17900.0,Media
5902,Licenciatura,Servicios,Biólogo/a,44,22100.0,Media
5903,Básica,Comercio,Telefonista,53,9400.0,Baja
5904,Licenciatura,Informal,Bombero,28,8500.0,Baja
5905,Licenciatura,Manufactura,Sastre,32,8500.0,Baja
5906,Licenciatura,Finanzas,Paleontólogo/a,28,16500.0,Media
5907,Media Superior,Finanzas,Animador,48,8500.0,Baja
5908,Básica,Construcción,Lutier,38,8500.0,Baja
5909,Básica,Gobierno,Diseñador/a gráfico,22,16400.0,Media
5910,Licenciatura,Comercio,Lingüista,54,20900.0,Media
5911,Licenciatura,Comercio,Leñador,32,16100.0,Media
5912,Licenciatura,Gobierno,Animador,28,10300.0,Baja
5913,Licenciatura,Comercio,Químico/a,20,8500.0,Baja
5914,Básica,Gobierno,Biólogo/a,28,11700.0,Baja
5915,Media Superior,Servicios,Ingeniero/a,54,21500.0,Media
5916,Licenciatura,Construcción,Biólogo/a,39,16100.0,Media
5917,Básica,Comercio,Vigilante,38,12200.0,Baja
5918,Licenciatura,Gobierno,Lavandero,33,8500.0,Baja
5919,Media Superior,Finanzas,Albañil,35,10300.0,Baja
5920,Básica,Informal,Repartidor,24,10500.0,Baja
5921,Licenciatura,Informal,Lingüista,23,9500.0,Baja
5922,Media Superior,Finanzas,Veterinario/a,53,28300.0,Media
5923,Licenciatura,Comercio,Camarero,39,8500.0,Baja
5924,Licenciatura,Servicios,Pintor,52,22200.0,Media
5925,Licenciatura,Gobierno,Diseñador/a gráfico,34,15300.0,Media
5926,Media Superior,Gobierno,Enfermero/a,44,20900.0,Media
5927,Media Superior,Comercio,Lingüista,22,9600.0,Baja
5928,Media Superior,Finanzas,Apicultor,45,15600.0,Media
5929,Básica,Servicios,Repartidor,48,13100.0,Baja
5930,Media Superior,Manufactura,Físico/a,21,10500.0,Baja
5931,Media Superior,Gobierno,Tornero,55,24000.0,Media
5932,Media Superior,Finanzas,Abogado/a,57,27500.0,Media
5933,Media Superior,Comercio,Desarrollador/a web,47,18200.0,Media
5934,Licenciatura,Servicios,Apicultor,23,15100.0,Media
5935,Media Superior,Servicios,Vendedor,45,12900.0,Baja
5936,Media Superior,Gobierno,Imprentero,58,28800.0,Media
5937,Licenciatura,Informal,Bombero,48,11000.0,Baja
5938,Media Superior,Informal,Frutero,56,11100.0,Baja
5939,Media Superior,Servicios,Enfermero/a,45,9500.0,Baja
5940,Media Superior,Gobierno,Paleontólogo/a,35,13700.0,Baja
5941,Básica,Comercio,Veterinario/a,34,8500.0,Baja
5942,Licenciatura,Construcción,Radiólogo/a,44,8800.0,Baja
5943,Básica,Comercio,Soldador,41,16000.0,Media
5944,Media Superior,Manufactura,Meteorólogo/a,45,23700.0,Media
5945,Media Superior,Construcción,Administrador/a,29,12100.0,Baja
5946,Licenciatura,Gobierno,Escultor,24,8500.0,Baja
5947,Licenciatura,Manufactura,Carpintero,37,18300.0,Media
5948,Media Superior,Gobierno,Carnicero,48,25100.0,Media
5949,Licenciatura,Manufactura,Tornero,52,11700.0,Baja
5950,Media Superior,Manufactura,Enfermero/a,38,11600.0,Baja
5951,Básica,Manufactura,Relojero,24,8600.0,Baja
5952,Media Superior,Servicios,Físico/a,28,16500.0,Media
5953,Media Superior,Servicios,Fontanero o plomero,20,8500.0,Baja
5954,Básica,Comercio,Jardinero,40,8500.0,Baja
5955,Media Superior,Gobierno,Bibliotecario/a,55,18100.0,Media
5956,Básica,Finanzas,Cocinero,39,19100.0,Media
5957,Básica,Construcción,Lechero,48,12800.0,Baja
5958,Licenciatura,Manufactura,Bombero,44,15400.0,Media
5959,Posgrado,Servicios,Farmacólogo/a,56,27200.0,Media
5960,Licenciatura,Informal,Telefonista,47,13000.0,Baja
5961,Media Superior,Manufactura,Biólogo/a,53,11000.0,Baja
5962,Licenciatura,Informal,Administrador/a,56,23800.0,Media
5963,Media Superior,Servicios,Repartidor,53,18600.0,Media
5964,Básica,Gobierno,Vendedor,45,13700.0,Baja
5965,Básica,Manufactura,Meteorólogo/a,33,11400.0,Baja
5966,Media Superior,Construcción,Vendedor,37,16800.0,Media
5967,Básica,Manufactura,Técnico/a de sonido,51,19900.0,Media
5968,Posgrado,Finanzas,Telefonista,32,18900.0,Media
5969,Posgrado,Finanzas,Meteorólogo/a,34,27100.0,Media
5970,Licenciatura,Informal,Barbero,35,17000.0,Media
5971,Licenciatura,Servicios,Paleontólogo/a,29,17100.0,Media
5972,Licenciatura,Informal,Ferretero,40,13100.0,Baja
5973,Media Superior,Servicios,Cocinero,25,9200.0,Baja
5974,Posgrado,Informal,Vigilante,37,20400.0,Media
5975,Licenciatura,Construcción,Vigilante,45,18600.0,Media
5976,Media Superior,Servicios,Programador,49,18000.0,Media
5977,Básica,Servicios,Bombero,49,9500.0,Baja
5978,Básica,Construcción,Radiólogo/a,38,8600.0,Baja
5979,Posgrado,Servicios,Geógrafo/a,55,29300.0,Media
5980,Licenciatura,Comercio,Historiador/a,25,13800.0,Baja
5981,Básica,Informal,Albañil,37,9200.0,Baja
5982,Media Superior,Comercio,Cerrajero,30,13500.0,Baja
5983,Media Superior,Manufactura,Bibliotecario/a,34,19400.0,Media
5984,Media Superior,Informal,Actuario/a,28,16200.0,Media
5985,Posgrado,Servicios,Fumigador,34,15800.0,Media
5986,Básica,Comercio,Herrero,39,9700.0,Baja
5987,Básica,Servicios,Profesor/a,44,8500.0,Baja
5988,Licenciatura,Comercio,Actuario/a,20,13800.0,Baja
5989,Media Superior,Finanzas,Fumigador,43,21100.0,Media
5990,Licenciatura,Servicios,Matemático/a,57,27700.0,Media
5991,Media Superior,Informal,Lavandero,20,8700.0,Baja
5992,Licenciatura,Informal,Químico/a,54,20600.0,Media
5993,Licenciatura,Informal,Filólogo/a,30,16400.0,Media
5994,Media Superior,Gobierno,Diseñador/a gráfico,31,19100.0,Media
5995,Media Superior,Manufactura,Músico/a,45,19900.0,Media
5996,Media Superior,Comercio,Kinesiólogo/a,20,9700.0,Baja
5997,Básica,Servicios,Técnico/a de sonido,28,9400.0,Baja
5998,Media Superior,Comercio,Lavandero,34,15800.0,Media
5999,Media Superior,Informal,Artesano,26,8500.0,Baja
6000,Licenciatura,Comercio,Matemático/a,46,18300.0,Media
6001,Licenciatura,Informal,Médico/a cirujano/a,32,13200.0,Baja
6002,Posgrado,Servicios,Camarero,55,25900.0,Media
6003,Básica,Gobierno,Paleontólogo/a,37,20200.0,Media
6004,Licenciatura,Servicios,Fumigador,45,19000.0,Media
6005,Media Superior,Gobierno,Administrador/a,50,16100.0,Media
6006,Básica,Servicios,Pintor,49,19700.0,Media
6007,Media Superior,Comercio,Jardinero,54,8500.0,Baja
6008,Media Superior,Manufactura,Administrador/a,25,12200.0,Baja
6009,Básica,Manufactura,Carnicero,23,10600.0,Baja
6010,Licenciatura,Informal,Leñador,48,22400.0,Media
6011,Media Superior,Construcción,Programador,56,19600.0,Media
6012,Licenciatura,Servicios,Fumigador,51,20000.0,Media
6013,Licenciatura,Construcción,Abogado/a,20,10500.0,Baja
6014,Básica,Manufactura,Albañil,36,13900.0,Baja
6015,Media Superior,Gobierno,Abogado/a,41,10500.0,Baja
6016,Licenciatura,Comercio,Fumigador,39,13700.0,Baja
6017,Licenciatura,Construcción,Farmacólogo/a,55,11500.0,Baja
6018,Media Superior,Informal,Barrendero,54,8600.0,Baja
6019,Licenciatura,Finanzas,Barrendero,36,9200.0,Baja
6020,Posgrado,Finanzas,Óptico,30,9900.0,Baja
6021,Licenciatura,Comercio,Fumigador,26,8500.0,Baja
6022,Media Superior,Manufactura,Lechero,47,10900.0,Baja
6023,Básica,Informal,Afilador,28,8500.0,Baja
6024,Licenciatura,Servicios,Lechero,20,16000.0,Media
6025,Media Superior,Finanzas,Economista,20,15300.0,Media
6026,Licenciatura,Servicios,Biólogo/a,33,12100.0,Baja
6027,Media Superior,Gobierno,Diseñador/a gráfico,59,26900.0,Media
6028,Media Superior,Servicios,Contador/a,31,15100.0,Media
6029,Media Superior,Informal,Psicoanalista,26,8500.0,Baja
6030,Básica,Manufactura,Contador/a,25,9700.0,Baja
6031,Media Superior,Comercio,Radiólogo/a,24,10000.0,Baja
6032,Posgrado,Informal,Herrero,59,26100.0,Media
6033,Licenciatura,Comercio,Guardabosques,27,16100.0,Media
6034,Posgrado,Construcción,Relojero,24,14100.0,Baja
6035,Media Superior,Finanzas,Escultor,51,26300.0,Media
6036,Básica,Servicios,Camarero,37,8500.0,Baja
6037,Licenciatura,Informal,Barbero,55,8700.0,Baja
6038,Media Superior,Servicios,Tornero,43,15200.0,Media
6039,Básica,Informal,Óptico,40,11500.0,Baja
6040,Media Superior,Comercio,Cajero,36,8500.0,Baja
6041,Media Superior,Finanzas,Actuario/a,37,20800.0,Media
6042,Básica,Manufactura,Imprentero,48,15500.0,Media
6043,Licenciatura,Gobierno,Lingüista,49,17100.0,Media
6044,Licenciatura,Servicios,Actuario/a,39,30100.0,Media
6045,Licenciatura,Manufactura,Cerrajero,59,23200.0,Media
6046,Media Superior,Gobierno,Radiólogo/a,26,13100.0,Baja
6047,Licenciatura,Informal,Kinesiólogo/a,35,9400.0,Baja
6048,Posgrado,Informal,Paleontólogo/a,49,24800.0,Media
6049,Posgrado,Construcción,Psicólogo/a,56,32400.0,Media
6050,Licenciatura,Servicios,Peluquero,43,17100.0,Media
6051,Licenciatura,Gobierno,Actuario/a,49,29100.0,Media
6052,Media Superior,Comercio,Maestro,57,25700.0,Media
6053,Media Superior,Servicios,Cocinero,37,8500.0,Baja
6054,Básica,Informal,Maestro,40,9500.0,Baja
6055,Licenciatura,Finanzas,Óptico,53,21900.0,Media
6056,Media Superior,Informal,Obrero,36,17400.0,Media
6057,Media Superior,Comercio,Diseñador/a gráfico,45,17300.0,Media
6058,Licenciatura,Finanzas,Apicultor,25,14900.0,Baja
6059,Básica,Informal,Químico/a,56,13300.0,Baja
6060,Licenciatura,Servicios,Maestro,40,15800.0,Media
6061,Básica,Servicios,Cajero,41,14500.0,Baja
6062,Licenciatura,Construcción,Programador,29,10600.0,Baja
6063,Media Superior,Informal,Panadero,25,8500.0,Baja
6064,Posgrado,Construcción,Geógrafo/a,27,8500.0,Baja
6065,Licenciatura,Informal,Artesano,35,15400.0,Media
6066,Licenciatura,Informal,Frutero,22,8500.0,Baja
6067,Licenciatura,Comercio,Repartidor,51,18600.0,Media
6068,Licenciatura,Gobierno,Soldador,59,22400.0,Media
6069,Media Superior,Construcción,Matemático/a,58,21600.0,Media
6070,Media Superior,Manufactura,Camarero,36,15500.0,Media
6071,Media Superior,Informal,Telefonista,41,8500.0,Baja
6072,Licenciatura,Servicios,Apicultor,29,8500.0,Baja
6073,Básica,Servicios,Cerrajero,31,8500.0,Baja
6074,Básica,Manufactura,Meteorólogo/a,43,14500.0,Baja
6075,Media Superior,Servicios,Lechero,59,26700.0,Media
6076,Licenciatura,Manufactura,Actuario/a,37,15400.0,Media
6077,Licenciatura,Construcción,Técnico/a de sonido,39,12400.0,Baja
6078,Básica,Manufactura,Vendedor,36,10600.0,Baja
6079,Media Superior,Construcción,Leñador,50,12700.0,Baja
6080,Licenciatura,Informal,Lingüista,29,11900.0,Baja
6081,Licenciatura,Construcción,Músico/a,51,18000.0,Media
6082,Licenciatura,Informal,Abogado/a,59,24100.0,Media
6083,Básica,Finanzas,Jardinero,46,14000.0,Baja
6084,Media Superior,Finanzas,Tornero,56,14300.0,Baja
6085,Licenciatura,Gobierno,Economista,53,32700.0,Media
6086,Licenciatura,Construcción,Filólogo/a,24,11700.0,Baja
6087,Media Superior,Comercio,Cerrajero,50,21800.0,Media
6088,Media Superior,Informal,Matemático/a,56,22500.0,Media
6089,Posgrado,Comercio,Vendedor,32,12500.0,Baja
6090,Media Superior,Comercio,Joyero,51,16900.0,Media
6091,Licenciatura,Manufactura,Kinesiólogo/a,32,18800.0,Media
6092,Básica,Comercio,Guardabosques,29,8500.0,Baja
6093,Media Superior,Finanzas,Afilador,52,19000.0,Media
6094,Básica,Comercio,Veterinario/a,36,15800.0,Media
6095,Media Superior,Informal,Abogado/a,59,27300.0,Media
6096,Media Superior,Comercio,Bibliotecario/a,31,20600.0,Media
6097,Media Superior,Finanzas,Carnicero,44,9800.0,Baja
6098,Licenciatura,Comercio,Artesano,22,8500.0,Baja
6099,Licenciatura,Servicios,Pintor,51,17600.0,Media
6100,Media Superior,Gobierno,Pintor,51,16000.0,Media
6101,Licenciatura,Comercio,Fontanero o plomero,48,16500.0,Media
6102,Media Superior,Servicios,Economista,48,10100.0,Baja
6103,Media Superior,Gobierno,Óptico,22,14200.0,Baja
6104,Licenciatura,Servicios,Leñador,40,9800.0,Baja
6105,Licenciatura,Servicios,Guardabosques,34,25700.0,Media
6106,Licenciatura,Comercio,Administrador/a,29,12100.0,Baja
6107,Posgrado,Manufactura,Técnico/a de sonido,58,31500.0,Media
6108,Media Superior,Informal,Administrador/a,56,22200.0,Media
6109,Media Superior,Servicios,Leñador,31,12600.0,Baja
6110,Media Superior,Gobierno,Telefonista,32,16200.0,Media
6111,Media Superior,Servicios,Escritor,50,16300.0,Media
6112,Licenciatura,Gobierno,Panadero,32,15600.0,Media
6113,Media Superior,Informal,Apicultor,47,8500.0,Baja
6114,Media Superior,Gobierno,Lutier,47,17700.0,Media
6115,Básica,Construcción,Obrero,51,17900.0,Media
6116,Licenciatura,Manufactura,Pastor,23,9000.0,Baja
6117,Posgrado,Informal,Enfermero/a,43,23200.0,Media
6118,Posgrado,Servicios,Profesor/a,27,16100.0,Media
6119,Media Superior,Comercio,Ferretero,42,8500.0,Baja
6120,Licenciatura,Comercio,Chofer transportista,50,15100.0,Media
6121,Posgrado,Comercio,Ingeniero/a,35,12800.0,Baja
6122,Licenciatura,Finanzas,Leñador,26,11500.0,Baja
6123,Posgrado,Servicios,Carnicero,22,10500.0,Baja
6124,Media Superior,Manufactura,Obrero,45,8500.0,Baja
6125,Licenciatura,Informal,Fumigador,32,10800.0,Baja
6126,Media Superior,Construcción,Jardinero,42,16200.0,Media
6127,Media Superior,Informal,Herrero,30,8500.0,Baja
6128,Licenciatura,Servicios,Enfermero/a,50,18200.0,Media
6129,Básica,Gobierno,Frutero,48,14800.0,Baja
6130,Licenciatura,Manufactura,Ingeniero/a,24,11700.0,Baja
6131,Licenciatura,Construcción,Artesano,36,18000.0,Media
6132,Básica,Servicios,Filólogo/a,42,8500.0,Baja
6133,Media Superior,Servicios,Leñador,55,18600.0,Media
6134,Básica,Finanzas,Óptico,34,8500.0,Baja
6135,Licenciatura,Construcción,Soldador,24,8500.0,Baja
6136,Licenciatura,Construcción,Cocinero,47,10800.0,Baja
6137,Básica,Construcción,Médico/a cirujano/a,37,9500.0,Baja
6138,Básica,Manufactura,Traductor/a,51,15400.0,Media
6139,Licenciatura,Finanzas,Kinesiólogo/a,58,32200.0,Media
6140,Licenciatura,Informal,Físico/a,50,26400.0,Media
6141,Licenciatura,Comercio,Escritor,32,8500.0,Baja
6142,Básica,Servicios,Afilador,26,8500.0,Baja
6143,Licenciatura,Comercio,Tornero,54,21600.0,Media
6144,Licenciatura,Comercio,Químico/a,44,18800.0,Media
6145,Licenciatura,Manufactura,Lechero,56,27700.0,Media
6146,Media Superior,Informal,Apicultor,32,8500.0,Baja
6147,Media Superior,Manufactura,Leñador,25,8500.0,Baja
6148,Media Superior,Informal,Guardabosques,33,10900.0,Baja
6149,Básica,Informal,Carpintero,38,8500.0,Baja
6150,Posgrado,Finanzas,Abogado/a,31,23500.0,Media
6151,Media Superior,Servicios,Psicólogo/a,25,8500.0,Baja
6152,Licenciatura,Servicios,Escultor,38,13300.0,Baja
6153,Básica,Servicios,Imprentero,38,8500.0,Baja
6154,Media Superior,Informal,Cajero,43,8500.0,Baja
6155,Media Superior,Manufactura,Paleontólogo/a,32,8500.0,Baja
6156,Licenciatura,Servicios,Periodista,55,28000.0,Media
6157,Licenciatura,Construcción,Administrador/a,52,29700.0,Media
6158,Básica,Manufactura,Cerrajero,21,10200.0,Baja
6159,Básica,Construcción,Frutero,26,8900.0,Baja
6160,Básica,Servicios,Diseñador/a gráfico,23,8500.0,Baja
6161,Básica,Servicios,Camarero,48,9900.0,Baja
6162,Licenciatura,Gobierno,Artesano,56,23000.0,Media
6163,Posgrado,Gobierno,Peletero,22,8500.0,Baja
6164,Media Superior,Comercio,Fumigador,50,9400.0,Baja
6165,Licenciatura,Informal,Filólogo/a,43,20400.0,Media
6166,Media Superior,Servicios,Diseñador/a gráfico,41,20700.0,Media
6167,Básica,Informal,Escritor,20,8500.0,Baja
6168,Media Superior,Servicios,Obrero,25,9900.0,Baja
6169,Licenciatura,Gobierno,Lutier,22,8500.0,Baja
6170,Posgrado,Manufactura,Lingüista,53,28600.0,Media
6171,Media Superior,Manufactura,Pintor,59,12500.0,Baja
6172,Licenciatura,Gobierno,Actuario/a,32,13600.0,Baja
6173,Licenciatura,Informal,Biólogo/a,33,8800.0,Baja
6174,Licenciatura,Gobierno,Soldador,23,8500.0,Baja
6175,Licenciatura,Gobierno,Guardabosques,51,16800.0,Media
6176,Licenciatura,Gobierno,Ingeniero/a,44,23900.0,Media
6177,Licenciatura,Comercio,Cocinero,22,8500.0,Baja
6178,Básica,Gobierno,Herrero,38,16300.0,Media
6179,Básica,Construcción,Físico/a,45,18500.0,Media
6180,Licenciatura,Servicios,Artesano,46,17100.0,Media
6181,Posgrado,Gobierno,Carnicero,56,34100.0,Media
6182,Media Superior,Finanzas,Tornero,53,16900.0,Media
6183,Licenciatura,Servicios,Animador,26,16000.0,Media
6184,Licenciatura,Comercio,Cajero,59,17900.0,Media
6185,Media Superior,Gobierno,Bibliotecario/a,45,15200.0,Media
6186,Licenciatura,Servicios,Peletero,45,18200.0,Media
6187,Media Superior,Informal,Cerrajero,41,9200.0,Baja
6188,Media Superior,Informal,Ingeniero/a,48,11400.0,Baja
6189,Licenciatura,Informal,Animador,47,15200.0,Media
6190,Media Superior,Construcción,Telefonista,52,10800.0,Baja
6191,Media Superior,Gobierno,Escritor,43,18200.0,Media
6192,Licenciatura,Construcción,Músico/a,35,12200.0,Baja
6193,Licenciatura,Informal,Zapatero,25,12200.0,Baja
6194,Posgrado,Servicios,Actuario/a,26,21400.0,Media
6195,Media Superior,Manufactura,Peluquero,22,12800.0,Baja
6196,Licenciatura,Informal,Geógrafo/a,31,10600.0,Baja
6197,Media Superior,Finanzas,Químico/a,40,15000.0,Media
6198,Media Superior,Finanzas,Cocinero,45,10200.0,Baja
6199,Licenciatura,Informal,Camarero,53,11900.0,Baja
6200,Básica,Comercio,Albañil,43,8500.0,Baja
6201,Licenciatura,Construcción,Psicoanalista,35,19200.0,Media
6202,Media Superior,Comercio,Fumigador,28,8500.0,Baja
6203,Licenciatura,Servicios,Fumigador,22,11400.0,Baja
6204,Licenciatura,Servicios,Albañil,59,23900.0,Media
6205,Licenciatura,Manufactura,Periodista,25,19200.0,Media
6206,Licenciatura,Comercio,Camarero,38,20700.0,Media
6207,Licenciatura,Construcción,Cocinero,41,11200.0,Baja
6208,Licenciatura,Construcción,Escritor,41,8500.0,Baja
6209,Media Superior,Manufactura,Obrero,23,8500.0,Baja
6210,Licenciatura,Manufactura,Chofer transportista,34,11300.0,Baja
6211,Licenciatura,Comercio,Lingüista,52,19100.0,Media
6212,Media Superior,Informal,Panadero,56,9200.0,Baja
6213,Media Superior,Manufactura,Arquitecto/a,54,19800.0,Media
6214,Media Superior,Servicios,Cajero,52,16700.0,Media
6215,Básica,Servicios,Cajero,46,8500.0,Baja
6216,Media Superior,Gobierno,Cajero,27,8600.0,Baja
6217,Licenciatura,Informal,Carpintero,20,8500.0,Baja
6218,Licenciatura,Gobierno,Escultor,57,27600.0,Media
6219,Licenciatura,Comercio,Historiador/a,53,17400.0,Media
6220,Licenciatura,Construcción,Geógrafo/a,47,17100.0,Media
6221,Licenciatura,Manufactura,Repartidor,43,26300.0,Media
6222,Media Superior,Manufactura,Enfermero/a,49,22000.0,Media
6223,Básica,Gobierno,Carnicero,40,11200.0,Baja
6224,Media Superior,Manufactura,Vendedor,43,11800.0,Baja
6225,Media Superior,Finanzas,Peluquero,22,8500.0,Baja
6226,Media Superior,Informal,Bibliotecario/a,31,8500.0,Baja
6227,Posgrado,Manufactura,Psicoanalista,46,18000.0,Media
6228,Licenciatura,Gobierno,Arquitecto/a,55,28800.0,Media
6229,Licenciatura,Servicios,Ingeniero/a,36,11900.0,Baja
6230,Posgrado,Finanzas,Desarrollador/a web,22,14000.0,Baja
6231,Licenciatura,Informal,Frutero,50,14900.0,Baja
6232,Posgrado,Manufactura,Lechero,29,8500.0,Baja
6233,Básica,Construcción,Pastor,42,8500.0,Baja
6234,Media Superior,Comercio,Veterinario/a,35,22400.0,Media
6235,Media Superior,Comercio,Geógrafo/a,35,15300.0,Media
6236,Licenciatura,Comercio,Cerrajero,58,15600.0,Media
6237,Media Superior,Comercio,Imprentero,32,8500.0,Baja
6238,Media Superior,Comercio,Mecánico,21,8700.0,Baja
6239,Media Superior,Construcción,Vigilante,47,8600.0,Baja
6240,Licenciatura,Manufactura,Vendedor,46,15100.0,Media
6241,Media Superior,Gobierno,Historiador/a,52,21000.0,Media
6242,Básica,Servicios,Contador/a,44,13100.0,Baja
6243,Licenciatura,Construcción,Físico/a,57,28400.0,Media
6244,Media Superior,Gobierno,Farmacólogo/a,55,32600.0,Media
6245,Licenciatura,Finanzas,Bibliotecario/a,41,13600.0,Baja
6246,Licenciatura,Finanzas,Barbero,34,14100.0,Baja
6247,Licenciatura,Finanzas,Jardinero,37,8500.0,Baja
6248,Licenciatura,Manufactura,Pastor,58,13400.0,Baja
6249,Media Superior,Manufactura,Economista,29,8500.0,Baja
6250,Licenciatura,Gobierno,Escultor,20,8500.0,Baja
6251,Media Superior,Manufactura,Actuario/a,23,9800.0,Baja
6252,Media Superior,Gobierno,Frutero,49,19600.0,Media
6253,Licenciatura,Informal,Filólogo/a,39,8900.0,Baja
6254,Básica,Informal,Herrero,45,8500.0,Baja
6255,Licenciatura,Gobierno,Geógrafo/a,50,21000.0,Media
6256,Básica,Comercio,Joyero,59,18900.0,Media
6257,Posgrado,Informal,Meteorólogo/a,52,26400.0,Media
6258,Básica,Informal,Tornero,51,8500.0,Baja
6259,Posgrado,Manufactura,Kinesiólogo/a,58,45400.0,Alta
6260,Básica,Servicios,Ingeniero/a,35,18600.0,Media
6261,Media Superior,Manufactura,Biólogo/a,48,15800.0,Media
6262,Media Superior,Manufactura,Ingeniero/a,21,8500.0,Baja
6263,Posgrado,Servicios,Tornero,42,22300.0,Media
6264,Licenciatura,Finanzas,Peluquero,55,29100.0,Media
6265,Básica,Construcción,Bibliotecario/a,39,16300.0,Media
6266,Licenciatura,Informal,Bibliotecario/a,54,16400.0,Media
6267,Licenciatura,Servicios,Cajero,57,23800.0,Media
6268,Licenciatura,Comercio,Médico/a cirujano/a,58,37400.0,Alta
6269,Media Superior,Gobierno,Lechero,33,8700.0,Baja
6270,Media Superior,Manufactura,Albañil,22,8500.0,Baja
6271,Media Superior,Construcción,Repartidor,25,8500.0,Baja
6272,Licenciatura,Gobierno,Apicultor,34,16700.0,Media
6273,Licenciatura,Manufactura,Psicoanalista,43,22200.0,Media
6274,Licenciatura,Comercio,Agricultor,25,19800.0,Media
6275,Licenciatura,Informal,Filólogo/a,27,8500.0,Baja
6276,Media Superior,Servicios,Artesano,38,13200.0,Baja
6277,Licenciatura,Finanzas,Óptico,20,8500.0,Baja
6278,Básica,Manufactura,Técnico/a de sonido,27,11100.0,Baja
6279,Licenciatura,Comercio,Lechero,30,8500.0,Baja
6280,Licenciatura,Manufactura,Barbero,36,8500.0,Baja
6281,Media Superior,Informal,Fumigador,57,11700.0,Baja
6282,Licenciatura,Manufactura,Óptico,55,34800.0,Media
6283,Media Superior,Informal,Ferretero,22,8500.0,Baja
6284,Licenciatura,Construcción,Panadero,59,10100.0,Baja
6285,Licenciatura,Servicios,Panadero,21,12700.0,Baja
6286,Básica,Comercio,Fontanero o plomero,28,15000.0,Media
6287,Básica,Manufactura,Joyero,39,16600.0,Media
6288,Licenciatura,Gobierno,Repartidor,39,24400.0,Media
6289,Licenciatura,Servicios,Chofer transportista,45,18400.0,Media
6290,Media Superior,Manufactura,Albañil,57,19700.0,Media
6291,Posgrado,Servicios,Pescador,33,9100.0,Baja
6292,Media Superior,Informal,Abogado/a,58,16500.0,Media
6293,Básica,Gobierno,Frutero,24,10000.0,Baja
6294,Posgrado,Gobierno,Filólogo/a,52,32900.0,Media
6295,Posgrado,Comercio,Historiador/a,42,17600.0,Media
6296,Licenciatura,Informal,Maestro,38,15100.0,Media
6297,Media Superior,Servicios,Peluquero,31,8500.0,Baja
6298,Media Superior,Gobierno,Apicultor,40,15400.0,Media
6299,Media Superior,Manufactura,Programador,20,14900.0,Baja
6300,Básica,Manufactura,Escultor,24,8500.0,Baja
6301,Licenciatura,Comercio,Animador,43,8500.0,Baja
6302,Básica,Comercio,Chofer transportista,38,8500.0,Baja
6303,Licenciatura,Servicios,Fumigador,31,10700.0,Baja
6304,Media Superior,Servicios,Guardabosques,20,8500.0,Baja
6305,Licenciatura,Servicios,Médico/a cirujano/a,40,8800.0,Baja
6306,Básica,Manufactura,Meteorólogo/a,53,20700.0,Media
6307,Media Superior,Gobierno,Historiador/a,43,11800.0,Baja
6308,Licenciatura,Informal,Imprentero,40,8500.0,Baja
6309,Media Superior,Servicios,Camarero,47,22700.0,Media
6310,Básica,Comercio,Albañil,30,18100.0,Media
6311,Media Superior,Servicios,Vendedor,50,15900.0,Media
6312,Posgrado,Construcción,Economista,50,29000.0,Media
6313,Posgrado,Manufactura,Repartidor,20,10300.0,Baja
6314,Licenciatura,Finanzas,Físico/a,53,39300.0,Alta
6315,Licenciatura,Comercio,Carpintero,34,9600.0,Baja
6316,Posgrado,Servicios,Fontanero o plomero,55,25100.0,Media
6317,Media Superior,Informal,Lechero,25,8500.0,Baja
6318,Básica,Servicios,Periodista,26,8500.0,Baja
6319,Media Superior,Informal,Escritor,22,8500.0,Baja
6320,Posgrado,Servicios,Mecánico,53,23700.0,Media
6321,Licenciatura,Comercio,Arquitecto/a,55,32900.0,Media
6322,Licenciatura,Servicios,Kinesiólogo/a,26,9900.0,Baja
6323,Media Superior,Servicios,Animador,51,28400.0,Media
6324,Básica,Gobierno,Frutero,28,8500.0,Baja
6325,Licenciatura,Informal,Joyero,54,23300.0,Media
6326,Licenciatura,Comercio,Abogado/a,46,27500.0,Media
6327,Básica,Informal,Historiador/a,55,18800.0,Media
6328,Media Superior,Servicios,Pintor,59,15600.0,Media
6329,Media Superior,Construcción,Bibliotecario/a,20,8600.0,Baja
6330,Media Superior,Construcción,Técnico/a de sonido,59,20300.0,Media
6331,Licenciatura,Informal,Sastre,35,8500.0,Baja
6332,Licenciatura,Manufactura,Pintor,30,9400.0,Baja
6333,Licenciatura,Servicios,Zapatero,45,11000.0,Baja
6334,Posgrado,Informal,Carnicero,20,11000.0,Baja
6335,Media Superior,Manufactura,Químico/a,55,31200.0,Media
6336,Básica,Servicios,Leñador,46,16500.0,Media
6337,Posgrado,Informal,Carnicero,34,20000.0,Media
6338,Licenciatura,Informal,Músico/a,48,22600.0,Media
6339,Posgrado,Comercio,Matemático/a,53,26600.0,Media
6340,Licenciatura,Construcción,Tornero,59,10300.0,Baja
6341,Básica,Comercio,Pastor,32,11500.0,Baja
6342,Licenciatura,Finanzas,Pastor,44,17400.0,Media
6343,Básica,Informal,Carpintero,55,8500.0,Baja
6344,Media Superior,Manufactura,Joyero,56,14600.0,Baja
6345,Licenciatura,Construcción,Psicoanalista,37,14000.0,Baja
6346,Media Superior,Construcción,Escultor,22,8500.0,Baja
6347,Licenciatura,Informal,Chofer transportista,29,11400.0,Baja
6348,Licenciatura,Gobierno,Administrador/a,21,17200.0,Media
6349,Media Superior,Gobierno,Desarrollador/a web,29,15300.0,Media
6350,Posgrado,Gobierno,Psicoanalista,33,31500.0,Media
6351,Media Superior,Manufactura,Afilador,43,14100.0,Baja
6352,Licenciatura,Construcción,Contador/a,22,9700.0,Baja
6353,Básica,Comercio,Meteorólogo/a,26,8500.0,Baja
6354,Básica,Informal,Enfermero/a,35,8500.0,Baja
6355,Básica,Informal,Vigilante,41,8500.0,Baja
6356,Licenciatura,Informal,Lutier,48,9400.0,Baja
6357,Posgrado,Servicios,Panadero,46,18900.0,Media
6358,Licenciatura,Servicios,Fontanero o plomero,49,10700.0,Baja
6359,Media Superior,Servicios,Herrero,28,12400.0,Baja
6360,Media Superior,Comercio,Paleontólogo/a,21,13500.0,Baja
6361,Licenciatura,Manufactura,Repartidor,49,13900.0,Baja
6362,Media Superior,Gobierno,Historiador/a,31,8500.0,Baja
6363,Licenciatura,Manufactura,Pintor,23,8500.0,Baja
6364,Media Superior,Servicios,Químico/a,20,10500.0,Baja
6365,Licenciatura,Construcción,Historiador/a,47,16500.0,Media
6366,Licenciatura,Servicios,Contador/a,23,8500.0,Baja
6367,Licenciatura,Informal,Telefonista,21,8500.0,Baja
6368,Media Superior,Informal,Pastor,32,8500.0,Baja
6369,Media Superior,Gobierno,Actuario/a,21,8800.0,Baja
6370,Licenciatura,Manufactura,Carnicero,20,8500.0,Baja
6371,Media Superior,Gobierno,Arquitecto/a,57,30600.0,Media
6372,Licenciatura,Finanzas,Jardinero,57,24200.0,Media
6373,Licenciatura,Gobierno,Escultor,30,14400.0,Baja
6374,Básica,Manufactura,Telefonista,47,8500.0,Baja
6375,Licenciatura,Servicios,Farmacólogo/a,24,14800.0,Baja
6376,Licenciatura,Comercio,Bombero,38,15800.0,Media
6377,Básica,Gobierno,Actuario/a,20,10100.0,Baja
6378,Media Superior,Construcción,Bibliotecario/a,28,17400.0,Media
6379,Media Superior,Finanzas,Traductor/a,30,11400.0,Baja
6380,Licenciatura,Servicios,Cocinero,51,19400.0,Media
6381,Licenciatura,Informal,Telefonista,28,9700.0,Baja
6382,Licenciatura,Comercio,Soldador,53,15100.0,Media
6383,Licenciatura,Servicios,Escritor,31,19100.0,Media
6384,Básica,Manufactura,Escultor,56,15100.0,Media
6385,Básica,Manufactura,Historiador/a,46,20400.0,Media
6386,Media Superior,Comercio,Bibliotecario/a,21,8500.0,Baja
6387,Media Superior,Comercio,Vendedor,43,17600.0,Media
6388,Licenciatura,Comercio,Lechero,42,12800.0,Baja
6389,Licenciatura,Construcción,Físico/a,40,23300.0,Media
6390,Media Superior,Comercio,Albañil,54,8600.0,Baja
6391,Licenciatura,Gobierno,Chofer transportista,59,14100.0,Baja
6392,Licenciatura,Servicios,Contador/a,27,12200.0,Baja
6393,Licenciatura,Manufactura,Agricultor,54,19800.0,Media
6394,Licenciatura,Gobierno,Panadero,49,20800.0,Media
6395,Básica,Construcción,Pescador,46,9800.0,Baja
6396,Licenciatura,Servicios,Cerrajero,35,17000.0,Media
6397,Posgrado,Comercio,Joyero,27,11700.0,Baja
6398,Básica,Servicios,Bombero,48,10600.0,Baja
6399,Posgrado,Manufactura,Frutero,27,14200.0,Baja
6400,Media Superior,Finanzas,Vendedor,57,20500.0,Media
6401,Media Superior,Construcción,Leñador,39,8500.0,Baja
6402,Media Superior,Comercio,Tornero,24,8500.0,Baja
6403,Básica,Informal,Meteorólogo/a,50,9300.0,Baja
6404,Media Superior,Servicios,Actuario/a,43,13800.0,Baja
6405,Básica,Finanzas,Traductor/a,28,8500.0,Baja
6406,Básica,Gobierno,Psicoanalista,44,21500.0,Media
6407,Licenciatura,Manufactura,Desarrollador/a web,24,8500.0,Baja
6408,Media Superior,Comercio,Leñador,39,16400.0,Media
6409,Media Superior,Manufactura,Relojero,52,8500.0,Baja
6410,Media Superior,Gobierno,Economista,35,8500.0,Baja
6411,Licenciatura,Comercio,Lechero,34,8500.0,Baja
6412,Licenciatura,Gobierno,Filólogo/a,22,12500.0,Baja
6413,Licenciatura,Finanzas,Jardinero,25,9800.0,Baja
6414,Media Superior,Gobierno,Lingüista,42,10300.0,Baja
6415,Media Superior,Comercio,Músico/a,52,18800.0,Media
6416,Media Superior,Informal,Repartidor,40,10900.0,Baja
6417,Media Superior,Gobierno,Agricultor,46,16400.0,Media
6418,Licenciatura,Comercio,Barrendero,33,9500.0,Baja
6419,Media Superior,Gobierno,Soldador,50,12200.0,Baja
6420,Licenciatura,Manufactura,Economista,52,20400.0,Media
6421,Posgrado,Gobierno,Leñador,59,27400.0,Media
6422,Licenciatura,Servicios,Arquitecto/a,59,37800.0,Alta
6423,Básica,Manufactura,Telefonista,51,16100.0,Media
6424,Licenciatura,Servicios,Administrador/a,58,21400.0,Media
6425,Media Superior,Finanzas,Bibliotecario/a,50,22300.0,Media
6426,Media Superior,Gobierno,Psicoanalista,35,11300.0,Baja
6427,Licenciatura,Finanzas,Relojero,31,8500.0,Baja
6428,Media Superior,Servicios,Animador,41,8500.0,Baja
6429,Posgrado,Servicios,Camarero,54,27700.0,Media
6430,Posgrado,Comercio,Barrendero,59,18300.0,Media
6431,Licenciatura,Comercio,Lavandero,38,10500.0,Baja
6432,Licenciatura,Finanzas,Programador,47,29900.0,Media
6433,Básica,Informal,Pastor,52,8500.0,Baja
6434,Licenciatura,Gobierno,Psicoanalista,21,16700.0,Media
6435,Media Superior,Informal,Peletero,26,8500.0,Baja
6436,Media Superior,Finanzas,Cocinero,42,8900.0,Baja
6437,Básica,Manufactura,Actuario/a,45,22300.0,Media
6438,Básica,Manufactura,Jardinero,59,8500.0,Baja
6439,Media Superior,Informal,Panadero,51,8500.0,Baja
6440,Media Superior,Servicios,Relojero,49,14000.0,Baja
6441,Licenciatura,Construcción,Farmacólogo/a,39,8500.0,Baja
6442,Media Superior,Informal,Frutero,53,18100.0,Media
6443,Básica,Construcción,Peletero,31,8500.0,Baja
6444,Básica,Informal,Psicólogo/a,55,8500.0,Baja
6445,Media Superior,Construcción,Enfermero/a,50,10400.0,Baja
6446,Media Superior,Comercio,Técnico/a de sonido,36,13800.0,Baja
6447,Media Superior,Servicios,Profesor/a,55,15100.0,Media
6448,Licenciatura,Servicios,Lechero,53,13900.0,Baja
6449,Básica,Manufactura,Peluquero,54,19800.0,Media
6450,Media Superior,Servicios,Carpintero,44,25400.0,Media
6451,Media Superior,Informal,Kinesiólogo/a,59,15800.0,Media
6452,Básica,Finanzas,Pastor,46,12500.0,Baja
6453,Licenciatura,Finanzas,Pastor,55,26000.0,Media
6454,Básica,Servicios,Agricultor,53,21200.0,Media
6455,Media Superior,Manufactura,Arquitecto/a,27,21100.0,Media
6456,Básica,Informal,Jardinero,37,9900.0,Baja
6457,Media Superior,Finanzas,Lingüista,52,19100.0,Media
6458,Licenciatura,Gobierno,Barrendero,33,17900.0,Media
6459,Licenciatura,Manufactura,Frutero,59,9900.0,Baja
6460,Licenciatura,Informal,Pintor,31,8700.0,Baja
6461,Básica,Construcción,Desarrollador/a web,46,22700.0,Media
6462,Básica,Gobierno,Albañil,28,8500.0,Baja
6463,Básica,Servicios,Animador,33,15700.0,Media
6464,Licenciatura,Servicios,Zapatero,21,8500.0,Baja
6465,Posgrado,Comercio,Óptico,57,29100.0,Media
6466,Media Superior,Manufactura,Agricultor,30,8500.0,Baja
6467,Media Superior,Gobierno,Veterinario/a,21,18900.0,Media
6468,Media Superior,Comercio,Carpintero,35,8500.0,Baja
6469,Licenciatura,Comercio,Frutero,23,8500.0,Baja
6470,Básica,Servicios,Músico/a,24,11700.0,Baja
6471,Básica,Servicios,Bibliotecario/a,47,13900.0,Baja
6472,Licenciatura,Construcción,Barbero,29,8500.0,Baja
6473,Media Superior,Construcción,Veterinario/a,48,19300.0,Media
6474,Licenciatura,Gobierno,Pescador,25,8500.0,Baja
6475,Básica,Gobierno,Camarero,24,8500.0,Baja
6476,Posgrado,Comercio,Lutier,34,18600.0,Media
6477,Licenciatura,Servicios,Ferretero,51,27600.0,Media
6478,Licenciatura,Servicios,Maestro,34,21600.0,Media
6479,Licenciatura,Comercio,Radiólogo/a,47,30800.0,Media
6480,Posgrado,Servicios,Psicólogo/a,27,10800.0,Baja
6481,Licenciatura,Manufactura,Abogado/a,45,19700.0,Media
6482,Básica,Servicios,Imprentero,32,11800.0,Baja
6483,Media Superior,Construcción,Frutero,31,8500.0,Baja
6484,Media Superior,Servicios,Matemático/a,36,11400.0,Baja
6485,Media Superior,Comercio,Joyero,39,14500.0,Baja
6486,Media Superior,Informal,Músico/a,28,8500.0,Baja
6487,Básica,Informal,Imprentero,22,8500.0,Baja
6488,Licenciatura,Gobierno,Albañil,48,13800.0,Baja
6489,Licenciatura,Manufactura,Leñador,53,21900.0,Media
6490,Media Superior,Manufactura,Médico/a cirujano/a,43,24000.0,Media
6491,Básica,Manufactura,Economista,39,20100.0,Media
6492,Media Superior,Construcción,Matemático/a,28,8500.0,Baja
6493,Básica,Servicios,Artesano,59,8500.0,Baja
6494,Licenciatura,Gobierno,Fontanero o plomero,42,8500.0,Baja
6495,Licenciatura,Manufactura,Pastor,45,17600.0,Media
6496,Media Superior,Comercio,Óptico,39,8500.0,Baja
6497,Media Superior,Manufactura,Vigilante,25,13600.0,Baja
6498,Media Superior,Servicios,Médico/a cirujano/a,41,16000.0,Media
6499,Licenciatura,Manufactura,Traductor/a,47,10800.0,Baja
6500,Básica,Construcción,Sastre,55,12200.0,Baja
6501,Licenciatura,Informal,Mecánico,57,17100.0,Media
6502,Media Superior,Servicios,Escultor,54,15600.0,Media
6503,Media Superior,Comercio,Físico/a,48,24300.0,Media
6504,Licenciatura,Informal,Traductor/a,41,16500.0,Media
6505,Licenciatura,Construcción,Lingüista,48,15000.0,Media
6506,Media Superior,Comercio,Zapatero,24,8500.0,Baja
6507,Básica,Manufactura,Biólogo/a,43,12000.0,Baja
6508,Licenciatura,Manufactura,Filólogo/a,48,22900.0,Media
6509,Media Superior,Informal,Profesor/a,24,13700.0,Baja
6510,Licenciatura,Gobierno,Jardinero,38,13900.0,Baja
6511,Media Superior,Comercio,Veterinario/a,23,14300.0,Baja
6512,Posgrado,Informal,Pescador,44,13600.0,Baja
6513,Media Superior,Gobierno,Desarrollador/a web,30,12700.0,Baja
6514,Básica,Comercio,Lavandero,56,14000.0,Baja
6515,Licenciatura,Comercio,Periodista,31,9600.0,Baja
6516,Básica,Gobierno,Tornero,25,8500.0,Baja
6517,Licenciatura,Servicios,Radiólogo/a,49,17200.0,Media
6518,Básica,Construcción,Leñador,51,11600.0,Baja
6519,Media Superior,Informal,Mecánico,59,11000.0,Baja
6520,Licenciatura,Finanzas,Albañil,50,25300.0,Media
6521,Posgrado,Gobierno,Programador,31,22600.0,Media
6522,Licenciatura,Servicios,Animador,30,9500.0,Baja
6523,Básica,Construcción,Pescador,28,8500.0,Baja
6524,Básica,Manufactura,Cajero,30,8500.0,Baja
6525,Licenciatura,Gobierno,Frutero,36,16100.0,Media
6526,Media Superior,Comercio,Mecánico,54,13500.0,Baja
6527,Licenciatura,Manufactura,Filólogo/a,22,9400.0,Baja
6528,Media Superior,Informal,Químico/a,31,8500.0,Baja
6529,Básica,Manufactura,Sastre,48,14000.0,Baja
6530,Básica,Comercio,Joyero,31,8500.0,Baja
6531,Licenciatura,Informal,Sastre,35,8800.0,Baja
6532,Posgrado,Finanzas,Historiador/a,22,13300.0,Baja
6533,Media Superior,Finanzas,Pescador,26,14100.0,Baja
6534,Básica,Gobierno,Mecánico,39,14100.0,Baja
6535,Básica,Servicios,Escultor,27,8500.0,Baja
6536,Media Superior,Manufactura,Tornero,24,12100.0,Baja
6537,Licenciatura,Manufactura,Programador,33,20300.0,Media
6538,Licenciatura,Gobierno,Administrador/a,48,21700.0,Media
6539,Básica,Servicios,Fontanero o plomero,31,15000.0,Media
6540,Licenciatura,Comercio,Geógrafo/a,58,25400.0,Media
6541,Media Superior,Servicios,Vigilante,27,11800.0,Baja
6542,Licenciatura,Manufactura,Farmacólogo/a,44,19200.0,Media
6543,Media Superior,Manufactura,Programador,42,9200.0,Baja
6544,Licenciatura,Servicios,Traductor/a,55,28000.0,Media
6545,Licenciatura,Manufactura,Artesano,40,11900.0,Baja
6546,Básica,Manufactura,Relojero,38,14000.0,Baja
6547,Licenciatura,Construcción,Zapatero,41,17500.0,Media
6548,Posgrado,Finanzas,Relojero,50,30200.0,Media
6549,Licenciatura,Comercio,Obrero,53,20800.0,Media
6550,Media Superior,Manufactura,Camarero,51,15700.0,Media
6551,Licenciatura,Manufactura,Albañil,43,19500.0,Media
6552,Licenciatura,Informal,Vigilante,44,18700.0,Media
6553,Licenciatura,Comercio,Jardinero,56,15100.0,Media
6554,Licenciatura,Manufactura,Lutier,49,18800.0,Media
6555,Posgrado,Comercio,Meteorólogo/a,25,15300.0,Media
6556,Media Superior,Servicios,Farmacólogo/a,45,24300.0,Media
6557,Media Superior,Construcción,Lingüista,26,15600.0,Media
6558,Licenciatura,Gobierno,Maestro,44,19800.0,Media
6559,Licenciatura,Construcción,Periodista,36,15800.0,Media
6560,Media Superior,Finanzas,Administrador/a,43,27800.0,Media
6561,Licenciatura,Gobierno,Panadero,34,22600.0,Media
6562,Básica,Manufactura,Profesor/a,27,9900.0,Baja
6563,Básica,Informal,Programador,54,22000.0,Media
6564,Licenciatura,Comercio,Animador,24,12500.0,Baja
6565,Básica,Servicios,Peletero,22,8500.0,Baja
6566,Licenciatura,Manufactura,Psicoanalista,20,8500.0,Baja
6567,Posgrado,Informal,Farmacólogo/a,35,23000.0,Media
6568,Media Superior,Servicios,Actuario/a,51,16500.0,Media
6569,Media Superior,Servicios,Psicólogo/a,54,21800.0,Media
6570,Licenciatura,Gobierno,Psicólogo/a,32,18900.0,Media
6571,Media Superior,Manufactura,Apicultor,21,8500.0,Baja
6572,Licenciatura,Comercio,Cajero,33,17500.0,Media
6573,Licenciatura,Servicios,Leñador,58,24400.0,Media
6574,Media Superior,Servicios,Ferretero,36,22100.0,Media
6575,Básica,Construcción,Jardinero,57,22700.0,Media
6576,Licenciatura,Comercio,Kinesiólogo/a,28,16300.0,Media
6577,Licenciatura,Manufactura,Enfermero/a,29,10400.0,Baja
6578,Licenciatura,Comercio,Maestro,25,8900.0,Baja
6579,Licenciatura,Manufactura,Meteorólogo/a,20,15600.0,Media
6580,Media Superior,Gobierno,Bibliotecario/a,50,14900.0,Baja
6581,Licenciatura,Construcción,Carnicero,31,8500.0,Baja
6582,Licenciatura,Manufactura,Fontanero o plomero,45,10900.0,Baja
6583,Básica,Servicios,Jardinero,49,23500.0,Media
6584,Posgrado,Informal,Bibliotecario/a,49,14500.0,Baja
6585,Licenciatura,Servicios,Relojero,58,26500.0,Media
6586,Media Superior,Construcción,Artesano,24,8500.0,Baja
6587,Media Superior,Comercio,Repartidor,36,13700.0,Baja
6588,Media Superior,Comercio,Arquitecto/a,51,8500.0,Baja
6589,Media Superior,Comercio,Artesano,26,8500.0,Baja
6590,Básica,Construcción,Pastor,44,13000.0,Baja
6591,Media Superior,Construcción,Imprentero,21,13200.0,Baja
6592,Licenciatura,Servicios,Camarero,34,19200.0,Media
6593,Media Superior,Informal,Obrero,49,8500.0,Baja
6594,Licenciatura,Manufactura,Herrero,30,8500.0,Baja
6595,Media Superior,Gobierno,Lechero,31,18200.0,Media
6596,Licenciatura,Informal,Afilador,30,8500.0,Baja
6597,Licenciatura,Gobierno,Carnicero,25,8500.0,Baja
6598,Media Superior,Finanzas,Administrador/a,28,8500.0,Baja
6599,Licenciatura,Servicios,Peletero,32,14000.0,Baja
6600,Básica,Informal,Historiador/a,39,15100.0,Media
6601,Licenciatura,Finanzas,Cocinero,27,14200.0,Baja
6602,Licenciatura,Gobierno,Psicoanalista,38,21400.0,Media
6603,Básica,Manufactura,Fumigador,29,8500.0,Baja
6604,Licenciatura,Construcción,Kinesiólogo/a,44,15100.0,Media
6605,Básica,Comercio,Obrero,56,8500.0,Baja
6606,Licenciatura,Finanzas,Paleontólogo/a,55,34200.0,Media
6607,Licenciatura,Construcción,Actuario/a,51,21800.0,Media
6608,Posgrado,Informal,Cajero,30,8500.0,Baja
6609,Básica,Comercio,Escultor,50,8500.0,Baja
6610,Licenciatura,Comercio,Pintor,31,10300.0,Baja
6611,Media Superior,Manufactura,Lechero,21,8500.0,Baja
6612,Posgrado,Servicios,Fumigador,28,9100.0,Baja
6613,Licenciatura,Gobierno,Escritor,58,23700.0,Media
6614,Licenciatura,Comercio,Físico/a,25,15000.0,Media
6615,Licenciatura,Gobierno,Meteorólogo/a,33,8700.0,Baja
6616,Media Superior,Informal,Fumigador,24,10200.0,Baja
6617,Básica,Servicios,Profesor/a,51,26600.0,Media
6618,Media Superior,Servicios,Tornero,26,13000.0,Baja
6619,Posgrado,Manufactura,Arquitecto/a,28,12900.0,Baja
6620,Licenciatura,Servicios,Diseñador/a gráfico,50,37100.0,Alta
6621,Básica,Informal,Bombero,20,8500.0,Baja
6622,Posgrado,Gobierno,Cocinero,38,23500.0,Media
6623,Posgrado,Gobierno,Chofer transportista,53,24200.0,Media
6624,Básica,Finanzas,Meteorólogo/a,28,8500.0,Baja
6625,Licenciatura,Comercio,Vigilante,43,13300.0,Baja
6626,Licenciatura,Finanzas,Barbero,37,20400.0,Media
6627,Media Superior,Comercio,Repartidor,44,13000.0,Baja
6628,Licenciatura,Informal,Paleontólogo/a,26,13300.0,Baja
6629,Licenciatura,Informal,Sastre,34,9500.0,Baja
6630,Licenciatura,Informal,Mecánico,38,13600.0,Baja
6631,Media Superior,Informal,Repartidor,50,29000.0,Media
6632,Media Superior,Finanzas,Lingüista,50,24100.0,Media
6633,Media Superior,Servicios,Chofer transportista,21,8500.0,Baja
6634,Media Superior,Finanzas,Escultor,53,19300.0,Media
6635,Media Superior,Construcción,Psicoanalista,54,19900.0,Media
6636,Básica,Construcción,Lingüista,45,9900.0,Baja
6637,Media Superior,Servicios,Repartidor,31,8500.0,Baja
6638,Media Superior,Gobierno,Imprentero,30,8500.0,Baja
6639,Licenciatura,Comercio,Telefonista,56,9800.0,Baja
6640,Básica,Manufactura,Lutier,54,19000.0,Media
6641,Posgrado,Servicios,Psicoanalista,47,27300.0,Media
6642,Media Superior,Servicios,Músico/a,52,12400.0,Baja
6643,Posgrado,Finanzas,Obrero,27,20200.0,Media
6644,Licenciatura,Servicios,Bombero,45,24400.0,Media
6645,Básica,Servicios,Actuario/a,56,22800.0,Media
6646,Básica,Manufactura,Farmacólogo/a,37,10600.0,Baja
6647,Posgrado,Comercio,Chofer transportista,59,21000.0,Media
6648,Licenciatura,Construcción,Óptico,23,11400.0,Baja
6649,Posgrado,Comercio,Obrero,55,26100.0,Media
6650,Básica,Finanzas,Geógrafo/a,21,9000.0,Baja
6651,Licenciatura,Comercio,Joyero,25,14900.0,Baja
6652,Básica,Comercio,Geógrafo/a,30,14400.0,Baja
6653,Media Superior,Gobierno,Escritor,24,8500.0,Baja
6654,Media Superior,Servicios,Cajero,42,18200.0,Media
6655,Media Superior,Gobierno,Sastre,54,21400.0,Media
6656,Licenciatura,Gobierno,Lavandero,43,16200.0,Media
6657,Licenciatura,Servicios,Economista,27,15200.0,Media
6658,Licenciatura,Gobierno,Fumigador,20,8500.0,Baja
6659,Media Superior,Informal,Bombero,26,9200.0,Baja
6660,Posgrado,Construcción,Herrero,56,21000.0,Media
6661,Posgrado,Finanzas,Telefonista,31,17900.0,Media
6662,Básica,Gobierno,Peletero,52,12500.0,Baja
6663,Media Superior,Finanzas,Sastre,33,10600.0,Baja
6664,Licenciatura,Gobierno,Guardabosques,32,8500.0,Baja
6665,Licenciatura,Comercio,Cerrajero,42,20900.0,Media
6666,Licenciatura,Manufactura,Imprentero,35,12400.0,Baja
6667,Básica,Finanzas,Artesano,39,22400.0,Media
6668,Básica,Manufactura,Joyero,57,9600.0,Baja
6669,Básica,Manufactura,Óptico,21,9300.0,Baja
6670,Media Superior,Construcción,Panadero,49,8500.0,Baja
6671,Media Superior,Construcción,Farmacólogo/a,51,11600.0,Baja
6672,Media Superior,Manufactura,Lechero,51,20400.0,Media
6673,Licenciatura,Manufactura,Biólogo/a,23,8500.0,Baja
6674,Básica,Manufactura,Radiólogo/a,45,18000.0,Media
6675,Licenciatura,Construcción,Ferretero,23,15400.0,Media
6676,Licenciatura,Gobierno,Cajero,50,10700.0,Baja
6677,Licenciatura,Gobierno,Cocinero,48,20300.0,Media
6678,Básica,Informal,Imprentero,52,8800.0,Baja
6679,Licenciatura,Finanzas,Artesano,21,11300.0,Baja
6680,Media Superior,Comercio,Guardabosques,22,8500.0,Baja
6681,Media Superior,Informal,Fontanero o plomero,31,8500.0,Baja
6682,Posgrado,Servicios,Lavandero,39,16300.0,Media
6683,Licenciatura,Informal,Actuario/a,58,18800.0,Media
6684,Posgrado,Comercio,Carpintero,44,12500.0,Baja
6685,Licenciatura,Comercio,Diseñador/a gráfico,31,19900.0,Media
6686,Licenciatura,Servicios,Chofer transportista,36,8500.0,Baja
6687,Básica,Finanzas,Mecánico,48,12300.0,Baja
6688,Básica,Servicios,Telefonista,57,19100.0,Media
6689,Licenciatura,Servicios,Frutero,36,8500.0,Baja
6690,Licenciatura,Servicios,Panadero,34,8500.0,Baja
6691,Media Superior,Construcción,Leñador,20,12500.0,Baja
6692,Licenciatura,Informal,Apicultor,27,8500.0,Baja
6693,Licenciatura,Comercio,Albañil,24,19100.0,Media
6694,Básica,Gobierno,Repartidor,34,8500.0,Baja
6695,Licenciatura,Comercio,Leñador,28,9100.0,Baja
6696,Licenciatura,Servicios,Traductor/a,38,21700.0,Media
6697,Licenciatura,Finanzas,Obrero,48,24300.0,Media
6698,Licenciatura,Servicios,Animador,39,20600.0,Media
6699,Media Superior,Comercio,Camarero,33,8500.0,Baja
6700,Media Superior,Gobierno,Mecánico,39,8500.0,Baja
6701,Básica,Construcción,Leñador,40,8500.0,Baja
6702,Licenciatura,Construcción,Agricultor,42,15100.0,Media
6703,Licenciatura,Servicios,Cocinero,53,26700.0,Media
6704,Licenciatura,Gobierno,Apicultor,25,16300.0,Media
6705,Básica,Comercio,Lingüista,25,8800.0,Baja
6706,Licenciatura,Construcción,Ferretero,44,14300.0,Baja
6707,Media Superior,Gobierno,Escultor,56,18100.0,Media
6708,Básica,Servicios,Barrendero,44,12900.0,Baja
6709,Posgrado,Informal,Vendedor,34,9700.0,Baja
6710,Básica,Finanzas,Frutero,30,12800.0,Baja
6711,Licenciatura,Gobierno,Zapatero,22,11800.0,Baja
6712,Media Superior,Manufactura,Pastor,34,13600.0,Baja
6713,Licenciatura,Construcción,Camarero,55,15000.0,Media
6714,Básica,Finanzas,Radiólogo/a,31,12400.0,Baja
6715,Posgrado,Servicios,Químico/a,34,20100.0,Media
6716,Licenciatura,Manufactura,Periodista,30,10800.0,Baja
6717,Licenciatura,Manufactura,Peletero,21,8500.0,Baja
6718,Media Superior,Comercio,Lingüista,46,16300.0,Media
6719,Media Superior,Comercio,Joyero,55,14100.0,Baja
6720,Básica,Gobierno,Kinesiólogo/a,59,17200.0,Media
6721,Media Superior,Servicios,Biólogo/a,28,14700.0,Baja
6722,Licenciatura,Gobierno,Meteorólogo/a,53,33300.0,Media
6723,Licenciatura,Servicios,Vendedor,28,13400.0,Baja
6724,Media Superior,Informal,Albañil,46,15500.0,Media
6725,Básica,Gobierno,Músico/a,35,20900.0,Media
6726,Posgrado,Servicios,Lutier,33,17500.0,Media
6727,Media Superior,Gobierno,Imprentero,33,10800.0,Baja
6728,Media Superior,Servicios,Músico/a,24,8500.0,Baja
6729,Básica,Servicios,Ingeniero/a,26,14900.0,Baja
6730,Media Superior,Gobierno,Geógrafo/a,48,13400.0,Baja
6731,Básica,Manufactura,Cocinero,45,10400.0,Baja
6732,Licenciatura,Gobierno,Agricultor,26,11700.0,Baja
6733,Licenciatura,Servicios,Diseñador/a gráfico,20,8900.0,Baja
6734,Licenciatura,Manufactura,Escultor,20,10400.0,Baja
6735,Básica,Finanzas,Barbero,56,16500.0,Media
6736,Posgrado,Gobierno,Matemático/a,52,25900.0,Media
6737,Licenciatura,Gobierno,Actuario/a,58,43900.0,Alta
6738,Licenciatura,Manufactura,Programador,23,8500.0,Baja
6739,Licenciatura,Servicios,Desarrollador/a web,27,18300.0,Media
6740,Básica,Gobierno,Bibliotecario/a,56,12600.0,Baja
6741,Básica,Servicios,Soldador,50,20300.0,Media
6742,Licenciatura,Manufactura,Zapatero,59,13200.0,Baja
6743,Básica,Manufactura,Peluquero,56,16700.0,Media
6744,Media Superior,Servicios,Lingüista,29,9300.0,Baja
6745,Licenciatura,Servicios,Administrador/a,30,8500.0,Baja
6746,Media Superior,Informal,Cocinero,40,17500.0,Media
6747,Licenciatura,Informal,Jardinero,38,19700.0,Media
6748,Posgrado,Servicios,Carpintero,38,23200.0,Media
6749,Media Superior,Finanzas,Contador/a,40,11200.0,Baja
6750,Licenciatura,Gobierno,Escritor,24,9100.0,Baja
6751,Media Superior,Informal,Albañil,29,8500.0,Baja
6752,Básica,Construcción,Diseñador/a gráfico,48,16700.0,Media
6753,Licenciatura,Comercio,Peluquero,42,8500.0,Baja
6754,Licenciatura,Servicios,Tornero,42,19300.0,Media
6755,Posgrado,Construcción,Pintor,55,18700.0,Media
6756,Media Superior,Gobierno,Zapatero,59,29200.0,Media
6757,Media Superior,Gobierno,Mecánico,25,8500.0,Baja
6758,Básica,Construcción,Animador,29,8500.0,Baja
6759,Licenciatura,Manufactura,Contador/a,44,18700.0,Media
6760,Licenciatura,Servicios,Psicólogo/a,31,15300.0,Media
6761,Licenciatura,Servicios,Frutero,49,13800.0,Baja
6762,Media Superior,Informal,Médico/a cirujano/a,30,8700.0,Baja
6763,Licenciatura,Gobierno,Pintor,50,24200.0,Media
6764,Licenciatura,Comercio,Cajero,28,8500.0,Baja
6765,Licenciatura,Informal,Obrero,22,12300.0,Baja
6766,Licenciatura,Servicios,Barrendero,25,8500.0,Baja
6767,Licenciatura,Gobierno,Barrendero,52,21500.0,Media
6768,Licenciatura,Manufactura,Herrero,29,15100.0,Media
6769,Media Superior,Informal,Ferretero,38,17900.0,Media
6770,Media Superior,Comercio,Diseñador/a gráfico,45,21200.0,Media
6771,Media Superior,Finanzas,Psicoanalista,34,13600.0,Baja
6772,Licenciatura,Comercio,Físico/a,51,18500.0,Media
6773,Licenciatura,Gobierno,Albañil,51,27900.0,Media
6774,Básica,Gobierno,Barbero,22,8500.0,Baja
6775,Básica,Servicios,Sastre,35,15300.0,Media
6776,Posgrado,Construcción,Carnicero,48,23100.0,Media
6777,Media Superior,Comercio,Relojero,55,17200.0,Media
6778,Media Superior,Comercio,Guardabosques,36,8500.0,Baja
6779,Posgrado,Construcción,Animador,53,26300.0,Media
6780,Media Superior,Servicios,Farmacólogo/a,34,11600.0,Baja
6781,Media Superior,Construcción,Escritor,53,10200.0,Baja
6782,Media Superior,Gobierno,Joyero,57,25300.0,Media
6783,Licenciatura,Finanzas,Músico/a,35,18500.0,Media
6784,Media Superior,Comercio,Geógrafo/a,26,8500.0,Baja
6785,Licenciatura,Manufactura,Peletero,50,18900.0,Media
6786,Licenciatura,Servicios,Cajero,45,11000.0,Baja
6787,Licenciatura,Gobierno,Ferretero,21,8500.0,Baja
6788,Licenciatura,Manufactura,Albañil,31,13700.0,Baja
6789,Media Superior,Servicios,Cocinero,57,20700.0,Media
6790,Licenciatura,Servicios,Afilador,35,14800.0,Baja
6791,Media Superior,Gobierno,Paleontólogo/a,45,29700.0,Media
6792,Licenciatura,Finanzas,Cocinero,32,13500.0,Baja
6793,Básica,Construcción,Farmacólogo/a,36,11500.0,Baja
6794,Licenciatura,Comercio,Psicoanalista,27,12500.0,Baja
6795,Básica,Informal,Escritor,28,8500.0,Baja
6796,Licenciatura,Servicios,Repartidor,49,18900.0,Media
6797,Licenciatura,Comercio,Guardabosques,53,9000.0,Baja
6798,Básica,Servicios,Administrador/a,53,10700.0,Baja
6799,Licenciatura,Construcción,Vigilante,29,9900.0,Baja
6800,Licenciatura,Gobierno,Afilador,57,22300.0,Media
6801,Licenciatura,Informal,Farmacólogo/a,48,15800.0,Media
6802,Media Superior,Servicios,Enfermero/a,59,26300.0,Media
6803,Posgrado,Gobierno,Carnicero,34,12100.0,Baja
6804,Licenciatura,Gobierno,Arquitecto/a,39,24400.0,Media
6805,Media Superior,Finanzas,Pescador,53,12700.0,Baja
6806,Licenciatura,Informal,Geógrafo/a,39,16900.0,Media
6807,Licenciatura,Servicios,Panadero,56,25900.0,Media
6808,Media Superior,Manufactura,Historiador/a,51,25100.0,Media
6809,Media Superior,Gobierno,Lutier,50,17200.0,Media
6810,Posgrado,Informal,Radiólogo/a,56,23600.0,Media
6811,Básica,Comercio,Físico/a,35,15800.0,Media
6812,Media Superior,Manufactura,Imprentero,21,15800.0,Media
6813,Básica,Gobierno,Geógrafo/a,53,29800.0,Media
6814,Media Superior,Comercio,Médico/a cirujano/a,45,23100.0,Media
6815,Licenciatura,Construcción,Carnicero,48,20700.0,Media
6816,Licenciatura,Manufactura,Químico/a,32,10100.0,Baja
6817,Media Superior,Gobierno,Bombero,56,30100.0,Media
6818,Licenciatura,Servicios,Peluquero,50,17200.0,Media
6819,Posgrado,Comercio,Biólogo/a,23,8500.0,Baja
6820,Posgrado,Comercio,Paleontólogo/a,38,23800.0,Media
6821,Media Superior,Finanzas,Historiador/a,34,8500.0,Baja
6822,Posgrado,Servicios,Soldador,59,18900.0,Media
6823,Licenciatura,Informal,Meteorólogo/a,20,8500.0,Baja
6824,Media Superior,Manufactura,Jardinero,41,18100.0,Media
6825,Licenciatura,Comercio,Relojero,48,15400.0,Media
6826,Licenciatura,Gobierno,Herrero,49,23200.0,Media
6827,Licenciatura,Comercio,Apicultor,53,17900.0,Media
6828,Básica,Manufactura,Economista,26,13300.0,Baja
6829,Básica,Finanzas,Jardinero,29,17000.0,Media
6830,Licenciatura,Manufactura,Músico/a,56,21000.0,Media
6831,Media Superior,Servicios,Economista,28,8900.0,Baja
6832,Licenciatura,Manufactura,Maestro,49,27600.0,Media
6833,Media Superior,Manufactura,Leñador,49,25300.0,Media
6834,Licenciatura,Gobierno,Lingüista,34,9400.0,Baja
6835,Básica,Comercio,Sastre,37,8500.0,Baja
6836,Básica,Informal,Leñador,51,15300.0,Media
6837,Básica,Servicios,Cajero,35,8500.0,Baja
6838,Licenciatura,Comercio,Imprentero,37,8500.0,Baja
6839,Posgrado,Comercio,Contador/a,27,8500.0,Baja
6840,Licenciatura,Gobierno,Frutero,59,12900.0,Baja
6841,Licenciatura,Comercio,Pintor,37,10900.0,Baja
6842,Media Superior,Construcción,Agricultor,23,8500.0,Baja
6843,Media Superior,Informal,Herrero,50,10100.0,Baja
6844,Posgrado,Manufactura,Traductor/a,47,20900.0,Media
6845,Licenciatura,Informal,Vendedor,56,24800.0,Media
6846,Licenciatura,Gobierno,Panadero,25,8500.0,Baja
6847,Licenciatura,Manufactura,Afilador,25,9300.0,Baja
6848,Licenciatura,Construcción,Periodista,46,15100.0,Media
6849,Posgrado,Informal,Agricultor,24,8800.0,Baja
6850,Media Superior,Finanzas,Mecánico,50,17000.0,Media
6851,Media Superior,Manufactura,Leñador,25,14500.0,Baja
6852,Licenciatura,Construcción,Zapatero,50,16800.0,Media
6853,Básica,Informal,Historiador/a,59,14800.0,Baja
6854,Licenciatura,Manufactura,Guardabosques,57,19600.0,Media
6855,Licenciatura,Servicios,Escritor,43,15700.0,Media
6856,Media Superior,Gobierno,Camarero,36,16600.0,Media
6857,Media Superior,Manufactura,Pintor,36,11100.0,Baja
6858,Licenciatura,Servicios,Historiador/a,39,13900.0,Baja
6859,Posgrado,Servicios,Camarero,37,28400.0,Media
6860,Licenciatura,Servicios,Psicólogo/a,35,19100.0,Media
6861,Media Superior,Servicios,Herrero,43,8500.0,Baja
6862,Media Superior,Manufactura,Herrero,39,8500.0,Baja
6863,Posgrado,Finanzas,Relojero,30,9900.0,Baja
6864,Media Superior,Construcción,Físico/a,22,8500.0,Baja
6865,Básica,Manufactura,Repartidor,33,8500.0,Baja
6866,Licenciatura,Construcción,Lingüista,42,17700.0,Media
6867,Licenciatura,Gobierno,Lechero,50,27900.0,Media
6868,Licenciatura,Construcción,Apicultor,56,25300.0,Media
6869,Media Superior,Servicios,Médico/a cirujano/a,26,11000.0,Baja
6870,Media Superior,Gobierno,Zapatero,54,17200.0,Media
6871,Media Superior,Comercio,Afilador,32,8500.0,Baja
6872,Básica,Comercio,Abogado/a,58,16700.0,Media
6873,Licenciatura,Comercio,Jardinero,56,16600.0,Media
6874,Licenciatura,Comercio,Economista,52,14300.0,Baja
6875,Posgrado,Gobierno,Cerrajero,44,26400.0,Media
6876,Básica,Informal,Programador,51,20100.0,Media
6877,Básica,Servicios,Pescador,28,8500.0,Baja
6878,Licenciatura,Finanzas,Barbero,49,20300.0,Media
6879,Licenciatura,Finanzas,Meteorólogo/a,41,21900.0,Media
6880,Posgrado,Comercio,Economista,59,33400.0,Media
6881,Licenciatura,Construcción,Repartidor,27,15500.0,Media
6882,Media Superior,Finanzas,Herrero,39,8500.0,Baja
6883,Licenciatura,Servicios,Psicólogo/a,52,19500.0,Media
6884,Media Superior,Comercio,Fontanero o plomero,50,9300.0,Baja
6885,Media Superior,Informal,Lechero,26,10000.0,Baja
6886,Media Superior,Manufactura,Kinesiólogo/a,42,9200.0,Baja
6887,Licenciatura,Finanzas,Sastre,48,13600.0,Baja
6888,Media Superior,Manufactura,Pintor,38,13600.0,Baja
6889,Media Superior,Servicios,Soldador,21,8500.0,Baja
6890,Licenciatura,Finanzas,Técnico/a de sonido,44,24100.0,Media
6891,Media Superior,Construcción,Artesano,55,12900.0,Baja
6892,Licenciatura,Construcción,Carnicero,29,11100.0,Baja
6893,Media Superior,Manufactura,Ferretero,52,16500.0,Media
6894,Básica,Gobierno,Administrador/a,42,11400.0,Baja
6895,Licenciatura,Servicios,Pintor,47,25100.0,Media
6896,Media Superior,Manufactura,Peletero,50,24600.0,Media
6897,Licenciatura,Comercio,Albañil,25,19800.0,Media
6898,Licenciatura,Servicios,Obrero,28,8500.0,Baja
6899,Media Superior,Informal,Contador/a,56,19900.0,Media
6900,Licenciatura,Servicios,Herrero,41,13600.0,Baja
6901,Licenciatura,Manufactura,Químico/a,20,11500.0,Baja
6902,Básica,Manufactura,Periodista,48,17000.0,Media
6903,Media Superior,Finanzas,Camarero,23,8500.0,Baja
6904,Media Superior,Servicios,Animador,21,8500.0,Baja
6905,Posgrado,Gobierno,Escritor,32,14000.0,Baja
6906,Licenciatura,Construcción,Matemático/a,39,22400.0,Media
6907,Posgrado,Comercio,Herrero,50,16300.0,Media
6908,Licenciatura,Gobierno,Administrador/a,55,22800.0,Media
6909,Licenciatura,Informal,Obrero,48,21000.0,Media
6910,Licenciatura,Gobierno,Pintor,57,25500.0,Media
6911,Licenciatura,Finanzas,Obrero,51,27000.0,Media
6912,Media Superior,Gobierno,Periodista,43,16500.0,Media
6913,Posgrado,Comercio,Ingeniero/a,23,8500.0,Baja
6914,Básica,Construcción,Matemático/a,53,19800.0,Media
6915,Media Superior,Construcción,Chofer transportista,25,8700.0,Baja
6916,Licenciatura,Manufactura,Zapatero,35,14800.0,Baja
6917,Posgrado,Informal,Mecánico,28,19200.0,Media
6918,Básica,Servicios,Profesor/a,42,18800.0,Media
6919,Media Superior,Manufactura,Historiador/a,26,11900.0,Baja
6920,Media Superior,Comercio,Actuario/a,22,8500.0,Baja
6921,Licenciatura,Gobierno,Técnico/a de sonido,49,26300.0,Media
6922,Posgrado,Gobierno,Imprentero,38,26000.0,Media
6923,Media Superior,Informal,Contador/a,47,18900.0,Media
6924,Media Superior,Informal,Barbero,21,8500.0,Baja
6925,Media Superior,Servicios,Programador,31,17300.0,Media
6926,Media Superior,Construcción,Camarero,41,13500.0,Baja
6927,Posgrado,Gobierno,Ingeniero/a,29,18800.0,Media
6928,Básica,Comercio,Abogado/a,42,23900.0,Media
6929,Media Superior,Comercio,Escultor,36,8500.0,Baja
6930,Media Superior,Finanzas,Óptico,29,11600.0,Baja
6931,Media Superior,Comercio,Paleontólogo/a,55,14500.0,Baja
6932,Media Superior,Gobierno,Profesor/a,27,15600.0,Media
6933,Básica,Servicios,Apicultor,23,8500.0,Baja
6934,Básica,Finanzas,Animador,36,19900.0,Media
6935,Licenciatura,Gobierno,Historiador/a,34,15700.0,Media
6936,Básica,Gobierno,Médico/a cirujano/a,24,19400.0,Media
6937,Media Superior,Servicios,Herrero,25,8500.0,Baja
6938,Media Superior,Finanzas,Albañil,45,11100.0,Baja
6939,Posgrado,Construcción,Meteorólogo/a,25,8500.0,Baja
6940,Básica,Informal,Óptico,43,13300.0,Baja
6941,Posgrado,Gobierno,Químico/a,20,14100.0,Baja
6942,Posgrado,Manufactura,Pastor,35,10200.0,Baja
6943,Media Superior,Gobierno,Repartidor,51,33300.0,Media
6944,Licenciatura,Finanzas,Albañil,25,8500.0,Baja
6945,Media Superior,Manufactura,Imprentero,22,8500.0,Baja
6946,Posgrado,Finanzas,Arquitecto/a,45,33100.0,Media
6947,Básica,Comercio,Pastor,22,8500.0,Baja
6948,Posgrado,Construcción,Programador,41,21700.0,Media
6949,Media Superior,Construcción,Ferretero,34,13900.0,Baja
6950,Licenciatura,Finanzas,Chofer transportista,37,15100.0,Media
6951,Licenciatura,Manufactura,Vigilante,24,8500.0,Baja
6952,Posgrado,Gobierno,Peletero,56,28000.0,Media
6953,Licenciatura,Servicios,Chofer transportista,33,12900.0,Baja
6954,Media Superior,Construcción,Psicólogo/a,55,16000.0,Media
6955,Básica,Finanzas,Matemático/a,58,17500.0,Media
6956,Posgrado,Finanzas,Frutero,59,23400.0,Media
6957,Posgrado,Servicios,Bombero,50,12700.0,Baja
6958,Licenciatura,Informal,Barrendero,54,13400.0,Baja
6959,Media Superior,Servicios,Cocinero,56,16700.0,Media
6960,Media Superior,Informal,Bibliotecario/a,34,8500.0,Baja
6961,Media Superior,Manufactura,Pintor,36,8500.0,Baja
6962,Licenciatura,Comercio,Lavandero,25,8500.0,Baja
6963,Posgrado,Informal,Biólogo/a,20,10900.0,Baja
6964,Media Superior,Comercio,Zapatero,46,8500.0,Baja
6965,Media Superior,Finanzas,Repartidor,32,9700.0,Baja
6966,Media Superior,Gobierno,Zapatero,59,24300.0,Media
6967,Licenciatura,Informal,Vendedor,30,16000.0,Media
6968,Licenciatura,Servicios,Pastor,44,14400.0,Baja
6969,Licenciatura,Comercio,Mecánico,51,25400.0,Media
6970,Básica,Construcción,Actuario/a,27,14400.0,Baja
6971,Licenciatura,Construcción,Físico/a,48,20800.0,Media
6972,Licenciatura,Comercio,Periodista,44,21300.0,Media
6973,Licenciatura,Informal,Paleontólogo/a,42,20200.0,Media
6974,Licenciatura,Servicios,Sastre,30,11800.0,Baja
6975,Media Superior,Gobierno,Bibliotecario/a,22,15300.0,Media
6976,Básica,Informal,Escritor,41,9300.0,Baja
6977,Básica,Comercio,Veterinario/a,37,12600.0,Baja
6978,Licenciatura,Servicios,Pastor,53,29800.0,Media
6979,Licenciatura,Comercio,Panadero,44,14300.0,Baja
6980,Posgrado,Manufactura,Periodista,56,29000.0,Media
6981,Licenciatura,Informal,Profesor/a,59,31400.0,Media
6982,Básica,Gobierno,Panadero,20,10200.0,Baja
6983,Posgrado,Gobierno,Médico/a cirujano/a,28,17200.0,Media
6984,Licenciatura,Gobierno,Programador,54,28900.0,Media
6985,Media Superior,Comercio,Filólogo/a,55,23800.0,Media
6986,Licenciatura,Comercio,Contador/a,36,8500.0,Baja
6987,Media Superior,Servicios,Zapatero,43,8500.0,Baja
6988,Posgrado,Finanzas,Lechero,27,8500.0,Baja
6989,Básica,Comercio,Tornero,46,10100.0,Baja
6990,Licenciatura,Gobierno,Barbero,26,11800.0,Baja
6991,Licenciatura,Informal,Lutier,58,29700.0,Media
6992,Media Superior,Gobierno,Médico/a cirujano/a,24,12200.0,Baja
6993,Licenciatura,Servicios,Veterinario/a,46,18200.0,Media
6994,Licenciatura,Servicios,Panadero,34,13300.0,Baja
6995,Básica,Finanzas,Químico/a,46,37500.0,Alta
6996,Licenciatura,Informal,Arquitecto/a,27,8500.0,Baja
6997,Básica,Manufactura,Historiador/a,42,18100.0,Media
6998,Licenciatura,Manufactura,Actuario/a,43,23600.0,Media
6999,Licenciatura,Informal,Abogado/a,57,23700.0,Media
7000,Posgrado,Servicios,Economista,56,27300.0,Media
7001,Licenciatura,Manufactura,Repartidor,55,10900.0,Baja
7002,Media Superior,Comercio,Desarrollador/a web,26,12800.0,Baja
7003,Licenciatura,Comercio,Agricultor,33,16100.0,Media
7004,Licenciatura,Manufactura,Ferretero,43,18600.0,Media
7005,Básica,Informal,Músico/a,33,8500.0,Baja
7006,Licenciatura,Gobierno,Camarero,45,10400.0,Baja
7007,Licenciatura,Informal,Carpintero,35,8500.0,Baja
7008,Licenciatura,Servicios,Psicólogo/a,59,25000.0,Media
7009,Básica,Gobierno,Carpintero,51,20700.0,Media
7010,Media Superior,Informal,Obrero,47,8500.0,Baja
7011,Licenciatura,Gobierno,Periodista,59,32400.0,Media
7012,Licenciatura,Informal,Radiólogo/a,39,16100.0,Media
7013,Media Superior,Gobierno,Camarero,57,29100.0,Media
7014,Licenciatura,Informal,Bombero,55,18200.0,Media
7015,Básica,Finanzas,Diseñador/a gráfico,34,13500.0,Baja
7016,Posgrado,Servicios,Tornero,47,23400.0,Media
7017,Licenciatura,Gobierno,Herrero,20,8500.0,Baja
7018,Licenciatura,Manufactura,Veterinario/a,52,27200.0,Media
7019,Media Superior,Servicios,Lingüista,36,15700.0,Media
7020,Licenciatura,Informal,Administrador/a,22,8500.0,Baja
7021,Media Superior,Finanzas,Pastor,43,12500.0,Baja
7022,Media Superior,Gobierno,Mecánico,30,13100.0,Baja
7023,Licenciatura,Informal,Maestro,23,9300.0,Baja
7024,Posgrado,Comercio,Diseñador/a gráfico,34,21100.0,Media
7025,Licenciatura,Gobierno,Periodista,55,21900.0,Media
7026,Media Superior,Manufactura,Historiador/a,21,9800.0,Baja
7027,Licenciatura,Finanzas,Afilador,24,8500.0,Baja
7028,Media Superior,Servicios,Economista,29,8500.0,Baja
7029,Media Superior,Manufactura,Agricultor,44,12600.0,Baja
7030,Licenciatura,Gobierno,Óptico,57,33400.0,Media
7031,Media Superior,Finanzas,Carpintero,25,9100.0,Baja
7032,Posgrado,Construcción,Escultor,52,21000.0,Media
7033,Media Superior,Servicios,Programador,42,14800.0,Baja
7034,Media Superior,Finanzas,Zapatero,26,13400.0,Baja
7035,Licenciatura,Comercio,Escultor,38,8500.0,Baja
7036,Licenciatura,Manufactura,Cerrajero,58,27600.0,Media
7037,Media Superior,Informal,Cocinero,54,14900.0,Baja
7038,Media Superior,Servicios,Farmacólogo/a,26,8500.0,Baja
7039,Licenciatura,Gobierno,Vigilante,20,8500.0,Baja
7040,Licenciatura,Servicios,Técnico/a de sonido,57,18600.0,Media
7041,Media Superior,Servicios,Barbero,39,8500.0,Baja
7042,Media Superior,Comercio,Soldador,23,8500.0,Baja
7043,Media Superior,Comercio,Radiólogo/a,20,8500.0,Baja
7044,Media Superior,Servicios,Periodista,35,16300.0,Media
7045,Básica,Servicios,Contador/a,30,9200.0,Baja
7046,Licenciatura,Gobierno,Apicultor,30,16300.0,Media
7047,Posgrado,Servicios,Joyero,59,28300.0,Media
7048,Posgrado,Construcción,Escultor,44,24800.0,Media
7049,Licenciatura,Construcción,Paleontólogo/a,38,8500.0,Baja
7050,Básica,Construcción,Traductor/a,48,8500.0,Baja
7051,Básica,Gobierno,Técnico/a de sonido,44,21200.0,Media
7052,Posgrado,Comercio,Frutero,34,8500.0,Baja
7053,Licenciatura,Gobierno,Albañil,40,18500.0,Media
7054,Licenciatura,Manufactura,Animador,58,21600.0,Media
7055,Licenciatura,Finanzas,Lechero,54,27700.0,Media
7056,Básica,Informal,Ingeniero/a,36,8500.0,Baja
7057,Básica,Finanzas,Leñador,47,9600.0,Baja
7058,Media Superior,Comercio,Cocinero,21,8500.0,Baja
7059,Media Superior,Comercio,Pintor,57,10900.0,Baja
7060,Licenciatura,Informal,Administrador/a,39,8500.0,Baja
7061,Media Superior,Gobierno,Técnico/a de sonido,49,17700.0,Media
7062,Licenciatura,Gobierno,Pescador,36,8500.0,Baja
7063,Básica,Manufactura,Vendedor,22,8500.0,Baja
7064,Licenciatura,Informal,Bibliotecario/a,47,20300.0,Media
7065,Licenciatura,Manufactura,Obrero,28,13000.0,Baja
7066,Básica,Finanzas,Soldador,57,28000.0,Media
7067,Media Superior,Manufactura,Artesano,47,8700.0,Baja
7068,Licenciatura,Construcción,Lutier,50,18000.0,Media
7069,Media Superior,Construcción,Ingeniero/a,38,17400.0,Media
7070,Licenciatura,Informal,Enfermero/a,50,16900.0,Media
7071,Licenciatura,Comercio,Radiólogo/a,55,14900.0,Baja
7072,Media Superior,Construcción,Lingüista,56,20000.0,Media
7073,Media Superior,Informal,Cajero,34,8500.0,Baja
7074,Media Superior,Gobierno,Frutero,36,13600.0,Baja
7075,Licenciatura,Manufactura,Peluquero,24,8500.0,Baja
7076,Licenciatura,Gobierno,Diseñador/a gráfico,37,20500.0,Media
7077,Media Superior,Informal,Agricultor,38,16600.0,Media
7078,Licenciatura,Construcción,Meteorólogo/a,40,12900.0,Baja
7079,Posgrado,Manufactura,Carnicero,39,13100.0,Baja
7080,Básica,Manufactura,Vendedor,35,8500.0,Baja
7081,Básica,Gobierno,Maestro,24,12600.0,Baja
7082,Media Superior,Comercio,Kinesiólogo/a,45,14600.0,Baja
7083,Posgrado,Finanzas,Historiador/a,33,24400.0,Media
7084,Media Superior,Servicios,Repartidor,41,11900.0,Baja
7085,Licenciatura,Manufactura,Peletero,29,8500.0,Baja
7086,Media Superior,Gobierno,Cajero,51,11500.0,Baja
7087,Licenciatura,Servicios,Cajero,53,17400.0,Media
7088,Media Superior,Gobierno,Fumigador,22,8500.0,Baja
7089,Licenciatura,Gobierno,Herrero,47,18300.0,Media
7090,Posgrado,Manufactura,Técnico/a de sonido,29,15200.0,Media
7091,Media Superior,Comercio,Sastre,38,8500.0,Baja
7092,Licenciatura,Servicios,Farmacólogo/a,43,17700.0,Media
7093,Licenciatura,Servicios,Físico/a,47,33500.0,Media
7094,Básica,Informal,Periodista,28,16600.0,Media
7095,Básica,Gobierno,Filólogo/a,52,20100.0,Media
7096,Media Superior,Servicios,Físico/a,23,13200.0,Baja
7097,Posgrado,Informal,Radiólogo/a,55,18500.0,Media
7098,Básica,Construcción,Músico/a,54,16200.0,Media
7099,Media Superior,Comercio,Panadero,45,16900.0,Media
7100,Licenciatura,Finanzas,Carpintero,41,11100.0,Baja
7101,Básica,Construcción,Físico/a,21,14700.0,Baja
7102,Básica,Servicios,Químico/a,33,16300.0,Media
7103,Media Superior,Construcción,Traductor/a,51,19000.0,Media
7104,Básica,Gobierno,Pescador,42,12400.0,Baja
7105,Media Superior,Manufactura,Programador,52,12300.0,Baja
7106,Básica,Construcción,Veterinario/a,23,8500.0,Baja
7107,Básica,Informal,Cocinero,35,10300.0,Baja
7108,Licenciatura,Manufactura,Biólogo/a,46,18800.0,Media
7109,Media Superior,Manufactura,Carnicero,56,9800.0,Baja
7110,Licenciatura,Comercio,Zapatero,57,18700.0,Media
7111,Básica,Gobierno,Leñador,35,14700.0,Baja
7112,Licenciatura,Informal,Fontanero o plomero,23,8500.0,Baja
7113,Media Superior,Construcción,Vendedor,55,17600.0,Media
7114,Posgrado,Gobierno,Carpintero,30,9100.0,Baja
7115,Licenciatura,Servicios,Biólogo/a,49,23100.0,Media
7116,Licenciatura,Finanzas,Zapatero,58,30000.0,Media
7117,Licenciatura,Finanzas,Mecánico,35,14700.0,Baja
7118,Media Superior,Servicios,Cocinero,21,8500.0,Baja
7119,Básica,Servicios,Pescador,38,8500.0,Baja
7120,Licenciatura,Comercio,Filólogo/a,30,8700.0,Baja
7121,Básica,Comercio,Geógrafo/a,33,10400.0,Baja
7122,Posgrado,Servicios,Kinesiólogo/a,52,33900.0,Media
7123,Posgrado,Finanzas,Diseñador/a gráfico,25,14800.0,Baja
7124,Básica,Finanzas,Jardinero,54,22300.0,Media
7125,Licenciatura,Manufactura,Administrador/a,34,11300.0,Baja
7126,Posgrado,Servicios,Bombero,31,18900.0,Media
7127,Media Superior,Gobierno,Economista,44,23800.0,Media
7128,Licenciatura,Construcción,Imprentero,36,17000.0,Media
7129,Básica,Finanzas,Jardinero,56,26400.0,Media
7130,Media Superior,Informal,Barrendero,24,8500.0,Baja
7131,Media Superior,Servicios,Imprentero,44,21100.0,Media
7132,Básica,Comercio,Cocinero,55,17100.0,Media
7133,Media Superior,Comercio,Joyero,41,15000.0,Media
7134,Básica,Informal,Filólogo/a,57,16900.0,Media
7135,Media Superior,Comercio,Cerrajero,24,8500.0,Baja
7136,Media Superior,Gobierno,Obrero,23,8500.0,Baja
7137,Básica,Informal,Periodista,39,16800.0,Media
7138,Media Superior,Informal,Actuario/a,48,17700.0,Media
7139,Posgrado,Servicios,Chofer transportista,56,25100.0,Media
7140,Licenciatura,Informal,Imprentero,20,9200.0,Baja
7141,Licenciatura,Informal,Diseñador/a gráfico,43,18400.0,Media
7142,Licenciatura,Servicios,Imprentero,56,26300.0,Media
7143,Posgrado,Construcción,Arquitecto/a,21,14300.0,Baja
7144,Básica,Informal,Biólogo/a,53,8500.0,Baja
7145,Básica,Construcción,Enfermero/a,25,8500.0,Baja
7146,Básica,Comercio,Carnicero,58,11700.0,Baja
7147,Básica,Servicios,Bibliotecario/a,45,9000.0,Baja
7148,Posgrado,Gobierno,Vigilante,52,15300.0,Media
7149,Media Superior,Comercio,Herrero,41,18700.0,Media
7150,Media Superior,Manufactura,Programador,41,21700.0,Media
7151,Media Superior,Servicios,Relojero,31,8500.0,Baja
7152,Básica,Gobierno,Sastre,24,8500.0,Baja
7153,Licenciatura,Informal,Cajero,36,8500.0,Baja
7154,Licenciatura,Gobierno,Vendedor,52,22500.0,Media
7155,Básica,Finanzas,Físico/a,56,24000.0,Media
7156,Licenciatura,Servicios,Cajero,39,10700.0,Baja
7157,Licenciatura,Gobierno,Psicoanalista,27,10300.0,Baja
7158,Media Superior,Manufactura,Geógrafo/a,36,8500.0,Baja
7159,Media Superior,Manufactura,Bombero,29,8700.0,Baja
7160,Media Superior,Construcción,Barbero,45,8500.0,Baja
7161,Básica,Informal,Panadero,27,8500.0,Baja
7162,Media Superior,Manufactura,Vendedor,32,8500.0,Baja
7163,Licenciatura,Manufactura,Diseñador/a gráfico,58,33000.0,Media
7164,Media Superior,Manufactura,Jardinero,32,8500.0,Baja
7165,Licenciatura,Servicios,Periodista,54,12500.0,Baja
7166,Básica,Gobierno,Vigilante,28,10000.0,Baja
7167,Básica,Informal,Peluquero,44,8500.0,Baja
7168,Básica,Gobierno,Escultor,54,18500.0,Media
7169,Licenciatura,Manufactura,Lingüista,47,9400.0,Baja
7170,Básica,Comercio,Obrero,31,8500.0,Baja
7171,Licenciatura,Finanzas,Frutero,36,20800.0,Media
7172,Media Superior,Comercio,Actuario/a,47,20100.0,Media
7173,Básica,Comercio,Bibliotecario/a,53,10000.0,Baja
7174,Licenciatura,Manufactura,Desarrollador/a web,24,14100.0,Baja
7175,Media Superior,Informal,Barrendero,28,15100.0,Media
7176,Licenciatura,Gobierno,Carnicero,36,8500.0,Baja
7177,Media Superior,Servicios,Camarero,46,17000.0,Media
7178,Licenciatura,Manufactura,Historiador/a,54,20500.0,Media
7179,Básica,Finanzas,Técnico/a de sonido,45,36800.0,Alta
7180,Licenciatura,Finanzas,Herrero,35,19100.0,Media
7181,Básica,Servicios,Herrero,32,8500.0,Baja
7182,Licenciatura,Manufactura,Jardinero,35,14000.0,Baja
7183,Media Superior,Gobierno,Obrero,47,19700.0,Media
7184,Licenciatura,Manufactura,Obrero,54,21600.0,Media
7185,Media Superior,Servicios,Jardinero,32,10300.0,Baja
7186,Media Superior,Construcción,Lavandero,41,8500.0,Baja
7187,Licenciatura,Gobierno,Paleontólogo/a,25,19000.0,Media
7188,Media Superior,Manufactura,Panadero,57,13500.0,Baja
7189,Media Superior,Construcción,Tornero,37,8500.0,Baja
7190,Licenciatura,Comercio,Albañil,45,12700.0,Baja
7191,Media Superior,Informal,Pastor,50,9200.0,Baja
7192,Media Superior,Informal,Barrendero,38,8500.0,Baja
7193,Licenciatura,Servicios,Lechero,44,18300.0,Media
7194,Básica,Informal,Frutero,39,12400.0,Baja
7195,Media Superior,Finanzas,Lavandero,54,20900.0,Media
7196,Licenciatura,Servicios,Telefonista,28,8500.0,Baja
7197,Posgrado,Comercio,Radiólogo/a,22,11500.0,Baja
7198,Media Superior,Servicios,Relojero,25,13900.0,Baja
7199,Licenciatura,Comercio,Soldador,49,18000.0,Media
7200,Media Superior,Servicios,Camarero,20,8500.0,Baja
7201,Licenciatura,Comercio,Técnico/a de sonido,42,9200.0,Baja
7202,Media Superior,Informal,Zapatero,47,13200.0,Baja
7203,Licenciatura,Servicios,Desarrollador/a web,41,25700.0,Media
7204,Media Superior,Servicios,Químico/a,59,26500.0,Media
7205,Licenciatura,Manufactura,Físico/a,58,23300.0,Media
7206,Media Superior,Finanzas,Paleontólogo/a,55,29500.0,Media
7207,Licenciatura,Manufactura,Zapatero,44,16300.0,Media
7208,Media Superior,Servicios,Físico/a,38,19800.0,Media
7209,Básica,Comercio,Cocinero,56,15900.0,Media
7210,Licenciatura,Informal,Fontanero o plomero,30,11900.0,Baja
7211,Media Superior,Servicios,Peletero,30,19600.0,Media
7212,Licenciatura,Comercio,Fumigador,38,18700.0,Media
7213,Licenciatura,Gobierno,Músico/a,22,8500.0,Baja
7214,Licenciatura,Manufactura,Veterinario/a,29,8500.0,Baja
7215,Posgrado,Finanzas,Bombero,56,30300.0,Media
7216,Licenciatura,Informal,Joyero,31,8500.0,Baja
7217,Licenciatura,Servicios,Meteorólogo/a,30,12600.0,Baja
7218,Licenciatura,Comercio,Bibliotecario/a,47,19800.0,Media
7219,Licenciatura,Finanzas,Farmacólogo/a,48,24500.0,Media
7220,Licenciatura,Servicios,Bombero,21,8500.0,Baja
7221,Licenciatura,Informal,Herrero,29,8900.0,Baja
7222,Licenciatura,Comercio,Desarrollador/a web,48,29600.0,Media
7223,Posgrado,Servicios,Administrador/a,20,8500.0,Baja
7224,Media Superior,Informal,Radiólogo/a,53,13200.0,Baja
7225,Media Superior,Servicios,Telefonista,25,8500.0,Baja
7226,Posgrado,Comercio,Contador/a,32,9300.0,Baja
7227,Licenciatura,Manufactura,Psicoanalista,45,18200.0,Media
7228,Licenciatura,Servicios,Arquitecto/a,47,25100.0,Media
7229,Básica,Gobierno,Traductor/a,22,8500.0,Baja
7230,Básica,Finanzas,Lechero,33,10900.0,Baja
7231,Media Superior,Informal,Frutero,53,12300.0,Baja
7232,Licenciatura,Manufactura,Desarrollador/a web,27,8500.0,Baja
7233,Media Superior,Manufactura,Pintor,41,8500.0,Baja
7234,Licenciatura,Servicios,Psicólogo/a,48,21600.0,Media
7235,Básica,Servicios,Pastor,39,10000.0,Baja
7236,Media Superior,Servicios,Diseñador/a gráfico,37,17000.0,Media
7237,Licenciatura,Finanzas,Economista,28,11000.0,Baja
7238,Licenciatura,Comercio,Enfermero/a,58,22700.0,Media
7239,Licenciatura,Gobierno,Obrero,23,13300.0,Baja
7240,Licenciatura,Construcción,Periodista,20,13300.0,Baja
7241,Básica,Informal,Actuario/a,52,14500.0,Baja
7242,Posgrado,Finanzas,Lavandero,53,29500.0,Media
7243,Licenciatura,Finanzas,Afilador,36,13400.0,Baja
7244,Básica,Finanzas,Kinesiólogo/a,46,13000.0,Baja
7245,Media Superior,Informal,Biólogo/a,56,17200.0,Media
7246,Licenciatura,Servicios,Carpintero,50,25700.0,Media
7247,Licenciatura,Gobierno,Peluquero,52,18200.0,Media
7248,Media Superior,Finanzas,Traductor/a,38,14800.0,Baja
7249,Media Superior,Servicios,Mecánico,39,13100.0,Baja
7250,Media Superior,Manufactura,Óptico,25,8500.0,Baja
7251,Media Superior,Informal,Sastre,23,8500.0,Baja
7252,Media Superior,Gobierno,Apicultor,50,12100.0,Baja
7253,Licenciatura,Servicios,Chofer transportista,53,23900.0,Media
7254,Licenciatura,Finanzas,Biólogo/a,45,18500.0,Media
7255,Básica,Servicios,Imprentero,39,10700.0,Baja
7256,Básica,Finanzas,Abogado/a,35,9700.0,Baja
7257,Licenciatura,Gobierno,Programador,31,11500.0,Baja
7258,Licenciatura,Informal,Frutero,52,18100.0,Media
7259,Básica,Informal,Vendedor,30,8500.0,Baja
7260,Básica,Construcción,Médico/a cirujano/a,46,9900.0,Baja
7261,Básica,Servicios,Ingeniero/a,20,17200.0,Media
7262,Licenciatura,Informal,Animador,57,14700.0,Baja
7263,Licenciatura,Servicios,Actuario/a,27,8500.0,Baja
7264,Básica,Manufactura,Pastor,49,16400.0,Media
7265,Media Superior,Comercio,Historiador/a,48,10100.0,Baja
7266,Licenciatura,Servicios,Carnicero,42,21900.0,Media
7267,Licenciatura,Informal,Peletero,55,15500.0,Media
7268,Básica,Servicios,Lutier,23,10400.0,Baja
7269,Media Superior,Gobierno,Ferretero,43,21700.0,Media
7270,Media Superior,Informal,Desarrollador/a web,57,21500.0,Media
7271,Posgrado,Construcción,Cerrajero,27,8500.0,Baja
7272,Media Superior,Construcción,Vendedor,30,9600.0,Baja
7273,Media Superior,Construcción,Bombero,20,8500.0,Baja
7274,Licenciatura,Informal,Afilador,40,11100.0,Baja
7275,Licenciatura,Manufactura,Agricultor,23,10400.0,Baja
7276,Básica,Servicios,Psicólogo/a,22,8500.0,Baja
7277,Básica,Servicios,Músico/a,27,8500.0,Baja
7278,Básica,Gobierno,Kinesiólogo/a,21,8500.0,Baja
7279,Media Superior,Servicios,Escultor,51,13000.0,Baja
7280,Media Superior,Finanzas,Relojero,43,13600.0,Baja
7281,Media Superior,Manufactura,Mecánico,29,12800.0,Baja
7282,Licenciatura,Gobierno,Historiador/a,47,18000.0,Media
7283,Media Superior,Comercio,Lavandero,20,8500.0,Baja
7284,Posgrado,Finanzas,Peluquero,47,32100.0,Media
7285,Licenciatura,Comercio,Filólogo/a,20,8500.0,Baja
7286,Posgrado,Servicios,Imprentero,20,8500.0,Baja
7287,Licenciatura,Comercio,Médico/a cirujano/a,52,26800.0,Media
7288,Licenciatura,Gobierno,Apicultor,39,9200.0,Baja
7289,Media Superior,Gobierno,Geógrafo/a,21,11500.0,Baja
7290,Licenciatura,Comercio,Arquitecto/a,26,8500.0,Baja
7291,Media Superior,Construcción,Ferretero,29,9700.0,Baja
7292,Básica,Servicios,Psicoanalista,46,17900.0,Media
7293,Básica,Servicios,Guardabosques,50,8500.0,Baja
7294,Básica,Gobierno,Psicoanalista,43,23800.0,Media
7295,Media Superior,Servicios,Contador/a,43,20500.0,Media
7296,Licenciatura,Servicios,Imprentero,51,20100.0,Media
7297,Media Superior,Finanzas,Panadero,36,22300.0,Media
7298,Básica,Servicios,Técnico/a de sonido,27,16600.0,Media
7299,Posgrado,Informal,Contador/a,28,10200.0,Baja
7300,Básica,Comercio,Químico/a,40,8500.0,Baja
7301,Media Superior,Servicios,Pescador,45,8500.0,Baja
7302,Licenciatura,Servicios,Profesor/a,29,17100.0,Media
7303,Posgrado,Manufactura,Guardabosques,43,23000.0,Media
7304,Licenciatura,Manufactura,Radiólogo/a,39,17600.0,Media
7305,Licenciatura,Servicios,Zapatero,26,8500.0,Baja
7306,Media Superior,Comercio,Afilador,38,8500.0,Baja
7307,Posgrado,Comercio,Vigilante,43,8500.0,Baja
7308,Media Superior,Informal,Lavandero,34,14100.0,Baja
7309,Licenciatura,Gobierno,Sastre,39,17300.0,Media
7310,Licenciatura,Manufactura,Soldador,50,22300.0,Media
7311,Básica,Finanzas,Escultor,51,16900.0,Media
7312,Media Superior,Informal,Frutero,22,11900.0,Baja
7313,Posgrado,Construcción,Panadero,48,16600.0,Media
7314,Básica,Comercio,Peletero,44,9800.0,Baja
7315,Licenciatura,Finanzas,Químico/a,34,19800.0,Media
7316,Media Superior,Construcción,Herrero,25,8500.0,Baja
7317,Licenciatura,Manufactura,Cajero,33,8600.0,Baja
7318,Posgrado,Gobierno,Mecánico,28,10400.0,Baja
7319,Media Superior,Manufactura,Periodista,24,9000.0,Baja
7320,Media Superior,Servicios,Bombero,51,16200.0,Media
7321,Media Superior,Comercio,Historiador/a,43,8500.0,Baja
7322,Media Superior,Finanzas,Periodista,52,13400.0,Baja
7323,Licenciatura,Construcción,Fumigador,34,17500.0,Media
7324,Licenciatura,Finanzas,Ingeniero/a,42,23000.0,Media
7325,Media Superior,Finanzas,Contador/a,53,16100.0,Media
7326,Posgrado,Servicios,Lavandero,22,8500.0,Baja
7327,Licenciatura,Servicios,Tornero,35,10700.0,Baja
7328,Licenciatura,Servicios,Actuario/a,49,27200.0,Media
7329,Licenciatura,Informal,Lutier,21,8500.0,Baja
7330,Media Superior,Gobierno,Peletero,25,14000.0,Baja
7331,Licenciatura,Servicios,Barbero,38,9300.0,Baja
7332,Media Superior,Gobierno,Fontanero o plomero,49,18100.0,Media
7333,Posgrado,Finanzas,Geógrafo/a,47,19600.0,Media
7334,Media Superior,Construcción,Lutier,34,23800.0,Media
7335,Media Superior,Finanzas,Economista,53,9400.0,Baja
7336,Media Superior,Construcción,Bibliotecario/a,42,19700.0,Media
7337,Básica,Comercio,Contador/a,43,8500.0,Baja
7338,Licenciatura,Manufactura,Desarrollador/a web,36,19000.0,Media
7339,Media Superior,Informal,Físico/a,59,21100.0,Media
7340,Media Superior,Gobierno,Óptico,50,15600.0,Media
7341,Licenciatura,Comercio,Telefonista,33,12500.0,Baja
7342,Media Superior,Comercio,Ferretero,21,9400.0,Baja
7343,Licenciatura,Finanzas,Tornero,43,23000.0,Media
7344,Licenciatura,Servicios,Relojero,47,16100.0,Media
7345,Licenciatura,Informal,Geógrafo/a,45,12500.0,Baja
7346,Licenciatura,Servicios,Afilador,59,26600.0,Media
7347,Licenciatura,Comercio,Cerrajero,33,8500.0,Baja
7348,Media Superior,Manufactura,Sastre,45,12000.0,Baja
7349,Posgrado,Comercio,Psicoanalista,35,18900.0,Media
7350,Licenciatura,Servicios,Cocinero,37,8500.0,Baja
7351,Licenciatura,Informal,Fumigador,37,14600.0,Baja
7352,Licenciatura,Informal,Repartidor,51,10000.0,Baja
7353,Básica,Informal,Psicólogo/a,58,19100.0,Media
7354,Media Superior,Comercio,Zapatero,38,8500.0,Baja
7355,Licenciatura,Comercio,Diseñador/a gráfico,59,34200.0,Media
7356,Media Superior,Gobierno,Kinesiólogo/a,43,20800.0,Media
7357,Básica,Manufactura,Ingeniero/a,48,12200.0,Baja
7358,Posgrado,Servicios,Albañil,44,15600.0,Media
7359,Media Superior,Manufactura,Ferretero,27,8500.0,Baja
7360,Básica,Servicios,Economista,47,20000.0,Media
7361,Licenciatura,Construcción,Maestro,24,8500.0,Baja
7362,Media Superior,Gobierno,Economista,36,9100.0,Baja
7363,Media Superior,Manufactura,Agricultor,50,8500.0,Baja
7364,Posgrado,Informal,Geógrafo/a,53,21400.0,Media
7365,Media Superior,Comercio,Psicoanalista,43,21100.0,Media
7366,Media Superior,Comercio,Peletero,21,8500.0,Baja
7367,Media Superior,Gobierno,Leñador,29,18300.0,Media
7368,Media Superior,Comercio,Médico/a cirujano/a,55,24600.0,Media
7369,Licenciatura,Servicios,Vendedor,53,13800.0,Baja
7370,Media Superior,Manufactura,Panadero,33,17100.0,Media
7371,Media Superior,Finanzas,Leñador,32,8500.0,Baja
7372,Básica,Manufactura,Actuario/a,50,23500.0,Media
7373,Posgrado,Gobierno,Carnicero,26,13600.0,Baja
7374,Licenciatura,Gobierno,Óptico,23,8500.0,Baja
7375,Media Superior,Manufactura,Herrero,57,17700.0,Media
7376,Media Superior,Gobierno,Lechero,48,16500.0,Media
7377,Posgrado,Comercio,Guardabosques,29,8900.0,Baja
7378,Básica,Manufactura,Fumigador,57,8500.0,Baja
7379,Licenciatura,Finanzas,Sastre,45,19900.0,Media
7380,Media Superior,Comercio,Cocinero,41,14100.0,Baja
7381,Licenciatura,Servicios,Escultor,27,8500.0,Baja
7382,Posgrado,Comercio,Repartidor,41,18200.0,Media
7383,Posgrado,Gobierno,Economista,49,26400.0,Media
7384,Básica,Finanzas,Kinesiólogo/a,43,20900.0,Media
7385,Media Superior,Servicios,Soldador,57,14700.0,Baja
7386,Media Superior,Informal,Peluquero,22,8500.0,Baja
7387,Licenciatura,Informal,Fontanero o plomero,22,8500.0,Baja
7388,Media Superior,Comercio,Administrador/a,44,8500.0,Baja
7389,Básica,Servicios,Camarero,53,13800.0,Baja
7390,Licenciatura,Informal,Actuario/a,40,26900.0,Media
7391,Básica,Informal,Enfermero/a,45,14900.0,Baja
7392,Licenciatura,Informal,Joyero,25,8500.0,Baja
7393,Media Superior,Gobierno,Carnicero,48,15100.0,Media
7394,Básica,Comercio,Escultor,55,8500.0,Baja
7395,Licenciatura,Manufactura,Chofer transportista,58,14800.0,Baja
7396,Media Superior,Manufactura,Diseñador/a gráfico,25,21700.0,Media
7397,Licenciatura,Informal,Camarero,49,17600.0,Media
7398,Licenciatura,Manufactura,Técnico/a de sonido,48,26900.0,Media
7399,Básica,Construcción,Animador,28,8500.0,Baja
7400,Básica,Finanzas,Filólogo/a,46,19700.0,Media
7401,Licenciatura,Manufactura,Apicultor,53,10300.0,Baja
7402,Licenciatura,Manufactura,Economista,40,11600.0,Baja
7403,Posgrado,Informal,Historiador/a,54,16200.0,Media
7404,Media Superior,Comercio,Fontanero o plomero,24,8500.0,Baja
7405,Media Superior,Servicios,Vigilante,57,15800.0,Media
7406,Media Superior,Informal,Farmacólogo/a,50,8500.0,Baja
7407,Básica,Servicios,Abogado/a,31,10900.0,Baja
7408,Licenciatura,Comercio,Agricultor,27,8500.0,Baja
7409,Media Superior,Construcción,Matemático/a,42,8500.0,Baja
7410,Básica,Informal,Pescador,59,17600.0,Media
7411,Licenciatura,Servicios,Óptico,28,14300.0,Baja
7412,Licenciatura,Comercio,Vendedor,53,10900.0,Baja
7413,Licenciatura,Informal,Paleontólogo/a,45,18400.0,Media
7414,Media Superior,Manufactura,Joyero,26,15200.0,Media
7415,Media Superior,Finanzas,Albañil,33,8500.0,Baja
7416,Licenciatura,Finanzas,Pescador,53,21800.0,Media
7417,Licenciatura,Servicios,Barbero,29,9500.0,Baja
7418,Básica,Servicios,Joyero,27,8500.0,Baja
7419,Posgrado,Servicios,Repartidor,54,18900.0,Media
7420,Media Superior,Comercio,Cerrajero,48,17600.0,Media
7421,Licenciatura,Servicios,Bombero,38,21000.0,Media
7422,Licenciatura,Servicios,Psicólogo/a,44,20800.0,Media
7423,Media Superior,Manufactura,Repartidor,47,13000.0,Baja
7424,Licenciatura,Servicios,Relojero,26,8500.0,Baja
7425,Básica,Manufactura,Obrero,49,8500.0,Baja
7426,Licenciatura,Informal,Maestro,26,8500.0,Baja
7427,Media Superior,Finanzas,Fumigador,32,13400.0,Baja
7428,Media Superior,Gobierno,Lechero,55,18500.0,Media
7429,Posgrado,Servicios,Meteorólogo/a,29,11700.0,Baja
7430,Licenciatura,Informal,Filólogo/a,56,28900.0,Media
7431,Licenciatura,Manufactura,Geógrafo/a,44,14700.0,Baja
7432,Licenciatura,Gobierno,Cerrajero,33,9000.0,Baja
7433,Licenciatura,Manufactura,Mecánico,44,18800.0,Media
7434,Media Superior,Gobierno,Filólogo/a,42,14900.0,Baja
7435,Básica,Construcción,Kinesiólogo/a,48,14000.0,Baja
7436,Licenciatura,Comercio,Actuario/a,44,15400.0,Media
7437,Licenciatura,Comercio,Animador,21,17200.0,Media
7438,Posgrado,Manufactura,Administrador/a,47,27200.0,Media
7439,Licenciatura,Servicios,Diseñador/a gráfico,25,13000.0,Baja
7440,Licenciatura,Gobierno,Veterinario/a,26,10300.0,Baja
7441,Básica,Servicios,Camarero,33,8500.0,Baja
7442,Media Superior,Manufactura,Lutier,55,13800.0,Baja
7443,Media Superior,Informal,Panadero,53,18900.0,Media
7444,Básica,Servicios,Frutero,48,8900.0,Baja
7445,Licenciatura,Comercio,Psicoanalista,37,12800.0,Baja
7446,Licenciatura,Gobierno,Maestro,21,11600.0,Baja
7447,Licenciatura,Informal,Economista,52,25500.0,Media
7448,Media Superior,Manufactura,Kinesiólogo/a,20,8500.0,Baja
7449,Básica,Informal,Lingüista,23,8500.0,Baja
7450,Posgrado,Manufactura,Químico/a,54,33000.0,Media
7451,Posgrado,Informal,Telefonista,46,23900.0,Media
7452,Posgrado,Servicios,Profesor/a,27,18200.0,Media
7453,Licenciatura,Comercio,Bibliotecario/a,38,19700.0,Media
7454,Licenciatura,Informal,Geógrafo/a,26,8500.0,Baja
7455,Posgrado,Construcción,Camarero,29,8500.0,Baja
7456,Posgrado,Gobierno,Chofer transportista,31,13200.0,Baja
7457,Posgrado,Comercio,Peletero,23,8500.0,Baja
7458,Licenciatura,Informal,Cerrajero,35,12900.0,Baja
7459,Básica,Finanzas,Sastre,55,23500.0,Media
7460,Media Superior,Manufactura,Telefonista,25,8500.0,Baja
7461,Básica,Manufactura,Radiólogo/a,29,12000.0,Baja
7462,Media Superior,Finanzas,Meteorólogo/a,53,17400.0,Media
7463,Posgrado,Gobierno,Soldador,44,15100.0,Media
7464,Básica,Informal,Pintor,34,9200.0,Baja
7465,Licenciatura,Manufactura,Soldador,31,9300.0,Baja
7466,Licenciatura,Gobierno,Óptico,23,8500.0,Baja
7467,Licenciatura,Servicios,Periodista,41,14300.0,Baja
7468,Media Superior,Informal,Afilador,44,15200.0,Media
7469,Licenciatura,Gobierno,Agricultor,44,16200.0,Media
7470,Licenciatura,Construcción,Matemático/a,34,8500.0,Baja
7471,Posgrado,Comercio,Panadero,40,19000.0,Media
7472,Básica,Informal,Agricultor,21,8500.0,Baja
7473,Media Superior,Comercio,Albañil,58,16000.0,Media
7474,Básica,Servicios,Paleontólogo/a,22,16300.0,Media
7475,Licenciatura,Servicios,Bibliotecario/a,37,15200.0,Media
7476,Media Superior,Servicios,Abogado/a,45,21000.0,Media
7477,Licenciatura,Gobierno,Cocinero,43,16400.0,Media
7478,Licenciatura,Gobierno,Químico/a,33,13000.0,Baja
7479,Licenciatura,Gobierno,Joyero,39,12400.0,Baja
7480,Media Superior,Manufactura,Óptico,37,22000.0,Media
7481,Licenciatura,Informal,Barbero,29,12500.0,Baja
7482,Licenciatura,Manufactura,Telefonista,30,17500.0,Media
7483,Básica,Informal,Psicoanalista,52,15100.0,Media
7484,Licenciatura,Gobierno,Psicólogo/a,33,18900.0,Media
7485,Media Superior,Servicios,Farmacólogo/a,38,11400.0,Baja
7486,Posgrado,Informal,Biólogo/a,51,15800.0,Media
7487,Posgrado,Servicios,Zapatero,26,20500.0,Media
7488,Licenciatura,Comercio,Peletero,31,8500.0,Baja
7489,Media Superior,Construcción,Peluquero,55,23700.0,Media
7490,Posgrado,Informal,Artesano,27,8500.0,Baja
7491,Licenciatura,Comercio,Vendedor,47,21000.0,Media
7492,Básica,Gobierno,Panadero,20,8500.0,Baja
7493,Media Superior,Construcción,Fumigador,37,14400.0,Baja
7494,Básica,Gobierno,Lavandero,46,10200.0,Baja
7495,Básica,Manufactura,Contador/a,23,8500.0,Baja
7496,Licenciatura,Manufactura,Desarrollador/a web,30,24800.0,Media
7497,Media Superior,Gobierno,Escritor,43,10300.0,Baja
7498,Media Superior,Finanzas,Afilador,32,12200.0,Baja
7499,Licenciatura,Manufactura,Desarrollador/a web,35,21200.0,Media
7500,Media Superior,Servicios,Meteorólogo/a,39,17500.0,Media
7501,Posgrado,Gobierno,Geógrafo/a,24,14700.0,Baja
7502,Básica,Construcción,Radiólogo/a,56,17200.0,Media
7503,Básica,Finanzas,Ingeniero/a,50,23800.0,Media
7504,Licenciatura,Gobierno,Jardinero,57,27100.0,Media
7505,Licenciatura,Manufactura,Cocinero,29,12600.0,Baja
7506,Media Superior,Finanzas,Vigilante,42,13000.0,Baja
7507,Media Superior,Gobierno,Vendedor,37,13100.0,Baja
7508,Licenciatura,Manufactura,Lechero,20,8500.0,Baja
7509,Licenciatura,Comercio,Mecánico,35,10800.0,Baja
7510,Media Superior,Manufactura,Lavandero,21,9300.0,Baja
7511,Posgrado,Informal,Fontanero o plomero,36,13200.0,Baja
7512,Básica,Servicios,Artesano,33,8500.0,Baja
7513,Posgrado,Finanzas,Óptico,30,22000.0,Media
7514,Posgrado,Servicios,Panadero,25,14500.0,Baja
7515,Licenciatura,Construcción,Lavandero,27,11800.0,Baja
7516,Licenciatura,Gobierno,Kinesiólogo/a,34,12200.0,Baja
7517,Básica,Gobierno,Actuario/a,48,24200.0,Media
7518,Media Superior,Comercio,Agricultor,51,18400.0,Media
7519,Media Superior,Manufactura,Médico/a cirujano/a,48,36800.0,Alta
7520,Básica,Servicios,Pintor,46,13900.0,Baja
7521,Media Superior,Gobierno,Imprentero,22,8500.0,Baja
7522,Media Superior,Manufactura,Ingeniero/a,31,13200.0,Baja
7523,Licenciatura,Finanzas,Fumigador,24,10900.0,Baja
7524,Media Superior,Comercio,Albañil,21,8500.0,Baja
7525,Licenciatura,Construcción,Filólogo/a,51,14400.0,Baja
7526,Básica,Gobierno,Contador/a,25,8500.0,Baja
7527,Básica,Construcción,Frutero,58,14300.0,Baja
7528,Media Superior,Manufactura,Artesano,47,8500.0,Baja
7529,Licenciatura,Gobierno,Obrero,58,33000.0,Media
7530,Posgrado,Construcción,Diseñador/a gráfico,28,19100.0,Media
7531,Media Superior,Comercio,Joyero,26,8500.0,Baja
7532,Posgrado,Construcción,Tornero,23,8500.0,Baja
7533,Media Superior,Informal,Pescador,31,9900.0,Baja
7534,Licenciatura,Comercio,Farmacólogo/a,45,17200.0,Media
7535,Licenciatura,Servicios,Desarrollador/a web,23,12700.0,Baja
7536,Licenciatura,Comercio,Carnicero,24,8500.0,Baja
7537,Licenciatura,Informal,Físico/a,25,14600.0,Baja
7538,Posgrado,Comercio,Desarrollador/a web,22,12600.0,Baja
7539,Licenciatura,Comercio,Bibliotecario/a,45,12600.0,Baja
7540,Media Superior,Comercio,Farmacólogo/a,33,10500.0,Baja
7541,Media Superior,Gobierno,Joyero,38,16700.0,Media
7542,Posgrado,Manufactura,Traductor/a,36,21500.0,Media
7543,Básica,Manufactura,Pastor,42,11000.0,Baja
7544,Media Superior,Construcción,Pescador,25,13900.0,Baja
7545,Media Superior,Servicios,Escritor,31,10000.0,Baja
7546,Básica,Gobierno,Soldador,43,9100.0,Baja
7547,Media Superior,Informal,Traductor/a,35,8600.0,Baja
7548,Licenciatura,Informal,Fontanero o plomero,42,14400.0,Baja
7549,Licenciatura,Construcción,Químico/a,37,25700.0,Media
7550,Posgrado,Construcción,Fumigador,48,20300.0,Media
7551,Media Superior,Informal,Médico/a cirujano/a,59,12800.0,Baja
7552,Media Superior,Construcción,Matemático/a,58,19100.0,Media
7553,Básica,Construcción,Historiador/a,33,11700.0,Baja
7554,Básica,Manufactura,Vendedor,47,15400.0,Media
7555,Básica,Gobierno,Pintor,30,9300.0,Baja
7556,Licenciatura,Informal,Agricultor,26,8500.0,Baja
7557,Básica,Gobierno,Bombero,44,8500.0,Baja
7558,Licenciatura,Construcción,Animador,42,11700.0,Baja
7559,Básica,Finanzas,Periodista,35,8500.0,Baja
7560,Licenciatura,Gobierno,Joyero,28,20700.0,Media
7561,Media Superior,Comercio,Administrador/a,35,16900.0,Media
7562,Licenciatura,Informal,Biólogo/a,41,8500.0,Baja
7563,Básica,Comercio,Leñador,36,12600.0,Baja
7564,Media Superior,Servicios,Matemático/a,39,11000.0,Baja
7565,Licenciatura,Gobierno,Desarrollador/a web,33,13900.0,Baja
7566,Licenciatura,Informal,Lingüista,21,8500.0,Baja
7567,Licenciatura,Servicios,Panadero,53,18200.0,Media
7568,Media Superior,Manufactura,Vendedor,50,14900.0,Baja
7569,Licenciatura,Informal,Administrador/a,31,10700.0,Baja
7570,Licenciatura,Construcción,Traductor/a,51,22500.0,Media
7571,Licenciatura,Comercio,Programador,56,17100.0,Media
7572,Licenciatura,Servicios,Pescador,46,16600.0,Media
7573,Media Superior,Construcción,Jardinero,46,8500.0,Baja
7574,Básica,Manufactura,Panadero,21,8500.0,Baja
7575,Licenciatura,Informal,Peluquero,39,11700.0,Baja
7576,Media Superior,Servicios,Psicólogo/a,27,10100.0,Baja
7577,Básica,Construcción,Técnico/a de sonido,52,8500.0,Baja
7578,Licenciatura,Gobierno,Economista,48,22300.0,Media
7579,Licenciatura,Manufactura,Enfermero/a,23,8500.0,Baja
7580,Licenciatura,Gobierno,Sastre,43,18400.0,Media
7581,Media Superior,Manufactura,Radiólogo/a,33,8500.0,Baja
7582,Básica,Gobierno,Cajero,53,9500.0,Baja
7583,Posgrado,Informal,Jardinero,28,10100.0,Baja
7584,Posgrado,Manufactura,Escritor,26,17300.0,Media
7585,Posgrado,Gobierno,Mecánico,20,10200.0,Baja
7586,Posgrado,Servicios,Fumigador,22,10200.0,Baja
7587,Media Superior,Informal,Pintor,26,8500.0,Baja
7588,Media Superior,Finanzas,Escritor,33,15100.0,Media
7589,Básica,Gobierno,Lavandero,54,12300.0,Baja
7590,Licenciatura,Gobierno,Camarero,44,21900.0,Media
7591,Media Superior,Manufactura,Químico/a,45,23400.0,Media
7592,Media Superior,Manufactura,Físico/a,24,8700.0,Baja
7593,Media Superior,Construcción,Lechero,24,18700.0,Media
7594,Licenciatura,Manufactura,Pescador,55,13300.0,Baja
7595,Posgrado,Comercio,Físico/a,25,20700.0,Media
7596,Licenciatura,Servicios,Vendedor,59,16300.0,Media
7597,Básica,Servicios,Maestro,39,10300.0,Baja
7598,Básica,Manufactura,Cocinero,45,14200.0,Baja
7599,Posgrado,Informal,Cocinero,51,19000.0,Media
7600,Básica,Manufactura,Soldador,32,8500.0,Baja
7601,Media Superior,Comercio,Pescador,40,12000.0,Baja
7602,Posgrado,Finanzas,Arquitecto/a,49,38500.0,Alta
7603,Media Superior,Gobierno,Físico/a,58,36100.0,Alta
7604,Básica,Comercio,Enfermero/a,33,12900.0,Baja
7605,Media Superior,Manufactura,Geógrafo/a,49,18800.0,Media
7606,Licenciatura,Construcción,Telefonista,38,8500.0,Baja
7607,Media Superior,Manufactura,Biólogo/a,58,28100.0,Media
7608,Media Superior,Informal,Músico/a,21,15500.0,Media
7609,Básica,Manufactura,Obrero,56,13100.0,Baja
7610,Media Superior,Comercio,Apicultor,52,11100.0,Baja
7611,Básica,Comercio,Pintor,52,12100.0,Baja
7612,Licenciatura,Gobierno,Tornero,50,22300.0,Media
7613,Licenciatura,Finanzas,Lavandero,45,23600.0,Media
7614,Posgrado,Informal,Chofer transportista,52,9100.0,Baja
7615,Posgrado,Informal,Leñador,42,8500.0,Baja
7616,Licenciatura,Comercio,Chofer transportista,40,11500.0,Baja
7617,Licenciatura,Gobierno,Lingüista,29,20600.0,Media
7618,Básica,Servicios,Tornero,22,10900.0,Baja
7619,Licenciatura,Comercio,Cajero,51,15200.0,Media
7620,Básica,Informal,Físico/a,33,12000.0,Baja
7621,Posgrado,Comercio,Músico/a,57,19300.0,Media
7622,Media Superior,Informal,Matemático/a,54,13900.0,Baja
7623,Básica,Servicios,Veterinario/a,40,25300.0,Media
7624,Básica,Comercio,Relojero,51,13600.0,Baja
7625,Licenciatura,Gobierno,Chofer transportista,52,13100.0,Baja
7626,Media Superior,Finanzas,Actuario/a,23,9500.0,Baja
7627,Básica,Servicios,Lingüista,32,12400.0,Baja
7628,Licenciatura,Manufactura,Soldador,39,11500.0,Baja
7629,Media Superior,Servicios,Veterinario/a,26,14600.0,Baja
7630,Media Superior,Finanzas,Desarrollador/a web,55,23100.0,Media
7631,Básica,Servicios,Escritor,47,11200.0,Baja
7632,Básica,Gobierno,Meteorólogo/a,44,8500.0,Baja
7633,Media Superior,Informal,Fumigador,56,16200.0,Media
7634,Licenciatura,Servicios,Carnicero,53,25700.0,Media
7635,Licenciatura,Gobierno,Animador,41,17500.0,Media
7636,Básica,Construcción,Peletero,53,8500.0,Baja
7637,Licenciatura,Servicios,Abogado/a,23,18700.0,Media
7638,Licenciatura,Servicios,Tornero,50,14500.0,Baja
7639,Básica,Informal,Radiólogo/a,41,16000.0,Media
7640,Media Superior,Servicios,Leñador,58,19500.0,Media
7641,Licenciatura,Comercio,Vendedor,33,8700.0,Baja
7642,Licenciatura,Construcción,Ferretero,41,8500.0,Baja
7643,Media Superior,Finanzas,Diseñador/a gráfico,48,21800.0,Media
7644,Licenciatura,Comercio,Carnicero,53,19700.0,Media
7645,Posgrado,Servicios,Imprentero,50,29800.0,Media
7646,Básica,Servicios,Frutero,48,17200.0,Media
7647,Media Superior,Informal,Enfermero/a,51,22100.0,Media
7648,Básica,Manufactura,Técnico/a de sonido,40,14900.0,Baja
7649,Licenciatura,Manufactura,Leñador,57,16500.0,Media
7650,Básica,Manufactura,Lavandero,40,15600.0,Media
7651,Básica,Comercio,Técnico/a de sonido,25,8600.0,Baja
7652,Licenciatura,Informal,Camarero,34,9800.0,Baja
7653,Licenciatura,Informal,Sastre,25,8500.0,Baja
7654,Posgrado,Servicios,Zapatero,37,15300.0,Media
7655,Media Superior,Comercio,Pescador,40,11900.0,Baja
7656,Posgrado,Informal,Enfermero/a,29,17500.0,Media
7657,Media Superior,Informal,Sastre,54,24400.0,Media
7658,Licenciatura,Gobierno,Soldador,25,8500.0,Baja
7659,Media Superior,Servicios,Vigilante,42,14600.0,Baja
7660,Licenciatura,Gobierno,Historiador/a,51,19200.0,Media
7661,Licenciatura,Servicios,Repartidor,34,8500.0,Baja
7662,Licenciatura,Comercio,Matemático/a,22,8700.0,Baja
7663,Media Superior,Servicios,Psicoanalista,24,8500.0,Baja
7664,Licenciatura,Construcción,Biólogo/a,25,10700.0,Baja
7665,Básica,Gobierno,Maestro,29,8700.0,Baja
7666,Media Superior,Gobierno,Diseñador/a gráfico,59,30400.0,Media
7667,Media Superior,Manufactura,Ingeniero/a,33,9800.0,Baja
7668,Media Superior,Comercio,Artesano,31,8500.0,Baja
7669,Licenciatura,Servicios,Lingüista,39,23700.0,Media
7670,Licenciatura,Manufactura,Relojero,50,8500.0,Baja
7671,Licenciatura,Informal,Psicoanalista,22,8500.0,Baja
7672,Media Superior,Construcción,Lechero,53,8500.0,Baja
7673,Básica,Manufactura,Zapatero,25,8500.0,Baja
7674,Licenciatura,Finanzas,Paleontólogo/a,54,32600.0,Media
7675,Posgrado,Servicios,Psicoanalista,28,15600.0,Media
7676,Media Superior,Gobierno,Médico/a cirujano/a,55,27500.0,Media
7677,Licenciatura,Comercio,Bibliotecario/a,28,12000.0,Baja
7678,Licenciatura,Manufactura,Pescador,20,8500.0,Baja
7679,Básica,Comercio,Agricultor,53,9500.0,Baja
7680,Media Superior,Servicios,Enfermero/a,52,9800.0,Baja
7681,Posgrado,Gobierno,Afilador,21,9600.0,Baja
7682,Media Superior,Finanzas,Radiólogo/a,31,8900.0,Baja
7683,Básica,Informal,Carpintero,39,13900.0,Baja
7684,Básica,Servicios,Herrero,29,8500.0,Baja
7685,Licenciatura,Construcción,Radiólogo/a,50,13300.0,Baja
7686,Licenciatura,Manufactura,Actuario/a,34,23400.0,Media
7687,Licenciatura,Servicios,Fumigador,43,27800.0,Media
7688,Básica,Informal,Repartidor,30,10500.0,Baja
7689,Media Superior,Comercio,Leñador,50,8500.0,Baja
7690,Licenciatura,Informal,Matemático/a,34,8500.0,Baja
7691,Media Superior,Comercio,Músico/a,26,8500.0,Baja
7692,Licenciatura,Construcción,Lutier,51,17500.0,Media
7693,Media Superior,Gobierno,Psicoanalista,48,17100.0,Media
7694,Licenciatura,Manufactura,Enfermero/a,38,16100.0,Media
7695,Media Superior,Manufactura,Barrendero,47,11100.0,Baja
7696,Media Superior,Servicios,Jardinero,49,14000.0,Baja
7697,Media Superior,Servicios,Enfermero/a,58,32000.0,Media
7698,Media Superior,Gobierno,Kinesiólogo/a,21,8500.0,Baja
7699,Posgrado,Comercio,Traductor/a,48,20100.0,Media
7700,Básica,Construcción,Técnico/a de sonido,22,8500.0,Baja
7701,Media Superior,Gobierno,Paleontólogo/a,42,17000.0,Media
7702,Licenciatura,Servicios,Economista,34,8500.0,Baja
7703,Licenciatura,Servicios,Repartidor,46,15800.0,Media
7704,Básica,Gobierno,Actuario/a,31,18300.0,Media
7705,Básica,Comercio,Óptico,51,16900.0,Media
7706,Licenciatura,Comercio,Ingeniero/a,56,31400.0,Media
7707,Posgrado,Servicios,Peluquero,26,8800.0,Baja
7708,Licenciatura,Construcción,Geógrafo/a,45,17000.0,Media
7709,Licenciatura,Servicios,Geógrafo/a,54,25800.0,Media
7710,Licenciatura,Comercio,Escritor,42,8500.0,Baja
7711,Licenciatura,Manufactura,Soldador,45,15200.0,Media
7712,Básica,Comercio,Barbero,21,8500.0,Baja
7713,Licenciatura,Servicios,Escultor,28,10000.0,Baja
7714,Licenciatura,Finanzas,Barbero,43,17000.0,Media
7715,Media Superior,Comercio,Administrador/a,43,14700.0,Baja
7716,Media Superior,Gobierno,Carpintero,39,12600.0,Baja
7717,Licenciatura,Informal,Tornero,39,8500.0,Baja
7718,Licenciatura,Comercio,Sastre,41,22500.0,Media
7719,Media Superior,Construcción,Vendedor,54,11300.0,Baja
7720,Licenciatura,Gobierno,Psicoanalista,58,27000.0,Media
7721,Posgrado,Construcción,Apicultor,46,29300.0,Media
7722,Licenciatura,Servicios,Cocinero,31,11700.0,Baja
7723,Licenciatura,Manufactura,Bibliotecario/a,22,17300.0,Media
7724,Media Superior,Finanzas,Farmacólogo/a,54,21600.0,Media
7725,Licenciatura,Construcción,Cocinero,54,32300.0,Media
7726,Media Superior,Servicios,Obrero,37,8500.0,Baja
7727,Básica,Comercio,Panadero,26,8500.0,Baja
7728,Básica,Gobierno,Panadero,42,8500.0,Baja
7729,Licenciatura,Servicios,Historiador/a,36,15000.0,Media
7730,Licenciatura,Servicios,Cocinero,31,21000.0,Media
7731,Media Superior,Construcción,Economista,47,16200.0,Media
7732,Media Superior,Informal,Enfermero/a,38,9500.0,Baja
7733,Licenciatura,Servicios,Jardinero,38,19800.0,Media
7734,Media Superior,Gobierno,Albañil,30,8500.0,Baja
7735,Licenciatura,Servicios,Mecánico,52,22000.0,Media
7736,Media Superior,Manufactura,Agricultor,20,21700.0,Media
7737,Licenciatura,Gobierno,Herrero,39,19200.0,Media
7738,Media Superior,Servicios,Biólogo/a,37,10400.0,Baja
7739,Media Superior,Manufactura,Carnicero,47,15000.0,Media
7740,Licenciatura,Manufactura,Animador,52,14100.0,Baja
7741,Básica,Servicios,Ferretero,57,14000.0,Baja
7742,Licenciatura,Informal,Filólogo/a,20,8500.0,Baja
7743,Media Superior,Servicios,Sastre,49,15000.0,Media
7744,Media Superior,Manufactura,Peletero,36,17100.0,Media
7745,Licenciatura,Comercio,Paleontólogo/a,46,24700.0,Media
7746,Media Superior,Gobierno,Arquitecto/a,34,22400.0,Media
7747,Licenciatura,Finanzas,Matemático/a,22,10300.0,Baja
7748,Media Superior,Comercio,Relojero,20,8500.0,Baja
7749,Básica,Manufactura,Tornero,54,10200.0,Baja
7750,Media Superior,Gobierno,Guardabosques,48,15300.0,Media
7751,Licenciatura,Comercio,Pintor,51,19500.0,Media
7752,Licenciatura,Manufactura,Médico/a cirujano/a,39,26500.0,Media
7753,Licenciatura,Comercio,Psicoanalista,57,29000.0,Media
7754,Licenciatura,Servicios,Repartidor,31,18300.0,Media
7755,Licenciatura,Servicios,Pintor,47,13700.0,Baja
7756,Media Superior,Servicios,Joyero,21,8500.0,Baja
7757,Media Superior,Construcción,Físico/a,22,18000.0,Media
7758,Media Superior,Servicios,Afilador,59,8500.0,Baja
7759,Licenciatura,Gobierno,Escultor,46,22900.0,Media
7760,Media Superior,Comercio,Lechero,44,12800.0,Baja
7761,Licenciatura,Manufactura,Cocinero,58,23300.0,Media
7762,Licenciatura,Gobierno,Barbero,32,17300.0,Media
7763,Básica,Manufactura,Ferretero,39,14500.0,Baja
7764,Básica,Manufactura,Bombero,22,14000.0,Baja
7765,Media Superior,Construcción,Ingeniero/a,23,8500.0,Baja
7766,Licenciatura,Comercio,Agricultor,34,19100.0,Media
7767,Media Superior,Servicios,Pintor,30,10800.0,Baja
7768,Media Superior,Gobierno,Actuario/a,50,28900.0,Media
7769,Licenciatura,Gobierno,Vigilante,38,22100.0,Media
7770,Básica,Manufactura,Escultor,26,8500.0,Baja
7771,Media Superior,Gobierno,Pastor,49,15800.0,Media
7772,Posgrado,Gobierno,Lechero,50,19100.0,Media
7773,Licenciatura,Finanzas,Soldador,31,13500.0,Baja
7774,Licenciatura,Informal,Psicoanalista,45,25700.0,Media
7775,Posgrado,Finanzas,Albañil,51,34100.0,Media
7776,Básica,Finanzas,Diseñador/a gráfico,33,11800.0,Baja
7777,Posgrado,Servicios,Soldador,26,11900.0,Baja
7778,Licenciatura,Informal,Camarero,39,8500.0,Baja
7779,Media Superior,Finanzas,Profesor/a,27,15400.0,Media
7780,Media Superior,Comercio,Administrador/a,41,8500.0,Baja
7781,Media Superior,Gobierno,Meteorólogo/a,34,20600.0,Media
7782,Licenciatura,Gobierno,Cajero,47,23800.0,Media
7783,Básica,Servicios,Historiador/a,53,11400.0,Baja
7784,Básica,Construcción,Sastre,31,8500.0,Baja
7785,Media Superior,Manufactura,Fontanero o plomero,41,18700.0,Media
7786,Licenciatura,Finanzas,Escritor,21,8500.0,Baja
7787,Licenciatura,Construcción,Agricultor,23,10000.0,Baja
7788,Media Superior,Comercio,Pintor,30,10500.0,Baja
7789,Licenciatura,Informal,Zapatero,36,8600.0,Baja
7790,Posgrado,Manufactura,Meteorólogo/a,24,8500.0,Baja
7791,Posgrado,Comercio,Vigilante,51,21800.0,Media
7792,Media Superior,Informal,Frutero,21,8500.0,Baja
7793,Licenciatura,Comercio,Actuario/a,39,8500.0,Baja
7794,Básica,Manufactura,Barrendero,55,20200.0,Media
7795,Licenciatura,Gobierno,Contador/a,33,12700.0,Baja
7796,Posgrado,Construcción,Zapatero,35,13100.0,Baja
7797,Básica,Comercio,Carnicero,43,13800.0,Baja
7798,Posgrado,Comercio,Barrendero,24,19600.0,Media
7799,Licenciatura,Comercio,Escritor,50,13800.0,Baja
7800,Básica,Informal,Lingüista,27,8500.0,Baja
7801,Media Superior,Informal,Vigilante,22,10400.0,Baja
7802,Licenciatura,Informal,Técnico/a de sonido,54,19500.0,Media
7803,Licenciatura,Construcción,Chofer transportista,25,8500.0,Baja
7804,Media Superior,Finanzas,Contador/a,25,8500.0,Baja
7805,Media Superior,Servicios,Relojero,41,8500.0,Baja
7806,Básica,Gobierno,Desarrollador/a web,22,8500.0,Baja
7807,Media Superior,Finanzas,Escritor,50,17100.0,Media
7808,Básica,Construcción,Carnicero,49,10900.0,Baja
7809,Licenciatura,Comercio,Apicultor,28,12700.0,Baja
7810,Licenciatura,Finanzas,Cocinero,49,18200.0,Media
7811,Media Superior,Finanzas,Contador/a,44,25300.0,Media
7812,Licenciatura,Construcción,Profesor/a,41,27500.0,Media
7813,Media Superior,Comercio,Bombero,36,8500.0,Baja
7814,Básica,Finanzas,Arquitecto/a,50,24300.0,Media
7815,Licenciatura,Servicios,Enfermero/a,29,16900.0,Media
7816,Media Superior,Construcción,Artesano,51,8500.0,Baja
7817,Licenciatura,Comercio,Bombero,47,21800.0,Media
7818,Básica,Gobierno,Bombero,31,17000.0,Media
7819,Básica,Comercio,Historiador/a,32,8500.0,Baja
7820,Licenciatura,Comercio,Administrador/a,39,16700.0,Media
7821,Licenciatura,Construcción,Historiador/a,32,8500.0,Baja
7822,Licenciatura,Gobierno,Programador,28,13900.0,Baja
7823,Básica,Gobierno,Escultor,46,21900.0,Media
7824,Licenciatura,Comercio,Peletero,40,17600.0,Media
7825,Media Superior,Finanzas,Vendedor,56,21000.0,Media
7826,Básica,Informal,Lutier,37,8500.0,Baja
7827,Licenciatura,Gobierno,Actuario/a,20,8500.0,Baja
7828,Básica,Informal,Óptico,52,9200.0,Baja
7829,Media Superior,Manufactura,Barrendero,46,18600.0,Media
7830,Media Superior,Manufactura,Veterinario/a,24,8500.0,Baja
7831,Media Superior,Comercio,Óptico,54,19300.0,Media
7832,Media Superior,Gobierno,Afilador,30,12500.0,Baja
7833,Media Superior,Finanzas,Filólogo/a,46,21900.0,Media
7834,Licenciatura,Construcción,Cerrajero,49,14800.0,Baja
7835,Licenciatura,Manufactura,Barrendero,21,11100.0,Baja
7836,Licenciatura,Comercio,Enfermero/a,46,17600.0,Media
7837,Licenciatura,Manufactura,Geógrafo/a,44,17800.0,Media
7838,Licenciatura,Construcción,Vigilante,41,10100.0,Baja
7839,Posgrado,Comercio,Imprentero,50,27600.0,Media
7840,Media Superior,Construcción,Ferretero,56,16600.0,Media
7841,Media Superior,Manufactura,Traductor/a,53,12600.0,Baja
7842,Media Superior,Gobierno,Obrero,38,8500.0,Baja
7843,Licenciatura,Servicios,Escritor,49,19600.0,Media
7844,Media Superior,Construcción,Técnico/a de sonido,22,8500.0,Baja
7845,Posgrado,Manufactura,Obrero,44,15900.0,Media
7846,Posgrado,Informal,Joyero,35,15900.0,Media
7847,Básica,Servicios,Leñador,46,8500.0,Baja
7848,Básica,Manufactura,Kinesiólogo/a,41,12800.0,Baja
7849,Media Superior,Finanzas,Lechero,29,9700.0,Baja
7850,Media Superior,Construcción,Técnico/a de sonido,28,13600.0,Baja
7851,Posgrado,Servicios,Lavandero,33,8500.0,Baja
7852,Licenciatura,Comercio,Ingeniero/a,24,8500.0,Baja
7853,Licenciatura,Comercio,Economista,57,14200.0,Baja
7854,Media Superior,Finanzas,Fontanero o plomero,31,10900.0,Baja
7855,Licenciatura,Gobierno,Leñador,22,9900.0,Baja
7856,Licenciatura,Comercio,Profesor/a,38,19500.0,Media
7857,Básica,Comercio,Profesor/a,24,8500.0,Baja
7858,Media Superior,Comercio,Afilador,39,8500.0,Baja
7859,Licenciatura,Finanzas,Médico/a cirujano/a,33,27100.0,Media
7860,Licenciatura,Servicios,Biólogo/a,51,20700.0,Media
7861,Licenciatura,Construcción,Físico/a,55,35900.0,Alta
7862,Licenciatura,Informal,Kinesiólogo/a,45,15500.0,Media
7863,Licenciatura,Manufactura,Carnicero,22,11800.0,Baja
7864,Posgrado,Servicios,Peluquero,30,14500.0,Baja
7865,Media Superior,Comercio,Abogado/a,29,8500.0,Baja
7866,Media Superior,Gobierno,Zapatero,20,8500.0,Baja
7867,Licenciatura,Servicios,Mecánico,55,20600.0,Media
7868,Licenciatura,Finanzas,Barrendero,44,21100.0,Media
7869,Básica,Finanzas,Pastor,42,8500.0,Baja
7870,Licenciatura,Comercio,Matemático/a,48,16700.0,Media
7871,Básica,Gobierno,Administrador/a,43,18700.0,Media
7872,Básica,Finanzas,Animador,30,13900.0,Baja
7873,Licenciatura,Servicios,Lutier,24,8500.0,Baja
7874,Licenciatura,Informal,Relojero,55,14500.0,Baja
7875,Media Superior,Informal,Profesor/a,28,12100.0,Baja
7876,Posgrado,Comercio,Farmacólogo/a,32,18100.0,Media
7877,Básica,Gobierno,Bombero,39,9900.0,Baja
7878,Licenciatura,Finanzas,Bibliotecario/a,31,9400.0,Baja
7879,Media Superior,Informal,Contador/a,35,18300.0,Media
7880,Media Superior,Informal,Arquitecto/a,40,11700.0,Baja
7881,Básica,Informal,Repartidor,43,11000.0,Baja
7882,Media Superior,Gobierno,Albañil,34,18500.0,Media
7883,Básica,Comercio,Escultor,42,8500.0,Baja
7884,Licenciatura,Finanzas,Lechero,36,20200.0,Media
7885,Posgrado,Informal,Agricultor,50,24500.0,Media
7886,Media Superior,Informal,Pescador,39,8500.0,Baja
7887,Media Superior,Informal,Químico/a,35,9000.0,Baja
7888,Media Superior,Manufactura,Cocinero,40,8500.0,Baja
7889,Básica,Gobierno,Cocinero,37,8900.0,Baja
7890,Media Superior,Gobierno,Vigilante,57,20400.0,Media
7891,Media Superior,Informal,Historiador/a,33,11400.0,Baja
7892,Posgrado,Finanzas,Maestro,28,8500.0,Baja
7893,Básica,Comercio,Músico/a,27,8500.0,Baja
7894,Licenciatura,Manufactura,Bombero,37,8500.0,Baja
7895,Media Superior,Construcción,Maestro,27,8500.0,Baja
7896,Licenciatura,Manufactura,Diseñador/a gráfico,44,17100.0,Media
7897,Básica,Finanzas,Farmacólogo/a,52,21500.0,Media
7898,Licenciatura,Servicios,Lutier,50,24100.0,Media
7899,Media Superior,Informal,Sastre,26,8500.0,Baja
7900,Básica,Comercio,Cocinero,51,10000.0,Baja
7901,Licenciatura,Servicios,Chofer transportista,30,21100.0,Media
7902,Licenciatura,Construcción,Cocinero,44,19500.0,Media
7903,Licenciatura,Manufactura,Camarero,35,8500.0,Baja
7904,Licenciatura,Comercio,Bibliotecario/a,40,17600.0,Media
7905,Licenciatura,Construcción,Farmacólogo/a,54,17100.0,Media
7906,Licenciatura,Informal,Lavandero,45,20300.0,Media
7907,Posgrado,Informal,Fontanero o plomero,49,22100.0,Media
7908,Licenciatura,Servicios,Actuario/a,26,20100.0,Media
7909,Licenciatura,Manufactura,Matemático/a,28,14300.0,Baja
7910,Licenciatura,Manufactura,Escultor,29,14800.0,Baja
7911,Básica,Finanzas,Programador,59,15400.0,Media
7912,Media Superior,Manufactura,Peluquero,33,8500.0,Baja
7913,Posgrado,Gobierno,Paleontólogo/a,52,34600.0,Media
7914,Básica,Construcción,Psicólogo/a,59,8500.0,Baja
7915,Licenciatura,Finanzas,Psicólogo/a,22,11300.0,Baja
7916,Posgrado,Manufactura,Radiólogo/a,43,25200.0,Media
7917,Licenciatura,Informal,Mecánico,36,8500.0,Baja
7918,Licenciatura,Finanzas,Contador/a,35,23400.0,Media
7919,Licenciatura,Informal,Economista,40,15200.0,Media
7920,Media Superior,Servicios,Economista,42,18100.0,Media
7921,Licenciatura,Gobierno,Jardinero,51,26600.0,Media
7922,Media Superior,Manufactura,Médico/a cirujano/a,23,10800.0,Baja
7923,Media Superior,Manufactura,Peluquero,39,8500.0,Baja
7924,Licenciatura,Finanzas,Matemático/a,38,15700.0,Media
7925,Licenciatura,Gobierno,Camarero,50,20500.0,Media
7926,Básica,Informal,Administrador/a,35,8500.0,Baja
7927,Básica,Gobierno,Programador,37,17300.0,Media
7928,Licenciatura,Servicios,Soldador,45,16600.0,Media
7929,Básica,Servicios,Periodista,53,16900.0,Media
7930,Licenciatura,Gobierno,Traductor/a,56,26600.0,Media
7931,Media Superior,Manufactura,Carpintero,20,8600.0,Baja
7932,Licenciatura,Construcción,Cocinero,23,9200.0,Baja
7933,Básica,Informal,Albañil,31,13500.0,Baja
7934,Básica,Manufactura,Médico/a cirujano/a,47,12900.0,Baja
7935,Básica,Servicios,Lavandero,51,14400.0,Baja
7936,Media Superior,Informal,Biólogo/a,32,15600.0,Media
7937,Posgrado,Informal,Agricultor,20,8700.0,Baja
7938,Media Superior,Informal,Contador/a,58,25300.0,Media
7939,Básica,Finanzas,Joyero,30,11000.0,Baja
7940,Licenciatura,Informal,Bibliotecario/a,30,11900.0,Baja
7941,Media Superior,Construcción,Programador,45,24700.0,Media
7942,Posgrado,Finanzas,Agricultor,50,30000.0,Media
7943,Media Superior,Servicios,Relojero,53,15300.0,Media
7944,Licenciatura,Construcción,Bombero,38,13100.0,Baja
7945,Licenciatura,Informal,Barbero,57,13400.0,Baja
7946,Licenciatura,Informal,Bibliotecario/a,59,8500.0,Baja
7947,Media Superior,Gobierno,Enfermero/a,35,15400.0,Media
7948,Licenciatura,Gobierno,Ingeniero/a,27,12100.0,Baja
7949,Licenciatura,Servicios,Zapatero,55,20500.0,Media
7950,Licenciatura,Finanzas,Lutier,56,23100.0,Media
7951,Licenciatura,Construcción,Peletero,41,8500.0,Baja
7952,Licenciatura,Construcción,Técnico/a de sonido,54,17800.0,Media
7953,Media Superior,Servicios,Filólogo/a,27,21200.0,Media
7954,Licenciatura,Construcción,Lutier,21,12200.0,Baja
7955,Licenciatura,Construcción,Pescador,29,9600.0,Baja
7956,Media Superior,Gobierno,Carpintero,48,17300.0,Media
7957,Básica,Informal,Pintor,24,8600.0,Baja
7958,Básica,Gobierno,Cajero,45,8500.0,Baja
7959,Licenciatura,Manufactura,Cocinero,58,19100.0,Media
7960,Básica,Finanzas,Chofer transportista,50,8500.0,Baja
7961,Posgrado,Informal,Óptico,27,12500.0,Baja
7962,Media Superior,Manufactura,Lechero,50,8500.0,Baja
7963,Licenciatura,Comercio,Diseñador/a gráfico,21,15000.0,Media
7964,Licenciatura,Finanzas,Agricultor,49,20500.0,Media
7965,Básica,Informal,Periodista,51,13000.0,Baja
7966,Media Superior,Informal,Administrador/a,30,10400.0,Baja
7967,Media Superior,Servicios,Lutier,23,11300.0,Baja
7968,Licenciatura,Servicios,Meteorólogo/a,49,20400.0,Media
7969,Posgrado,Manufactura,Biólogo/a,36,17400.0,Media
7970,Licenciatura,Informal,Historiador/a,56,18500.0,Media
7971,Licenciatura,Finanzas,Bombero,29,13200.0,Baja
7972,Básica,Finanzas,Psicólogo/a,50,22800.0,Media
7973,Media Superior,Servicios,Lavandero,20,8500.0,Baja
7974,Licenciatura,Comercio,Fontanero o plomero,45,8900.0,Baja
7975,Media Superior,Servicios,Veterinario/a,23,10300.0,Baja
7976,Media Superior,Informal,Kinesiólogo/a,23,20300.0,Media
7977,Licenciatura,Gobierno,Agricultor,41,17600.0,Media
7978,Licenciatura,Gobierno,Psicólogo/a,56,30800.0,Media
7979,Licenciatura,Comercio,Cajero,38,9700.0,Baja
7980,Licenciatura,Construcción,Administrador/a,33,11300.0,Baja
7981,Media Superior,Comercio,Pastor,54,14100.0,Baja
7982,Posgrado,Comercio,Animador,42,10500.0,Baja
7983,Media Superior,Manufactura,Diseñador/a gráfico,29,15100.0,Media
7984,Posgrado,Gobierno,Enfermero/a,45,24800.0,Media
7985,Licenciatura,Gobierno,Veterinario/a,40,19100.0,Media
7986,Media Superior,Manufactura,Escritor,56,18100.0,Media
7987,Licenciatura,Finanzas,Herrero,32,12800.0,Baja
7988,Media Superior,Comercio,Chofer transportista,39,10000.0,Baja
7989,Licenciatura,Servicios,Obrero,31,8500.0,Baja
7990,Básica,Gobierno,Telefonista,49,19700.0,Media
7991,Licenciatura,Servicios,Relojero,38,18000.0,Media
7992,Licenciatura,Comercio,Zapatero,51,20500.0,Media
7993,Media Superior,Gobierno,Artesano,50,14700.0,Baja
7994,Licenciatura,Finanzas,Lingüista,23,9300.0,Baja
7995,Básica,Finanzas,Lutier,23,8500.0,Baja
7996,Básica,Gobierno,Maestro,21,8500.0,Baja
7997,Licenciatura,Comercio,Farmacólogo/a,43,27100.0,Media
7998,Básica,Manufactura,Lavandero,37,14800.0,Baja
7999,Básica,Servicios,Relojero,46,8500.0,Baja
8000,Posgrado,Servicios,Barrendero,47,18200.0,Media
8001,Licenciatura,Comercio,Pescador,49,15100.0,Media
8002,Licenciatura,Servicios,Frutero,29,8500.0,Baja
8003,Básica,Comercio,Historiador/a,52,17500.0,Media
8004,Media Superior,Manufactura,Barbero,52,17300.0,Media
8005,Licenciatura,Comercio,Barrendero,26,8500.0,Baja
8006,Media Superior,Comercio,Músico/a,57,15700.0,Media
8007,Básica,Informal,Lechero,42,8500.0,Baja
8008,Licenciatura,Servicios,Zapatero,35,8500.0,Baja
8009,Media Superior,Manufactura,Ferretero,44,23400.0,Media
8010,Básica,Comercio,Artesano,34,9400.0,Baja
8011,Básica,Servicios,Técnico/a de sonido,29,8500.0,Baja
8012,Media Superior,Manufactura,Profesor/a,33,11500.0,Baja
8013,Licenciatura,Manufactura,Enfermero/a,49,14300.0,Baja
8014,Media Superior,Servicios,Zapatero,35,8500.0,Baja
8015,Media Superior,Comercio,Pescador,33,9000.0,Baja
8016,Media Superior,Manufactura,Pastor,41,17600.0,Media
8017,Básica,Construcción,Físico/a,54,24900.0,Media
8018,Básica,Construcción,Historiador/a,43,17800.0,Media
8019,Básica,Comercio,Biólogo/a,30,8500.0,Baja
8020,Media Superior,Servicios,Veterinario/a,47,9000.0,Baja
8021,Licenciatura,Gobierno,Camarero,35,9200.0,Baja
8022,Básica,Servicios,Veterinario/a,32,15000.0,Media
8023,Licenciatura,Servicios,Bibliotecario/a,39,11700.0,Baja
8024,Licenciatura,Manufactura,Músico/a,42,18100.0,Media
8025,Posgrado,Informal,Animador,55,22300.0,Media
8026,Media Superior,Gobierno,Cocinero,29,10000.0,Baja
8027,Básica,Finanzas,Afilador,27,14500.0,Baja
8028,Básica,Comercio,Obrero,54,9600.0,Baja
8029,Licenciatura,Informal,Mecánico,20,8500.0,Baja
8030,Básica,Finanzas,Barbero,30,11200.0,Baja
8031,Básica,Finanzas,Pintor,57,13200.0,Baja
8032,Posgrado,Informal,Cajero,56,20200.0,Media
8033,Media Superior,Servicios,Peletero,42,8500.0,Baja
8034,Básica,Servicios,Desarrollador/a web,20,8500.0,Baja
8035,Licenciatura,Finanzas,Ferretero,20,14500.0,Baja
8036,Básica,Finanzas,Camarero,58,22500.0,Media
8037,Posgrado,Gobierno,Herrero,49,16900.0,Media
8038,Media Superior,Manufactura,Panadero,55,18200.0,Media
8039,Media Superior,Finanzas,Profesor/a,28,13500.0,Baja
8040,Básica,Servicios,Radiólogo/a,36,13100.0,Baja
8041,Básica,Construcción,Filólogo/a,40,8500.0,Baja
8042,Básica,Finanzas,Paleontólogo/a,35,21700.0,Media
8043,Posgrado,Gobierno,Pintor,24,9000.0,Baja
8044,Básica,Finanzas,Matemático/a,53,27500.0,Media
8045,Básica,Informal,Maestro,33,10600.0,Baja
8046,Media Superior,Servicios,Geógrafo/a,28,8500.0,Baja
8047,Media Superior,Servicios,Físico/a,22,8500.0,Baja
8048,Licenciatura,Informal,Cajero,49,16400.0,Media
8049,Posgrado,Comercio,Peluquero,45,8500.0,Baja
8050,Media Superior,Informal,Físico/a,24,8500.0,Baja
8051,Básica,Comercio,Sastre,27,9200.0,Baja
8052,Licenciatura,Construcción,Barrendero,58,18800.0,Media
8053,Licenciatura,Finanzas,Apicultor,40,10600.0,Baja
8054,Licenciatura,Gobierno,Geógrafo/a,36,13600.0,Baja
8055,Licenciatura,Comercio,Tornero,21,8500.0,Baja
8056,Media Superior,Manufactura,Joyero,49,11100.0,Baja
8057,Licenciatura,Manufactura,Joyero,40,13400.0,Baja
8058,Básica,Servicios,Arquitecto/a,41,21700.0,Media
8059,Posgrado,Comercio,Administrador/a,53,23400.0,Media
8060,Licenciatura,Informal,Leñador,57,12000.0,Baja
8061,Licenciatura,Gobierno,Programador,59,32700.0,Media
8062,Básica,Construcción,Maestro,38,12400.0,Baja
8063,Licenciatura,Manufactura,Agricultor,39,8500.0,Baja
8064,Licenciatura,Informal,Diseñador/a gráfico,51,17500.0,Media
8065,Media Superior,Servicios,Bibliotecario/a,31,12500.0,Baja
8066,Licenciatura,Servicios,Actuario/a,48,18700.0,Media
8067,Básica,Servicios,Afilador,54,21100.0,Media
8068,Media Superior,Finanzas,Químico/a,36,20700.0,Media
8069,Licenciatura,Informal,Sastre,29,11500.0,Baja
8070,Media Superior,Construcción,Periodista,53,19600.0,Media
8071,Media Superior,Comercio,Guardabosques,53,15000.0,Media
8072,Básica,Informal,Barbero,58,16600.0,Media
8073,Básica,Informal,Filólogo/a,36,8500.0,Baja
8074,Posgrado,Servicios,Historiador/a,40,20700.0,Media
8075,Media Superior,Gobierno,Médico/a cirujano/a,47,20200.0,Media
8076,Básica,Comercio,Ingeniero/a,26,8500.0,Baja
8077,Licenciatura,Gobierno,Imprentero,50,25200.0,Media
8078,Posgrado,Comercio,Óptico,29,8500.0,Baja
8079,Licenciatura,Servicios,Soldador,53,26300.0,Media
8080,Media Superior,Manufactura,Contador/a,51,12000.0,Baja
8081,Media Superior,Servicios,Químico/a,24,8500.0,Baja
8082,Posgrado,Servicios,Telefonista,31,12500.0,Baja
8083,Básica,Manufactura,Programador,42,13500.0,Baja
8084,Licenciatura,Servicios,Meteorólogo/a,39,10800.0,Baja
8085,Media Superior,Manufactura,Panadero,26,9600.0,Baja
8086,Posgrado,Construcción,Óptico,25,11000.0,Baja
8087,Posgrado,Servicios,Abogado/a,58,30500.0,Media
8088,Media Superior,Manufactura,Afilador,40,19500.0,Media
8089,Media Superior,Gobierno,Imprentero,42,15800.0,Media
8090,Media Superior,Comercio,Traductor/a,57,17400.0,Media
8091,Media Superior,Informal,Programador,20,8500.0,Baja
8092,Básica,Finanzas,Radiólogo/a,42,19100.0,Media
8093,Media Superior,Manufactura,Sastre,30,19000.0,Media
8094,Posgrado,Construcción,Sastre,45,25500.0,Media
8095,Media Superior,Servicios,Carpintero,43,11700.0,Baja
8096,Media Superior,Servicios,Periodista,20,8500.0,Baja
8097,Media Superior,Manufactura,Peletero,58,15800.0,Media
8098,Media Superior,Finanzas,Chofer transportista,25,10400.0,Baja
8099,Licenciatura,Manufactura,Biólogo/a,34,14400.0,Baja
8100,Licenciatura,Servicios,Lingüista,55,26800.0,Media
8101,Licenciatura,Gobierno,Lingüista,45,19300.0,Media
8102,Básica,Servicios,Panadero,37,11000.0,Baja
8103,Licenciatura,Gobierno,Vigilante,34,19700.0,Media
8104,Posgrado,Gobierno,Mecánico,39,11700.0,Baja
8105,Básica,Gobierno,Vigilante,55,12600.0,Baja
8106,Media Superior,Gobierno,Animador,53,14300.0,Baja
8107,Licenciatura,Servicios,Barbero,28,16900.0,Media
8108,Licenciatura,Informal,Farmacólogo/a,22,12600.0,Baja
8109,Licenciatura,Gobierno,Leñador,55,28800.0,Media
8110,Licenciatura,Manufactura,Médico/a cirujano/a,25,10800.0,Baja
8111,Licenciatura,Servicios,Jardinero,42,14800.0,Baja
8112,Licenciatura,Comercio,Químico/a,38,12800.0,Baja
8113,Posgrado,Informal,Traductor/a,24,12600.0,Baja
8114,Media Superior,Servicios,Chofer transportista,56,21900.0,Media
8115,Posgrado,Servicios,Músico/a,31,20400.0,Media
8116,Media Superior,Servicios,Farmacólogo/a,32,14400.0,Baja
8117,Licenciatura,Informal,Repartidor,36,10900.0,Baja
8118,Básica,Manufactura,Fontanero o plomero,21,8600.0,Baja
8119,Licenciatura,Servicios,Agricultor,23,16700.0,Media
8120,Básica,Construcción,Economista,42,8500.0,Baja
8121,Posgrado,Servicios,Sastre,38,19000.0,Media
8122,Media Superior,Servicios,Chofer transportista,29,8500.0,Baja
8123,Básica,Gobierno,Administrador/a,22,8500.0,Baja
8124,Licenciatura,Servicios,Animador,55,17100.0,Media
8125,Básica,Gobierno,Zapatero,24,12800.0,Baja
8126,Media Superior,Servicios,Cajero,53,8500.0,Baja
8127,Licenciatura,Servicios,Pescador,42,17900.0,Media
8128,Media Superior,Gobierno,Pastor,24,8500.0,Baja
8129,Media Superior,Informal,Contador/a,28,8500.0,Baja
8130,Media Superior,Servicios,Albañil,20,13500.0,Baja
8131,Posgrado,Finanzas,Cocinero,30,10500.0,Baja
8132,Media Superior,Comercio,Músico/a,44,8500.0,Baja
8133,Media Superior,Servicios,Relojero,54,15800.0,Media
8134,Media Superior,Manufactura,Arquitecto/a,34,15600.0,Media
8135,Media Superior,Gobierno,Farmacólogo/a,43,18200.0,Media
8136,Licenciatura,Informal,Músico/a,34,8500.0,Baja
8137,Media Superior,Servicios,Administrador/a,35,21400.0,Media
8138,Licenciatura,Servicios,Frutero,55,13000.0,Baja
8139,Licenciatura,Servicios,Arquitecto/a,32,15200.0,Media
8140,Posgrado,Servicios,Administrador/a,59,29000.0,Media
8141,Media Superior,Servicios,Bibliotecario/a,27,8500.0,Baja
8142,Licenciatura,Comercio,Vigilante,26,14000.0,Baja
8143,Básica,Manufactura,Enfermero/a,56,10300.0,Baja
8144,Licenciatura,Servicios,Pastor,43,13300.0,Baja
8145,Básica,Finanzas,Cocinero,58,22300.0,Media
8146,Posgrado,Manufactura,Kinesiólogo/a,44,15600.0,Media
8147,Posgrado,Manufactura,Bibliotecario/a,53,28400.0,Media
8148,Básica,Comercio,Sastre,29,8500.0,Baja
8149,Posgrado,Comercio,Peletero,52,23500.0,Media
8150,Media Superior,Servicios,Carnicero,38,11900.0,Baja
8151,Licenciatura,Manufactura,Óptico,45,16800.0,Media
8152,Media Superior,Gobierno,Óptico,36,13800.0,Baja
8153,Media Superior,Servicios,Desarrollador/a web,49,14700.0,Baja
8154,Básica,Comercio,Ferretero,35,8500.0,Baja
8155,Media Superior,Comercio,Chofer transportista,38,9500.0,Baja
8156,Media Superior,Construcción,Administrador/a,51,24800.0,Media
8157,Media Superior,Gobierno,Traductor/a,24,11000.0,Baja
8158,Licenciatura,Gobierno,Peletero,33,13700.0,Baja
8159,Licenciatura,Servicios,Farmacólogo/a,37,9400.0,Baja
8160,Media Superior,Comercio,Imprentero,59,18700.0,Media
8161,Básica,Construcción,Químico/a,42,10500.0,Baja
8162,Media Superior,Informal,Soldador,38,10100.0,Baja
8163,Media Superior,Comercio,Biólogo/a,48,21800.0,Media
8164,Media Superior,Manufactura,Lutier,25,8500.0,Baja
8165,Básica,Manufactura,Animador,59,8500.0,Baja
8166,Licenciatura,Servicios,Veterinario/a,44,32800.0,Media
8167,Licenciatura,Informal,Administrador/a,48,19000.0,Media
8168,Posgrado,Gobierno,Afilador,24,17500.0,Media
8169,Media Superior,Gobierno,Vigilante,50,9900.0,Baja
8170,Media Superior,Construcción,Psicoanalista,41,20600.0,Media
8171,Licenciatura,Servicios,Farmacólogo/a,24,13500.0,Baja
8172,Básica,Gobierno,Enfermero/a,33,12300.0,Baja
8173,Licenciatura,Informal,Lavandero,47,15800.0,Media
8174,Licenciatura,Servicios,Telefonista,31,10000.0,Baja
8175,Licenciatura,Construcción,Kinesiólogo/a,35,13800.0,Baja
8176,Media Superior,Manufactura,Ferretero,42,11200.0,Baja
8177,Posgrado,Informal,Vendedor,36,15900.0,Media
8178,Media Superior,Servicios,Bibliotecario/a,24,8500.0,Baja
8179,Básica,Gobierno,Psicoanalista,44,16100.0,Media
8180,Básica,Construcción,Herrero,31,8500.0,Baja
8181,Licenciatura,Informal,Soldador,36,13600.0,Baja
8182,Licenciatura,Construcción,Leñador,30,8500.0,Baja
8183,Media Superior,Servicios,Óptico,50,19000.0,Media
8184,Licenciatura,Comercio,Bibliotecario/a,44,8500.0,Baja
8185,Media Superior,Construcción,Leñador,27,8500.0,Baja
8186,Media Superior,Construcción,Lavandero,56,16000.0,Media
8187,Básica,Manufactura,Administrador/a,39,11600.0,Baja
8188,Media Superior,Informal,Cerrajero,22,8500.0,Baja
8189,Licenciatura,Comercio,Vigilante,41,17500.0,Media
8190,Licenciatura,Informal,Escultor,50,8500.0,Baja
8191,Media Superior,Construcción,Fontanero o plomero,28,8500.0,Baja
8192,Licenciatura,Construcción,Vendedor,48,10900.0,Baja
8193,Licenciatura,Comercio,Chofer transportista,39,9100.0,Baja
8194,Básica,Servicios,Obrero,41,8500.0,Baja
8195,Licenciatura,Informal,Vigilante,33,10200.0,Baja
8196,Media Superior,Comercio,Soldador,41,18100.0,Media
8197,Licenciatura,Gobierno,Técnico/a de sonido,35,10200.0,Baja
8198,Licenciatura,Manufactura,Relojero,48,11900.0,Baja
8199,Media Superior,Comercio,Peluquero,34,12000.0,Baja
8200,Licenciatura,Finanzas,Diseñador/a gráfico,58,36100.0,Alta
8201,Posgrado,Informal,Telefonista,56,12300.0,Baja
8202,Básica,Finanzas,Diseñador/a gráfico,46,32600.0,Media
8203,Media Superior,Servicios,Ferretero,46,21200.0,Media
8204,Licenciatura,Informal,Joyero,37,11200.0,Baja
8205,Licenciatura,Gobierno,Óptico,54,30600.0,Media
8206,Licenciatura,Servicios,Barbero,40,10900.0,Baja
8207,Licenciatura,Finanzas,Óptico,27,21000.0,Media
8208,Media Superior,Comercio,Actuario/a,21,15100.0,Media
8209,Licenciatura,Finanzas,Peletero,38,24900.0,Media
8210,Licenciatura,Manufactura,Radiólogo/a,59,24000.0,Media
8211,Licenciatura,Manufactura,Pastor,36,8500.0,Baja
8212,Básica,Servicios,Administrador/a,52,15300.0,Media
8213,Básica,Servicios,Albañil,23,8500.0,Baja
8214,Licenciatura,Comercio,Mecánico,32,13300.0,Baja
8215,Licenciatura,Construcción,Cocinero,37,9100.0,Baja
8216,Licenciatura,Finanzas,Traductor/a,48,28900.0,Media
8217,Básica,Informal,Afilador,38,13900.0,Baja
8218,Licenciatura,Comercio,Carpintero,40,10000.0,Baja
8219,Media Superior,Manufactura,Traductor/a,49,14200.0,Baja
8220,Licenciatura,Construcción,Peletero,40,12300.0,Baja
8221,Posgrado,Comercio,Lechero,46,17900.0,Media
8222,Básica,Servicios,Veterinario/a,32,15000.0,Media
8223,Licenciatura,Comercio,Relojero,58,13700.0,Baja
8224,Media Superior,Servicios,Carpintero,21,11500.0,Baja
8225,Media Superior,Manufactura,Físico/a,28,9700.0,Baja
8226,Media Superior,Servicios,Biólogo/a,25,8500.0,Baja
8227,Posgrado,Gobierno,Fontanero o plomero,31,17600.0,Media
8228,Licenciatura,Manufactura,Escultor,22,8500.0,Baja
8229,Media Superior,Comercio,Frutero,43,12900.0,Baja
8230,Media Superior,Servicios,Ferretero,26,8500.0,Baja
8231,Básica,Finanzas,Geógrafo/a,44,21100.0,Media
8232,Posgrado,Manufactura,Músico/a,39,17400.0,Media
8233,Licenciatura,Servicios,Paleontólogo/a,38,18700.0,Media
8234,Media Superior,Gobierno,Zapatero,59,22100.0,Media
8235,Básica,Gobierno,Desarrollador/a web,21,8500.0,Baja
8236,Básica,Manufactura,Músico/a,45,18600.0,Media
8237,Básica,Manufactura,Carpintero,49,17500.0,Media
8238,Básica,Finanzas,Camarero,47,13500.0,Baja
8239,Media Superior,Finanzas,Vendedor,51,23100.0,Media
8240,Licenciatura,Gobierno,Psicoanalista,44,25400.0,Media
8241,Media Superior,Finanzas,Traductor/a,37,20600.0,Media
8242,Media Superior,Comercio,Ferretero,44,11200.0,Baja
8243,Media Superior,Servicios,Camarero,26,8500.0,Baja
8244,Licenciatura,Informal,Panadero,32,10800.0,Baja
8245,Media Superior,Manufactura,Escritor,45,15100.0,Media
8246,Licenciatura,Gobierno,Albañil,23,16900.0,Media
8247,Licenciatura,Finanzas,Cerrajero,40,8500.0,Baja
8248,Licenciatura,Informal,Pescador,30,8900.0,Baja
8249,Media Superior,Finanzas,Ingeniero/a,52,21700.0,Media
8250,Licenciatura,Servicios,Joyero,45,18300.0,Media
8251,Licenciatura,Informal,Ingeniero/a,27,8500.0,Baja
8252,Media Superior,Informal,Pastor,21,8500.0,Baja
8253,Licenciatura,Informal,Físico/a,55,27400.0,Media
8254,Licenciatura,Gobierno,Lingüista,29,11400.0,Baja
8255,Básica,Servicios,Chofer transportista,38,14300.0,Baja
8256,Licenciatura,Gobierno,Relojero,32,10000.0,Baja
8257,Licenciatura,Informal,Contador/a,42,20200.0,Media
8258,Básica,Manufactura,Vendedor,59,10600.0,Baja
8259,Licenciatura,Gobierno,Lechero,30,11600.0,Baja
8260,Licenciatura,Servicios,Lingüista,37,15100.0,Media
8261,Media Superior,Construcción,Carpintero,20,8500.0,Baja
8262,Licenciatura,Servicios,Farmacólogo/a,39,14700.0,Baja
8263,Licenciatura,Comercio,Pintor,43,9500.0,Baja
8264,Básica,Gobierno,Barrendero,57,12700.0,Baja
8265,Licenciatura,Informal,Artesano,20,8500.0,Baja
8266,Licenciatura,Servicios,Arquitecto/a,54,27700.0,Media
8267,Media Superior,Comercio,Panadero,42,8500.0,Baja
8268,Media Superior,Comercio,Contador/a,34,12500.0,Baja
8269,Media Superior,Servicios,Técnico/a de sonido,27,12500.0,Baja
8270,Posgrado,Finanzas,Vendedor,52,34500.0,Media
8271,Licenciatura,Gobierno,Técnico/a de sonido,23,10300.0,Baja
8272,Licenciatura,Servicios,Lechero,59,13600.0,Baja
8273,Licenciatura,Manufactura,Fumigador,51,21200.0,Media
8274,Licenciatura,Finanzas,Carpintero,41,17500.0,Media
8275,Licenciatura,Servicios,Fontanero o plomero,29,13400.0,Baja
8276,Licenciatura,Servicios,Animador,59,18700.0,Media
8277,Licenciatura,Informal,Agricultor,42,9500.0,Baja
8278,Licenciatura,Finanzas,Cajero,40,16800.0,Media
8279,Licenciatura,Informal,Carnicero,50,15600.0,Media
8280,Licenciatura,Informal,Telefonista,35,14500.0,Baja
8281,Básica,Servicios,Veterinario/a,52,25600.0,Media
8282,Licenciatura,Servicios,Psicólogo/a,50,23300.0,Media
8283,Básica,Gobierno,Maestro,26,8500.0,Baja
8284,Media Superior,Servicios,Psicólogo/a,34,20900.0,Media
8285,Básica,Manufactura,Óptico,27,8500.0,Baja
8286,Media Superior,Finanzas,Carpintero,29,21200.0,Media
8287,Media Superior,Informal,Bibliotecario/a,43,8500.0,Baja
8288,Media Superior,Gobierno,Guardabosques,21,12100.0,Baja
8289,Básica,Servicios,Enfermero/a,52,27000.0,Media
8290,Básica,Manufactura,Leñador,57,9500.0,Baja
8291,Licenciatura,Servicios,Fontanero o plomero,29,8500.0,Baja
8292,Media Superior,Comercio,Panadero,43,21900.0,Media
8293,Licenciatura,Finanzas,Apicultor,37,10000.0,Baja
8294,Posgrado,Manufactura,Médico/a cirujano/a,24,14200.0,Baja
8295,Licenciatura,Manufactura,Sastre,51,25300.0,Media
8296,Licenciatura,Gobierno,Escritor,54,28600.0,Media
8297,Media Superior,Construcción,Biólogo/a,28,12300.0,Baja
8298,Posgrado,Servicios,Barrendero,41,14200.0,Baja
8299,Licenciatura,Comercio,Soldador,36,16100.0,Media
8300,Básica,Finanzas,Psicólogo/a,52,23000.0,Media
8301,Licenciatura,Construcción,Farmacólogo/a,33,11600.0,Baja
8302,Licenciatura,Informal,Escultor,27,8500.0,Baja
8303,Licenciatura,Gobierno,Paleontólogo/a,38,21600.0,Media
8304,Básica,Informal,Zapatero,24,8500.0,Baja
8305,Media Superior,Comercio,Contador/a,36,9700.0,Baja
8306,Media Superior,Informal,Barrendero,30,9400.0,Baja
8307,Posgrado,Construcción,Sastre,40,8500.0,Baja
8308,Media Superior,Servicios,Frutero,49,18300.0,Media
8309,Licenciatura,Informal,Bombero,55,19300.0,Media
8310,Media Superior,Informal,Cajero,45,9100.0,Baja
8311,Posgrado,Gobierno,Lutier,34,15500.0,Media
8312,Media Superior,Manufactura,Vendedor,20,9500.0,Baja
8313,Licenciatura,Manufactura,Cajero,23,8500.0,Baja
8314,Básica,Servicios,Bibliotecario/a,54,14200.0,Baja
8315,Licenciatura,Comercio,Enfermero/a,47,25700.0,Media
8316,Posgrado,Construcción,Filólogo/a,47,23500.0,Media
8317,Media Superior,Servicios,Traductor/a,20,8500.0,Baja
8318,Media Superior,Gobierno,Jardinero,26,19500.0,Media
8319,Licenciatura,Manufactura,Panadero,24,8500.0,Baja
8320,Media Superior,Comercio,Psicólogo/a,56,24700.0,Media
8321,Media Superior,Manufactura,Peluquero,51,18300.0,Media
8322,Básica,Servicios,Ferretero,52,19300.0,Media
8323,Básica,Servicios,Telefonista,50,22500.0,Media
8324,Licenciatura,Servicios,Peluquero,43,26700.0,Media
8325,Posgrado,Finanzas,Artesano,51,29800.0,Media
8326,Licenciatura,Gobierno,Kinesiólogo/a,28,13100.0,Baja
8327,Licenciatura,Finanzas,Animador,52,20100.0,Media
8328,Media Superior,Gobierno,Arquitecto/a,41,15600.0,Media
8329,Básica,Informal,Leñador,45,11300.0,Baja
8330,Licenciatura,Manufactura,Vigilante,44,8500.0,Baja
8331,Licenciatura,Comercio,Vendedor,33,16000.0,Media
8332,Posgrado,Comercio,Desarrollador/a web,29,14100.0,Baja
8333,Licenciatura,Informal,Diseñador/a gráfico,45,18300.0,Media
8334,Licenciatura,Informal,Pescador,21,8500.0,Baja
8335,Posgrado,Comercio,Sastre,55,22500.0,Media
8336,Posgrado,Construcción,Farmacólogo/a,29,16900.0,Media
8337,Licenciatura,Informal,Lavandero,34,17300.0,Media
8338,Licenciatura,Comercio,Zapatero,55,11900.0,Baja
8339,Licenciatura,Comercio,Peletero,58,21900.0,Media
8340,Posgrado,Construcción,Lechero,30,8500.0,Baja
8341,Licenciatura,Manufactura,Contador/a,40,11100.0,Baja
8342,Licenciatura,Gobierno,Mecánico,33,20600.0,Media
8343,Licenciatura,Construcción,Frutero,42,15000.0,Media
8344,Básica,Servicios,Vigilante,25,8500.0,Baja
8345,Media Superior,Gobierno,Frutero,33,15500.0,Media
8346,Básica,Informal,Programador,33,8700.0,Baja
8347,Básica,Gobierno,Biólogo/a,53,21400.0,Media
8348,Licenciatura,Manufactura,Lechero,57,16800.0,Media
8349,Básica,Servicios,Psicólogo/a,47,15000.0,Media
8350,Licenciatura,Gobierno,Leñador,58,20900.0,Media
8351,Básica,Manufactura,Radiólogo/a,43,17600.0,Media
8352,Básica,Manufactura,Carpintero,53,10300.0,Baja
8353,Básica,Informal,Arquitecto/a,27,10900.0,Baja
8354,Posgrado,Informal,Barbero,39,8500.0,Baja
8355,Licenciatura,Construcción,Matemático/a,31,12700.0,Baja
8356,Media Superior,Servicios,Periodista,25,8800.0,Baja
8357,Licenciatura,Servicios,Pastor,22,8500.0,Baja
8358,Media Superior,Manufactura,Soldador,55,17000.0,Media
8359,Media Superior,Manufactura,Repartidor,45,8500.0,Baja
8360,Media Superior,Gobierno,Arquitecto/a,45,21300.0,Media
8361,Media Superior,Servicios,Apicultor,22,10100.0,Baja
8362,Licenciatura,Finanzas,Médico/a cirujano/a,36,24300.0,Media
8363,Básica,Informal,Peletero,57,11800.0,Baja
8364,Licenciatura,Informal,Contador/a,20,9500.0,Baja
8365,Básica,Gobierno,Cajero,38,12700.0,Baja
8366,Licenciatura,Comercio,Lutier,38,8700.0,Baja
8367,Media Superior,Construcción,Biólogo/a,29,8500.0,Baja
8368,Posgrado,Gobierno,Arquitecto/a,25,12200.0,Baja
8369,Posgrado,Manufactura,Frutero,37,16300.0,Media
8370,Posgrado,Gobierno,Soldador,35,23100.0,Media
8371,Licenciatura,Gobierno,Paleontólogo/a,24,26200.0,Media
8372,Licenciatura,Finanzas,Tornero,54,23300.0,Media
8373,Media Superior,Servicios,Periodista,28,8500.0,Baja
8374,Licenciatura,Gobierno,Repartidor,58,18100.0,Media
8375,Posgrado,Informal,Guardabosques,55,10200.0,Baja
8376,Básica,Informal,Imprentero,45,9700.0,Baja
8377,Licenciatura,Construcción,Biólogo/a,50,19400.0,Media
8378,Media Superior,Manufactura,Vendedor,37,8500.0,Baja
8379,Media Superior,Servicios,Ferretero,28,17500.0,Media
8380,Posgrado,Comercio,Traductor/a,29,12900.0,Baja
8381,Licenciatura,Construcción,Lechero,26,8500.0,Baja
8382,Posgrado,Manufactura,Peluquero,24,12100.0,Baja
8383,Media Superior,Finanzas,Pastor,30,8500.0,Baja
8384,Licenciatura,Servicios,Jardinero,25,13600.0,Baja
8385,Básica,Manufactura,Repartidor,50,10000.0,Baja
8386,Posgrado,Comercio,Contador/a,35,13600.0,Baja
8387,Posgrado,Gobierno,Periodista,35,21400.0,Media
8388,Licenciatura,Informal,Pintor,38,8500.0,Baja
8389,Media Superior,Servicios,Pastor,41,8800.0,Baja
8390,Media Superior,Servicios,Mecánico,25,8500.0,Baja
8391,Media Superior,Informal,Abogado/a,24,8500.0,Baja
8392,Licenciatura,Informal,Paleontólogo/a,25,11600.0,Baja
8393,Media Superior,Manufactura,Paleontólogo/a,43,10700.0,Baja
8394,Media Superior,Construcción,Filólogo/a,28,8500.0,Baja
8395,Licenciatura,Comercio,Fontanero o plomero,30,8500.0,Baja
8396,Media Superior,Comercio,Herrero,30,14700.0,Baja
8397,Media Superior,Comercio,Programador,42,17100.0,Media
8398,Posgrado,Servicios,Cajero,56,23600.0,Media
8399,Media Superior,Servicios,Fumigador,37,12000.0,Baja
8400,Posgrado,Informal,Psicoanalista,54,35700.0,Alta
8401,Posgrado,Manufactura,Escritor,55,26400.0,Media
8402,Licenciatura,Finanzas,Fumigador,27,19100.0,Media
8403,Media Superior,Informal,Diseñador/a gráfico,39,10100.0,Baja
8404,Licenciatura,Construcción,Repartidor,35,8800.0,Baja
8405,Posgrado,Finanzas,Químico/a,39,24500.0,Media
8406,Licenciatura,Construcción,Lingüista,30,8500.0,Baja
8407,Media Superior,Gobierno,Barbero,26,8700.0,Baja
8408,Media Superior,Comercio,Cocinero,36,8500.0,Baja
8409,Licenciatura,Informal,Panadero,30,13000.0,Baja
8410,Media Superior,Finanzas,Fumigador,53,14300.0,Baja
8411,Media Superior,Gobierno,Profesor/a,50,26100.0,Media
8412,Básica,Comercio,Barbero,40,8500.0,Baja
8413,Licenciatura,Gobierno,Apicultor,54,20600.0,Media
8414,Licenciatura,Comercio,Químico/a,47,24400.0,Media
8415,Media Superior,Construcción,Lutier,46,8500.0,Baja
8416,Licenciatura,Informal,Joyero,48,8500.0,Baja
8417,Media Superior,Servicios,Agricultor,26,8500.0,Baja
8418,Media Superior,Manufactura,Físico/a,25,8500.0,Baja
8419,Licenciatura,Informal,Peluquero,52,22000.0,Media
8420,Licenciatura,Servicios,Pescador,44,9500.0,Baja
8421,Básica,Finanzas,Bombero,43,13800.0,Baja
8422,Básica,Servicios,Cajero,32,8500.0,Baja
8423,Básica,Servicios,Bombero,33,16900.0,Media
8424,Media Superior,Manufactura,Lingüista,40,8500.0,Baja
8425,Licenciatura,Comercio,Obrero,21,12500.0,Baja
8426,Media Superior,Finanzas,Profesor/a,24,15600.0,Media
8427,Básica,Informal,Profesor/a,59,20000.0,Media
8428,Media Superior,Manufactura,Tornero,23,16700.0,Media
8429,Posgrado,Servicios,Repartidor,41,23100.0,Media
8430,Media Superior,Servicios,Mecánico,29,8500.0,Baja
8431,Media Superior,Construcción,Físico/a,55,24800.0,Media
8432,Básica,Manufactura,Peluquero,43,13000.0,Baja
8433,Licenciatura,Manufactura,Soldador,21,8500.0,Baja
8434,Licenciatura,Manufactura,Kinesiólogo/a,37,8500.0,Baja
8435,Media Superior,Servicios,Cajero,45,13100.0,Baja
8436,Básica,Servicios,Lingüista,33,15500.0,Media
8437,Licenciatura,Gobierno,Cerrajero,39,21500.0,Media
8438,Media Superior,Informal,Carpintero,47,8500.0,Baja
8439,Posgrado,Informal,Relojero,42,21200.0,Media
8440,Media Superior,Manufactura,Peluquero,43,8500.0,Baja
8441,Posgrado,Construcción,Peletero,28,15600.0,Media
8442,Básica,Servicios,Animador,30,13600.0,Baja
8443,Licenciatura,Gobierno,Pintor,51,10200.0,Baja
8444,Media Superior,Construcción,Contador/a,59,32800.0,Media
8445,Básica,Manufactura,Escultor,34,8500.0,Baja
8446,Licenciatura,Servicios,Albañil,41,17700.0,Media
8447,Media Superior,Comercio,Leñador,27,10200.0,Baja
8448,Licenciatura,Finanzas,Afilador,56,24800.0,Media
8449,Básica,Comercio,Carpintero,40,15700.0,Media
8450,Básica,Finanzas,Pastor,42,11000.0,Baja
8451,Básica,Servicios,Camarero,26,10400.0,Baja
8452,Básica,Comercio,Enfermero/a,48,8500.0,Baja
8453,Media Superior,Manufactura,Pintor,32,11900.0,Baja
8454,Básica,Gobierno,Pescador,30,8500.0,Baja
8455,Media Superior,Manufactura,Barrendero,37,8500.0,Baja
8456,Media Superior,Finanzas,Actuario/a,24,8500.0,Baja
8457,Básica,Construcción,Farmacólogo/a,31,8500.0,Baja
8458,Licenciatura,Manufactura,Pastor,23,8500.0,Baja
8459,Básica,Manufactura,Panadero,39,8500.0,Baja
8460,Media Superior,Informal,Técnico/a de sonido,20,10200.0,Baja
8461,Media Superior,Finanzas,Camarero,53,16200.0,Media
8462,Licenciatura,Informal,Ingeniero/a,33,9200.0,Baja
8463,Licenciatura,Servicios,Químico/a,48,32700.0,Media
8464,Básica,Gobierno,Veterinario/a,24,13300.0,Baja
8465,Licenciatura,Gobierno,Lechero,51,18900.0,Media
8466,Licenciatura,Servicios,Peluquero,43,18500.0,Media
8467,Posgrado,Finanzas,Escultor,53,33600.0,Media
8468,Básica,Servicios,Afilador,44,11100.0,Baja
8469,Licenciatura,Informal,Administrador/a,28,8500.0,Baja
8470,Básica,Servicios,Kinesiólogo/a,37,10600.0,Baja
8471,Licenciatura,Gobierno,Vendedor,51,13900.0,Baja
8472,Licenciatura,Gobierno,Físico/a,51,24800.0,Media
8473,Media Superior,Construcción,Relojero,35,11600.0,Baja
8474,Licenciatura,Servicios,Joyero,46,17700.0,Media
8475,Licenciatura,Comercio,Obrero,49,12800.0,Baja
8476,Posgrado,Servicios,Barrendero,38,9800.0,Baja
8477,Licenciatura,Manufactura,Bombero,24,8500.0,Baja
8478,Licenciatura,Construcción,Herrero,47,18400.0,Media
8479,Posgrado,Servicios,Escultor,26,13800.0,Baja
8480,Básica,Construcción,Obrero,20,11600.0,Baja
8481,Licenciatura,Finanzas,Diseñador/a gráfico,39,19900.0,Media
8482,Media Superior,Construcción,Programador,57,19300.0,Media
8483,Media Superior,Manufactura,Escultor,45,12500.0,Baja
8484,Media Superior,Gobierno,Enfermero/a,42,17600.0,Media
8485,Licenciatura,Finanzas,Geógrafo/a,31,12500.0,Baja
8486,Licenciatura,Gobierno,Albañil,50,25200.0,Media
8487,Posgrado,Manufactura,Escultor,35,22600.0,Media
8488,Básica,Gobierno,Telefonista,43,18800.0,Media
8489,Licenciatura,Informal,Frutero,41,13100.0,Baja
8490,Licenciatura,Servicios,Pescador,55,20800.0,Media
8491,Básica,Gobierno,Vendedor,47,14700.0,Baja
8492,Licenciatura,Manufactura,Pescador,20,8500.0,Baja
8493,Media Superior,Manufactura,Profesor/a,58,23000.0,Media
8494,Posgrado,Informal,Ingeniero/a,36,23900.0,Media
8495,Media Superior,Gobierno,Barbero,30,9900.0,Baja
8496,Media Superior,Manufactura,Soldador,59,17500.0,Media
8497,Básica,Gobierno,Carpintero,25,8500.0,Baja
8498,Media Superior,Manufactura,Peletero,22,9700.0,Baja
8499,Licenciatura,Construcción,Ingeniero/a,23,8500.0,Baja
8500,Licenciatura,Construcción,Peletero,31,12700.0,Baja
8501,Básica,Comercio,Peletero,31,8500.0,Baja
8502,Básica,Comercio,Cocinero,46,8500.0,Baja
8503,Licenciatura,Gobierno,Filólogo/a,55,23900.0,Media
8504,Licenciatura,Comercio,Químico/a,21,8500.0,Baja
8505,Posgrado,Servicios,Vendedor,22,14700.0,Baja
8506,Media Superior,Gobierno,Imprentero,23,9900.0,Baja
8507,Licenciatura,Gobierno,Periodista,33,19000.0,Media
8508,Licenciatura,Finanzas,Albañil,20,11400.0,Baja
8509,Licenciatura,Servicios,Técnico/a de sonido,57,28200.0,Media
8510,Media Superior,Servicios,Pescador,56,17300.0,Media
8511,Licenciatura,Comercio,Repartidor,38,10200.0,Baja
8512,Posgrado,Construcción,Bombero,47,23600.0,Media
8513,Básica,Servicios,Lavandero,24,8500.0,Baja
8514,Licenciatura,Informal,Administrador/a,55,17700.0,Media
8515,Licenciatura,Comercio,Fumigador,42,9800.0,Baja
8516,Básica,Manufactura,Profesor/a,40,22300.0,Media
8517,Media Superior,Construcción,Bibliotecario/a,39,12200.0,Baja
8518,Media Superior,Gobierno,Músico/a,50,17500.0,Media
8519,Licenciatura,Manufactura,Cocinero,47,26700.0,Media
8520,Media Superior,Comercio,Arquitecto/a,58,20600.0,Media
8521,Posgrado,Informal,Matemático/a,45,15100.0,Media
8522,Posgrado,Manufactura,Bibliotecario/a,33,16400.0,Media
8523,Básica,Manufactura,Imprentero,53,9100.0,Baja
8524,Posgrado,Informal,Lingüista,24,8500.0,Baja
8525,Licenciatura,Construcción,Periodista,20,11000.0,Baja
8526,Licenciatura,Gobierno,Animador,21,8500.0,Baja
8527,Básica,Comercio,Repartidor,24,8500.0,Baja
8528,Media Superior,Manufactura,Frutero,26,8500.0,Baja
8529,Licenciatura,Finanzas,Leñador,55,26600.0,Media
8530,Licenciatura,Comercio,Pastor,30,17900.0,Media
8531,Media Superior,Informal,Herrero,55,22800.0,Media
8532,Básica,Servicios,Físico/a,25,18200.0,Media
8533,Básica,Finanzas,Lutier,37,8500.0,Baja
8534,Media Superior,Servicios,Telefonista,34,12700.0,Baja
8535,Básica,Gobierno,Peletero,52,10000.0,Baja
8536,Básica,Construcción,Bibliotecario/a,56,8500.0,Baja
8537,Licenciatura,Construcción,Químico/a,20,8500.0,Baja
8538,Licenciatura,Gobierno,Administrador/a,54,17200.0,Media
8539,Media Superior,Comercio,Sastre,28,20000.0,Media
8540,Licenciatura,Servicios,Matemático/a,29,13100.0,Baja
8541,Media Superior,Comercio,Pastor,42,8500.0,Baja
8542,Media Superior,Construcción,Profesor/a,53,21300.0,Media
8543,Licenciatura,Servicios,Barrendero,55,25500.0,Media
8544,Media Superior,Servicios,Matemático/a,24,8500.0,Baja
8545,Media Superior,Manufactura,Ferretero,40,12200.0,Baja
8546,Posgrado,Finanzas,Ferretero,49,27900.0,Media
8547,Licenciatura,Construcción,Vendedor,56,11700.0,Baja
8548,Licenciatura,Gobierno,Óptico,56,21500.0,Media
8549,Licenciatura,Comercio,Psicólogo/a,47,12900.0,Baja
8550,Media Superior,Construcción,Fontanero o plomero,34,8500.0,Baja
8551,Media Superior,Construcción,Vendedor,27,8500.0,Baja
8552,Media Superior,Manufactura,Mecánico,38,8500.0,Baja
8553,Licenciatura,Informal,Contador/a,38,15300.0,Media
8554,Media Superior,Manufactura,Cocinero,30,8500.0,Baja
8555,Posgrado,Manufactura,Radiólogo/a,43,10100.0,Baja
8556,Licenciatura,Servicios,Desarrollador/a web,49,29700.0,Media
8557,Licenciatura,Informal,Chofer transportista,33,8500.0,Baja
8558,Licenciatura,Construcción,Apicultor,52,16800.0,Media
8559,Posgrado,Construcción,Cajero,26,8900.0,Baja
8560,Básica,Servicios,Actuario/a,43,14400.0,Baja
8561,Licenciatura,Manufactura,Herrero,37,16600.0,Media
8562,Licenciatura,Manufactura,Actuario/a,56,29100.0,Media
8563,Básica,Servicios,Albañil,46,9100.0,Baja
8564,Media Superior,Servicios,Arquitecto/a,24,11400.0,Baja
8565,Media Superior,Servicios,Ferretero,48,17400.0,Media
8566,Licenciatura,Manufactura,Barbero,39,12500.0,Baja
8567,Licenciatura,Finanzas,Biólogo/a,35,19800.0,Media
8568,Media Superior,Manufactura,Zapatero,31,12800.0,Baja
8569,Posgrado,Manufactura,Panadero,46,8800.0,Baja
8570,Básica,Manufactura,Apicultor,41,13600.0,Baja
8571,Básica,Comercio,Vendedor,21,8500.0,Baja
8572,Licenciatura,Comercio,Peluquero,30,9700.0,Baja
8573,Licenciatura,Manufactura,Arquitecto/a,35,13200.0,Baja
8574,Media Superior,Finanzas,Cerrajero,20,8500.0,Baja
8575,Licenciatura,Construcción,Óptico,34,17700.0,Media
8576,Media Superior,Finanzas,Peluquero,50,16000.0,Media
8577,Licenciatura,Comercio,Kinesiólogo/a,21,8500.0,Baja
8578,Licenciatura,Construcción,Barbero,25,8500.0,Baja
8579,Posgrado,Manufactura,Bibliotecario/a,48,24400.0,Media
8580,Licenciatura,Gobierno,Agricultor,34,17300.0,Media
8581,Licenciatura,Informal,Agricultor,54,16000.0,Media
8582,Licenciatura,Servicios,Animador,31,9900.0,Baja
8583,Media Superior,Comercio,Carpintero,45,13900.0,Baja
8584,Básica,Finanzas,Fumigador,58,19600.0,Media
8585,Licenciatura,Construcción,Soldador,44,14000.0,Baja
8586,Básica,Informal,Animador,43,8500.0,Baja
8587,Posgrado,Gobierno,Jardinero,32,20300.0,Media
8588,Licenciatura,Informal,Peletero,35,13200.0,Baja
8589,Posgrado,Construcción,Desarrollador/a web,27,20100.0,Media
8590,Media Superior,Servicios,Cerrajero,26,12200.0,Baja
8591,Media Superior,Comercio,Radiólogo/a,45,16600.0,Media
8592,Posgrado,Finanzas,Cocinero,26,18800.0,Media
8593,Media Superior,Servicios,Guardabosques,41,9800.0,Baja
8594,Media Superior,Servicios,Enfermero/a,32,11400.0,Baja
8595,Licenciatura,Informal,Filólogo/a,21,8500.0,Baja
8596,Posgrado,Comercio,Biólogo/a,53,24800.0,Media
8597,Media Superior,Comercio,Lavandero,58,13400.0,Baja
8598,Licenciatura,Gobierno,Escultor,29,8500.0,Baja
8599,Básica,Gobierno,Pastor,59,9700.0,Baja
8600,Media Superior,Construcción,Peletero,58,18200.0,Media
8601,Media Superior,Manufactura,Jardinero,34,9900.0,Baja
8602,Media Superior,Gobierno,Programador,21,8500.0,Baja
8603,Licenciatura,Construcción,Enfermero/a,34,9800.0,Baja
8604,Licenciatura,Gobierno,Lechero,27,10300.0,Baja
8605,Básica,Finanzas,Pintor,47,16500.0,Media
8606,Posgrado,Manufactura,Repartidor,27,17100.0,Media
8607,Licenciatura,Manufactura,Barbero,33,9200.0,Baja
8608,Licenciatura,Informal,Maestro,56,27300.0,Media
8609,Licenciatura,Informal,Profesor/a,24,13300.0,Baja
8610,Media Superior,Gobierno,Cerrajero,50,17600.0,Media
8611,Licenciatura,Servicios,Imprentero,32,11800.0,Baja
8612,Media Superior,Gobierno,Relojero,46,24900.0,Media
8613,Media Superior,Servicios,Repartidor,58,15400.0,Media
8614,Licenciatura,Gobierno,Escritor,38,16900.0,Media
8615,Media Superior,Comercio,Chofer transportista,43,19000.0,Media
8616,Media Superior,Informal,Artesano,22,8500.0,Baja
8617,Licenciatura,Construcción,Lingüista,27,15500.0,Media
8618,Media Superior,Comercio,Filólogo/a,43,8500.0,Baja
8619,Básica,Construcción,Panadero,33,8500.0,Baja
8620,Licenciatura,Finanzas,Radiólogo/a,52,33700.0,Media
8621,Media Superior,Gobierno,Obrero,34,8500.0,Baja
8622,Media Superior,Finanzas,Carpintero,51,16200.0,Media
8623,Licenciatura,Servicios,Guardabosques,48,17700.0,Media
8624,Básica,Construcción,Meteorólogo/a,58,19300.0,Media
8625,Media Superior,Servicios,Cerrajero,40,15000.0,Media
8626,Licenciatura,Gobierno,Óptico,36,23900.0,Media
8627,Licenciatura,Servicios,Relojero,54,25400.0,Media
8628,Licenciatura,Informal,Jardinero,51,15800.0,Media
8629,Media Superior,Gobierno,Paleontólogo/a,44,18700.0,Media
8630,Media Superior,Construcción,Filólogo/a,32,9100.0,Baja
8631,Media Superior,Informal,Psicoanalista,31,15100.0,Media
8632,Licenciatura,Servicios,Maestro,50,15300.0,Media
8633,Básica,Comercio,Agricultor,49,12600.0,Baja
8634,Posgrado,Construcción,Carnicero,25,8500.0,Baja
8635,Básica,Comercio,Chofer transportista,24,8500.0,Baja
8636,Media Superior,Finanzas,Albañil,58,20700.0,Media
8637,Media Superior,Comercio,Geógrafo/a,46,13500.0,Baja
8638,Licenciatura,Construcción,Periodista,22,8500.0,Baja
8639,Licenciatura,Servicios,Ferretero,38,15400.0,Media
8640,Licenciatura,Comercio,Periodista,22,8500.0,Baja
8641,Licenciatura,Construcción,Peletero,34,11000.0,Baja
8642,Media Superior,Construcción,Kinesiólogo/a,52,25500.0,Media
8643,Media Superior,Servicios,Administrador/a,31,8900.0,Baja
8644,Licenciatura,Finanzas,Administrador/a,24,9200.0,Baja
8645,Básica,Informal,Psicólogo/a,29,8500.0,Baja
8646,Básica,Informal,Veterinario/a,46,18900.0,Media
8647,Licenciatura,Servicios,Físico/a,59,28100.0,Media
8648,Licenciatura,Servicios,Paleontólogo/a,36,23800.0,Media
8649,Licenciatura,Comercio,Físico/a,42,20400.0,Media
8650,Licenciatura,Construcción,Telefonista,27,12500.0,Baja
8651,Básica,Servicios,Pastor,32,8500.0,Baja
8652,Media Superior,Gobierno,Arquitecto/a,57,31300.0,Media
8653,Licenciatura,Informal,Fontanero o plomero,20,8500.0,Baja
8654,Licenciatura,Comercio,Actuario/a,40,22700.0,Media
8655,Básica,Gobierno,Zapatero,40,17900.0,Media
8656,Básica,Manufactura,Escultor,55,13000.0,Baja
8657,Licenciatura,Construcción,Herrero,55,13800.0,Baja
8658,Licenciatura,Manufactura,Leñador,35,11900.0,Baja
8659,Media Superior,Manufactura,Abogado/a,39,17800.0,Media
8660,Licenciatura,Comercio,Enfermero/a,29,12700.0,Baja
8661,Media Superior,Servicios,Biólogo/a,44,21100.0,Media
8662,Posgrado,Manufactura,Fontanero o plomero,56,24100.0,Media
8663,Licenciatura,Construcción,Escritor,51,20800.0,Media
8664,Licenciatura,Servicios,Cocinero,21,8500.0,Baja
8665,Media Superior,Informal,Profesor/a,56,19500.0,Media
8666,Licenciatura,Finanzas,Agricultor,49,22200.0,Media
8667,Básica,Manufactura,Frutero,53,13900.0,Baja
8668,Básica,Manufactura,Escultor,55,12200.0,Baja
8669,Licenciatura,Construcción,Médico/a cirujano/a,41,22900.0,Media
8670,Licenciatura,Gobierno,Camarero,30,13300.0,Baja
8671,Media Superior,Servicios,Óptico,43,13500.0,Baja
8672,Media Superior,Servicios,Panadero,39,8500.0,Baja
8673,Licenciatura,Finanzas,Artesano,31,13300.0,Baja
8674,Posgrado,Servicios,Contador/a,55,21700.0,Media
8675,Posgrado,Informal,Frutero,40,20100.0,Media
8676,Licenciatura,Gobierno,Pescador,23,8500.0,Baja
8677,Básica,Gobierno,Técnico/a de sonido,48,18500.0,Media
8678,Licenciatura,Servicios,Zapatero,38,8500.0,Baja
8679,Básica,Servicios,Óptico,56,26200.0,Media
8680,Licenciatura,Finanzas,Albañil,50,18100.0,Media
8681,Licenciatura,Informal,Paleontólogo/a,23,8500.0,Baja
8682,Posgrado,Comercio,Mecánico,34,13600.0,Baja
8683,Licenciatura,Informal,Escritor,36,8500.0,Baja
8684,Licenciatura,Finanzas,Arquitecto/a,51,35800.0,Alta
8685,Licenciatura,Informal,Biólogo/a,54,18700.0,Media
8686,Media Superior,Comercio,Administrador/a,49,9800.0,Baja
8687,Posgrado,Servicios,Escultor,42,23200.0,Media
8688,Licenciatura,Construcción,Actuario/a,38,23200.0,Media
8689,Licenciatura,Finanzas,Meteorólogo/a,44,20900.0,Media
8690,Licenciatura,Comercio,Imprentero,55,18700.0,Media
8691,Licenciatura,Servicios,Afilador,58,22500.0,Media
8692,Media Superior,Construcción,Psicólogo/a,22,9800.0,Baja
8693,Licenciatura,Gobierno,Carpintero,55,16400.0,Media
8694,Media Superior,Finanzas,Lutier,55,12100.0,Baja
8695,Licenciatura,Construcción,Afilador,41,20600.0,Media
8696,Básica,Comercio,Maestro,59,13700.0,Baja
8697,Básica,Finanzas,Óptico,32,8500.0,Baja
8698,Media Superior,Manufactura,Maestro,35,16100.0,Media
8699,Licenciatura,Manufactura,Vendedor,43,14100.0,Baja
8700,Licenciatura,Comercio,Pastor,46,8500.0,Baja
8701,Básica,Servicios,Paleontólogo/a,42,13900.0,Baja
8702,Básica,Servicios,Lingüista,37,13900.0,Baja
8703,Licenciatura,Informal,Fontanero o plomero,25,11300.0,Baja
8704,Licenciatura,Construcción,Artesano,30,8500.0,Baja
8705,Licenciatura,Gobierno,Peletero,27,8500.0,Baja
8706,Licenciatura,Finanzas,Peluquero,30,8500.0,Baja
8707,Licenciatura,Manufactura,Obrero,26,8500.0,Baja
8708,Licenciatura,Comercio,Mecánico,33,14000.0,Baja
8709,Media Superior,Construcción,Camarero,44,13600.0,Baja
8710,Posgrado,Gobierno,Tornero,30,22200.0,Media
8711,Básica,Finanzas,Carpintero,22,9300.0,Baja
8712,Media Superior,Construcción,Contador/a,31,8500.0,Baja
8713,Licenciatura,Comercio,Joyero,36,15700.0,Media
8714,Licenciatura,Servicios,Abogado/a,32,10200.0,Baja
8715,Media Superior,Informal,Pastor,42,8500.0,Baja
8716,Media Superior,Informal,Vendedor,50,8500.0,Baja
8717,Media Superior,Manufactura,Pescador,27,8500.0,Baja
8718,Posgrado,Gobierno,Veterinario/a,56,33200.0,Media
8719,Media Superior,Comercio,Paleontólogo/a,44,24800.0,Media
8720,Básica,Servicios,Farmacólogo/a,24,12200.0,Baja
8721,Posgrado,Finanzas,Telefonista,25,19900.0,Media
8722,Media Superior,Informal,Óptico,55,24600.0,Media
8723,Licenciatura,Informal,Químico/a,39,20500.0,Media
8724,Licenciatura,Servicios,Leñador,53,19200.0,Media
8725,Básica,Informal,Repartidor,26,8500.0,Baja
8726,Media Superior,Informal,Cerrajero,29,8500.0,Baja
8727,Licenciatura,Comercio,Abogado/a,20,9500.0,Baja
8728,Licenciatura,Comercio,Psicoanalista,22,16200.0,Media
8729,Posgrado,Manufactura,Diseñador/a gráfico,39,24600.0,Media
8730,Media Superior,Servicios,Bibliotecario/a,43,13900.0,Baja
8731,Media Superior,Informal,Filólogo/a,34,8500.0,Baja
8732,Licenciatura,Construcción,Filólogo/a,31,9700.0,Baja
8733,Licenciatura,Gobierno,Chofer transportista,42,8500.0,Baja
8734,Básica,Finanzas,Lechero,44,17900.0,Media
8735,Media Superior,Servicios,Zapatero,27,8500.0,Baja
8736,Básica,Informal,Médico/a cirujano/a,21,10500.0,Baja
8737,Media Superior,Manufactura,Economista,22,14400.0,Baja
8738,Licenciatura,Gobierno,Herrero,22,9600.0,Baja
8739,Media Superior,Servicios,Jardinero,45,13500.0,Baja
8740,Licenciatura,Manufactura,Físico/a,31,20400.0,Media
8741,Licenciatura,Gobierno,Desarrollador/a web,40,17000.0,Media
8742,Básica,Informal,Técnico/a de sonido,45,14800.0,Baja
8743,Licenciatura,Servicios,Sastre,32,17500.0,Media
8744,Básica,Informal,Músico/a,44,13600.0,Baja
8745,Media Superior,Comercio,Desarrollador/a web,51,23000.0,Media
8746,Básica,Manufactura,Arquitecto/a,50,18200.0,Media
8747,Licenciatura,Manufactura,Apicultor,20,11600.0,Baja
8748,Media Superior,Finanzas,Psicólogo/a,39,20200.0,Media
8749,Posgrado,Servicios,Diseñador/a gráfico,49,28600.0,Media
8750,Posgrado,Finanzas,Barbero,45,25900.0,Media
8751,Media Superior,Finanzas,Traductor/a,24,8500.0,Baja
8752,Licenciatura,Informal,Historiador/a,36,12100.0,Baja
8753,Licenciatura,Servicios,Frutero,49,24700.0,Media
8754,Media Superior,Servicios,Bibliotecario/a,37,8500.0,Baja
8755,Licenciatura,Gobierno,Traductor/a,40,23000.0,Media
8756,Básica,Manufactura,Contador/a,44,8500.0,Baja
8757,Licenciatura,Informal,Herrero,44,13400.0,Baja
8758,Licenciatura,Manufactura,Médico/a cirujano/a,47,23100.0,Media
8759,Posgrado,Comercio,Arquitecto/a,56,32400.0,Media
8760,Licenciatura,Informal,Obrero,38,11700.0,Baja
8761,Posgrado,Finanzas,Pescador,26,28800.0,Media
8762,Media Superior,Manufactura,Animador,49,18000.0,Media
8763,Licenciatura,Manufactura,Kinesiólogo/a,36,17200.0,Media
8764,Licenciatura,Servicios,Chofer transportista,37,18000.0,Media
8765,Licenciatura,Servicios,Historiador/a,27,8500.0,Baja
8766,Media Superior,Servicios,Lutier,35,17000.0,Media
8767,Media Superior,Servicios,Kinesiólogo/a,32,13900.0,Baja
8768,Licenciatura,Informal,Bombero,46,21100.0,Media
8769,Licenciatura,Informal,Psicólogo/a,43,9100.0,Baja
8770,Básica,Informal,Abogado/a,44,10500.0,Baja
8771,Licenciatura,Comercio,Pescador,47,18800.0,Media
8772,Media Superior,Informal,Radiólogo/a,36,8500.0,Baja
8773,Licenciatura,Comercio,Médico/a cirujano/a,40,20000.0,Media
8774,Básica,Manufactura,Carnicero,52,8500.0,Baja
8775,Licenciatura,Servicios,Agricultor,41,26200.0,Media
8776,Media Superior,Servicios,Telefonista,40,19300.0,Media
8777,Básica,Construcción,Frutero,23,8500.0,Baja
8778,Media Superior,Gobierno,Repartidor,46,15100.0,Media
8779,Licenciatura,Gobierno,Bombero,58,20200.0,Media
8780,Básica,Informal,Sastre,59,8500.0,Baja
8781,Básica,Construcción,Pescador,24,8500.0,Baja
8782,Licenciatura,Informal,Tornero,42,15600.0,Media
8783,Licenciatura,Servicios,Lingüista,42,26000.0,Media
8784,Posgrado,Informal,Químico/a,29,12500.0,Baja
8785,Media Superior,Servicios,Enfermero/a,23,8500.0,Baja
8786,Licenciatura,Servicios,Arquitecto/a,23,13600.0,Baja
8787,Posgrado,Manufactura,Tornero,44,23900.0,Media
8788,Licenciatura,Servicios,Economista,50,17200.0,Media
8789,Licenciatura,Informal,Profesor/a,50,16100.0,Media
8790,Licenciatura,Manufactura,Peluquero,55,13600.0,Baja
8791,Básica,Construcción,Ingeniero/a,28,14400.0,Baja
8792,Posgrado,Servicios,Programador,29,21700.0,Media
8793,Media Superior,Informal,Vigilante,56,15700.0,Media
8794,Media Superior,Comercio,Bombero,32,8500.0,Baja
8795,Licenciatura,Comercio,Profesor/a,34,8500.0,Baja
8796,Licenciatura,Informal,Arquitecto/a,29,8500.0,Baja
8797,Licenciatura,Gobierno,Sastre,44,28500.0,Media
8798,Básica,Informal,Maestro,55,17400.0,Media
8799,Licenciatura,Servicios,Repartidor,28,17900.0,Media
8800,Media Superior,Finanzas,Vendedor,41,14800.0,Baja
8801,Licenciatura,Informal,Ingeniero/a,29,8500.0,Baja
8802,Posgrado,Comercio,Filólogo/a,36,13900.0,Baja
8803,Licenciatura,Servicios,Médico/a cirujano/a,30,14000.0,Baja
8804,Licenciatura,Comercio,Biólogo/a,39,18800.0,Media
8805,Media Superior,Gobierno,Economista,35,12200.0,Baja
8806,Básica,Manufactura,Herrero,48,13800.0,Baja
8807,Básica,Servicios,Programador,33,14500.0,Baja
8808,Media Superior,Servicios,Óptico,53,18000.0,Media
8809,Básica,Informal,Camarero,57,15600.0,Media
8810,Media Superior,Construcción,Carpintero,22,8500.0,Baja
8811,Licenciatura,Finanzas,Albañil,38,14400.0,Baja
8812,Media Superior,Construcción,Pintor,55,13800.0,Baja
8813,Media Superior,Informal,Lutier,20,12500.0,Baja
8814,Licenciatura,Manufactura,Joyero,42,11600.0,Baja
8815,Básica,Servicios,Cocinero,43,8900.0,Baja
8816,Media Superior,Construcción,Psicólogo/a,59,19300.0,Media
8817,Licenciatura,Comercio,Cajero,49,15000.0,Media
8818,Licenciatura,Gobierno,Guardabosques,39,8500.0,Baja
8819,Media Superior,Servicios,Barrendero,30,12600.0,Baja
8820,Licenciatura,Informal,Panadero,21,8500.0,Baja
8821,Básica,Gobierno,Mecánico,48,24300.0,Media
8822,Licenciatura,Construcción,Leñador,37,18200.0,Media
8823,Media Superior,Gobierno,Herrero,39,22700.0,Media
8824,Posgrado,Servicios,Arquitecto/a,52,33900.0,Media
8825,Licenciatura,Gobierno,Obrero,53,23300.0,Media
8826,Básica,Finanzas,Barbero,32,8500.0,Baja
8827,Básica,Servicios,Meteorólogo/a,46,12700.0,Baja
8828,Media Superior,Informal,Imprentero,40,15800.0,Media
8829,Licenciatura,Informal,Peletero,52,13100.0,Baja
8830,Media Superior,Informal,Mecánico,46,8500.0,Baja
8831,Media Superior,Servicios,Lavandero,23,8500.0,Baja
8832,Licenciatura,Informal,Guardabosques,41,8500.0,Baja
8833,Media Superior,Gobierno,Lingüista,26,10200.0,Baja
8834,Básica,Servicios,Periodista,56,15100.0,Media
8835,Licenciatura,Gobierno,Telefonista,23,13300.0,Baja
8836,Licenciatura,Servicios,Repartidor,26,10900.0,Baja
8837,Media Superior,Finanzas,Obrero,52,30200.0,Media
8838,Licenciatura,Servicios,Químico/a,57,34500.0,Media
8839,Licenciatura,Comercio,Diseñador/a gráfico,41,14000.0,Baja
8840,Licenciatura,Finanzas,Periodista,31,15900.0,Media
8841,Básica,Servicios,Barbero,35,8500.0,Baja
8842,Básica,Finanzas,Mecánico,31,11400.0,Baja
8843,Básica,Finanzas,Panadero,58,16200.0,Media
8844,Media Superior,Comercio,Cocinero,42,8800.0,Baja
8845,Licenciatura,Manufactura,Músico/a,20,8500.0,Baja
8846,Licenciatura,Informal,Pintor,47,19900.0,Media
8847,Media Superior,Servicios,Leñador,59,18200.0,Media
8848,Media Superior,Servicios,Peluquero,37,8500.0,Baja
8849,Licenciatura,Gobierno,Pescador,35,17500.0,Media
8850,Licenciatura,Servicios,Maestro,29,9200.0,Baja
8851,Licenciatura,Informal,Lechero,33,8500.0,Baja
8852,Básica,Comercio,Vendedor,39,8500.0,Baja
8853,Básica,Finanzas,Guardabosques,22,8800.0,Baja
8854,Posgrado,Informal,Biólogo/a,40,10600.0,Baja
8855,Posgrado,Servicios,Artesano,23,8500.0,Baja
8856,Licenciatura,Informal,Barbero,51,12900.0,Baja
8857,Licenciatura,Manufactura,Kinesiólogo/a,54,30900.0,Media
8858,Básica,Construcción,Leñador,37,17200.0,Media
8859,Licenciatura,Finanzas,Barrendero,48,17400.0,Media
8860,Media Superior,Informal,Peletero,58,12000.0,Baja
8861,Licenciatura,Finanzas,Profesor/a,37,21000.0,Media
8862,Básica,Gobierno,Vigilante,57,22200.0,Media
8863,Media Superior,Gobierno,Vendedor,44,8500.0,Baja
8864,Licenciatura,Servicios,Fumigador,45,12800.0,Baja
8865,Licenciatura,Informal,Pintor,28,8500.0,Baja
8866,Básica,Finanzas,Leñador,58,22100.0,Media
8867,Básica,Servicios,Afilador,58,20300.0,Media
8868,Media Superior,Servicios,Radiólogo/a,23,11800.0,Baja
8869,Media Superior,Informal,Animador,40,8500.0,Baja
8870,Licenciatura,Manufactura,Técnico/a de sonido,45,10200.0,Baja
8871,Licenciatura,Informal,Técnico/a de sonido,25,8500.0,Baja
8872,Básica,Comercio,Fumigador,26,8500.0,Baja
8873,Licenciatura,Comercio,Lechero,40,15000.0,Media
8874,Posgrado,Construcción,Químico/a,29,12800.0,Baja
8875,Media Superior,Servicios,Óptico,34,14500.0,Baja
8876,Posgrado,Manufactura,Repartidor,48,28500.0,Media
8877,Licenciatura,Servicios,Leñador,55,10100.0,Baja
8878,Licenciatura,Servicios,Imprentero,22,15900.0,Media
8879,Licenciatura,Servicios,Biólogo/a,47,18100.0,Media
8880,Licenciatura,Manufactura,Cajero,20,10300.0,Baja
8881,Posgrado,Servicios,Peletero,27,20000.0,Media
8882,Básica,Gobierno,Pastor,39,12100.0,Baja
8883,Licenciatura,Construcción,Profesor/a,41,22700.0,Media
8884,Licenciatura,Informal,Leñador,24,8500.0,Baja
8885,Licenciatura,Manufactura,Guardabosques,26,13800.0,Baja
8886,Básica,Finanzas,Obrero,39,15800.0,Media
8887,Media Superior,Gobierno,Fumigador,49,25400.0,Media
8888,Licenciatura,Comercio,Soldador,52,13600.0,Baja
8889,Licenciatura,Servicios,Panadero,33,11000.0,Baja
8890,Licenciatura,Gobierno,Peletero,52,22900.0,Media
8891,Posgrado,Manufactura,Matemático/a,58,27400.0,Media
8892,Básica,Manufactura,Cocinero,56,16400.0,Media
8893,Licenciatura,Gobierno,Lutier,42,27100.0,Media
8894,Media Superior,Gobierno,Enfermero/a,50,19800.0,Media
8895,Posgrado,Gobierno,Maestro,52,23400.0,Media
8896,Media Superior,Informal,Bombero,27,8500.0,Baja
8897,Media Superior,Gobierno,Repartidor,58,20600.0,Media
8898,Licenciatura,Informal,Zapatero,27,8500.0,Baja
8899,Licenciatura,Gobierno,Filólogo/a,23,13800.0,Baja
8900,Licenciatura,Comercio,Obrero,33,12700.0,Baja
8901,Licenciatura,Construcción,Carpintero,48,8500.0,Baja
8902,Licenciatura,Construcción,Lingüista,44,17900.0,Media
8903,Media Superior,Gobierno,Mecánico,26,8500.0,Baja
8904,Básica,Informal,Traductor/a,21,12800.0,Baja
8905,Media Superior,Servicios,Agricultor,49,18000.0,Media
8906,Licenciatura,Comercio,Zapatero,59,8500.0,Baja
8907,Básica,Servicios,Carnicero,50,15200.0,Media
8908,Básica,Informal,Pescador,43,8500.0,Baja
8909,Básica,Manufactura,Químico/a,32,15300.0,Media
8910,Media Superior,Construcción,Economista,22,16800.0,Media
8911,Licenciatura,Manufactura,Cocinero,31,14100.0,Baja
8912,Media Superior,Construcción,Carpintero,55,10200.0,Baja
8913,Licenciatura,Manufactura,Desarrollador/a web,23,16500.0,Media
8914,Media Superior,Comercio,Obrero,53,11400.0,Baja
8915,Media Superior,Servicios,Químico/a,48,19100.0,Media
8916,Licenciatura,Gobierno,Agricultor,43,24700.0,Media
8917,Media Superior,Servicios,Imprentero,21,8900.0,Baja
8918,Licenciatura,Finanzas,Artesano,37,13600.0,Baja
8919,Media Superior,Servicios,Peletero,51,17400.0,Media
8920,Licenciatura,Informal,Óptico,35,8500.0,Baja
8921,Licenciatura,Construcción,Mecánico,37,13500.0,Baja
8922,Posgrado,Servicios,Afilador,48,16200.0,Media
8923,Media Superior,Manufactura,Apicultor,57,15900.0,Media
8924,Media Superior,Informal,Soldador,23,9700.0,Baja
8925,Posgrado,Gobierno,Chofer transportista,49,18800.0,Media
8926,Licenciatura,Manufactura,Economista,52,20300.0,Media
8927,Licenciatura,Construcción,Peluquero,48,15100.0,Media
8928,Licenciatura,Gobierno,Bombero,45,10800.0,Baja
8929,Media Superior,Servicios,Guardabosques,50,8900.0,Baja
8930,Licenciatura,Construcción,Maestro,45,13800.0,Baja
8931,Licenciatura,Construcción,Barrendero,56,11000.0,Baja
8932,Licenciatura,Informal,Jardinero,25,8500.0,Baja
8933,Licenciatura,Servicios,Carpintero,52,27000.0,Media
8934,Media Superior,Informal,Panadero,26,8500.0,Baja
8935,Básica,Manufactura,Carpintero,44,11100.0,Baja
8936,Posgrado,Gobierno,Soldador,32,14400.0,Baja
8937,Licenciatura,Servicios,Lutier,55,24200.0,Media
8938,Básica,Gobierno,Pintor,23,8500.0,Baja
8939,Licenciatura,Servicios,Relojero,42,11500.0,Baja
8940,Licenciatura,Gobierno,Ingeniero/a,56,28300.0,Media
8941,Licenciatura,Comercio,Radiólogo/a,51,17400.0,Media
8942,Básica,Construcción,Frutero,32,13900.0,Baja
8943,Licenciatura,Gobierno,Radiólogo/a,48,24200.0,Media
8944,Básica,Comercio,Pastor,38,17100.0,Media
8945,Licenciatura,Gobierno,Farmacólogo/a,38,28300.0,Media
8946,Licenciatura,Servicios,Maestro,45,14300.0,Baja
8947,Media Superior,Finanzas,Enfermero/a,37,24100.0,Media
8948,Licenciatura,Gobierno,Relojero,45,18600.0,Media
8949,Básica,Finanzas,Maestro,23,12500.0,Baja
8950,Licenciatura,Comercio,Meteorólogo/a,47,18500.0,Media
8951,Licenciatura,Construcción,Apicultor,30,17300.0,Media
8952,Licenciatura,Manufactura,Camarero,53,15600.0,Media
8953,Básica,Servicios,Panadero,25,8500.0,Baja
8954,Media Superior,Construcción,Carnicero,59,19100.0,Media
8955,Licenciatura,Construcción,Historiador/a,56,24200.0,Media
8956,Básica,Manufactura,Agricultor,26,8500.0,Baja
8957,Licenciatura,Gobierno,Carpintero,53,24000.0,Media
8958,Licenciatura,Servicios,Pescador,51,14700.0,Baja
8959,Media Superior,Comercio,Arquitecto/a,53,16100.0,Media
8960,Licenciatura,Servicios,Pastor,42,17300.0,Media
8961,Licenciatura,Servicios,Jardinero,35,14300.0,Baja
8962,Media Superior,Gobierno,Desarrollador/a web,37,13500.0,Baja
8963,Media Superior,Servicios,Profesor/a,23,8500.0,Baja
8964,Licenciatura,Informal,Jardinero,20,8500.0,Baja
8965,Licenciatura,Finanzas,Agricultor,36,11100.0,Baja
8966,Básica,Manufactura,Economista,47,8500.0,Baja
8967,Básica,Comercio,Veterinario/a,36,18300.0,Media
8968,Licenciatura,Gobierno,Fumigador,56,28300.0,Media
8969,Licenciatura,Servicios,Desarrollador/a web,45,23900.0,Media
8970,Básica,Informal,Farmacólogo/a,20,8500.0,Baja
8971,Licenciatura,Gobierno,Obrero,27,13800.0,Baja
8972,Básica,Servicios,Guardabosques,52,17200.0,Media
8973,Licenciatura,Informal,Repartidor,52,16400.0,Media
8974,Básica,Finanzas,Lingüista,55,26400.0,Media
8975,Posgrado,Servicios,Fumigador,31,17900.0,Media
8976,Licenciatura,Gobierno,Vigilante,23,10300.0,Baja
8977,Básica,Servicios,Escultor,44,15400.0,Media
8978,Licenciatura,Manufactura,Chofer transportista,30,8500.0,Baja
8979,Licenciatura,Gobierno,Programador,56,25200.0,Media
8980,Media Superior,Informal,Farmacólogo/a,36,8500.0,Baja
8981,Licenciatura,Servicios,Administrador/a,37,16300.0,Media
8982,Media Superior,Comercio,Químico/a,48,20800.0,Media
8983,Licenciatura,Servicios,Bombero,26,12200.0,Baja
8984,Licenciatura,Servicios,Tornero,36,10200.0,Baja
8985,Media Superior,Construcción,Técnico/a de sonido,26,10400.0,Baja
8986,Media Superior,Construcción,Cajero,59,13200.0,Baja
8987,Licenciatura,Informal,Peletero,40,14500.0,Baja
8988,Licenciatura,Finanzas,Lechero,57,23900.0,Media
8989,Media Superior,Manufactura,Lutier,34,8800.0,Baja
8990,Básica,Finanzas,Bombero,28,10200.0,Baja
8991,Media Superior,Servicios,Telefonista,37,8500.0,Baja
8992,Licenciatura,Comercio,Carnicero,44,23300.0,Media
8993,Básica,Informal,Psicoanalista,37,8500.0,Baja
8994,Media Superior,Manufactura,Repartidor,36,8500.0,Baja
8995,Básica,Servicios,Apicultor,21,11400.0,Baja
8996,Media Superior,Informal,Frutero,49,11600.0,Baja
8997,Licenciatura,Servicios,Maestro,40,14100.0,Baja
8998,Básica,Construcción,Joyero,26,8500.0,Baja
8999,Licenciatura,Manufactura,Carnicero,22,18700.0,Media
9000,Media Superior,Servicios,Carnicero,20,9100.0,Baja
9001,Básica,Manufactura,Tornero,46,8500.0,Baja
9002,Licenciatura,Informal,Carpintero,37,9700.0,Baja
9003,Licenciatura,Manufactura,Jardinero,34,8500.0,Baja
9004,Media Superior,Manufactura,Bombero,43,12300.0,Baja
9005,Media Superior,Manufactura,Obrero,56,13900.0,Baja
9006,Licenciatura,Informal,Jardinero,58,18100.0,Media
9007,Media Superior,Informal,Médico/a cirujano/a,28,8500.0,Baja
9008,Media Superior,Manufactura,Lutier,42,8500.0,Baja
9009,Licenciatura,Comercio,Matemático/a,26,8500.0,Baja
9010,Licenciatura,Informal,Filólogo/a,35,8500.0,Baja
9011,Licenciatura,Manufactura,Físico/a,45,25000.0,Media
9012,Media Superior,Manufactura,Físico/a,43,14000.0,Baja
9013,Media Superior,Finanzas,Filólogo/a,53,22500.0,Media
9014,Licenciatura,Manufactura,Frutero,22,11500.0,Baja
9015,Media Superior,Comercio,Biólogo/a,59,21600.0,Media
9016,Básica,Informal,Biólogo/a,50,8500.0,Baja
9017,Media Superior,Informal,Mecánico,29,8500.0,Baja
9018,Posgrado,Gobierno,Arquitecto/a,20,24100.0,Media
9019,Básica,Manufactura,Economista,57,28000.0,Media
9020,Licenciatura,Finanzas,Pescador,58,22300.0,Media
9021,Licenciatura,Manufactura,Animador,22,8500.0,Baja
9022,Básica,Servicios,Profesor/a,59,25000.0,Media
9023,Posgrado,Informal,Pintor,29,13600.0,Baja
9024,Básica,Informal,Abogado/a,54,18000.0,Media
9025,Media Superior,Comercio,Desarrollador/a web,32,14800.0,Baja
9026,Posgrado,Comercio,Arquitecto/a,48,26500.0,Media
9027,Licenciatura,Informal,Telefonista,25,8500.0,Baja
9028,Licenciatura,Gobierno,Peletero,56,19500.0,Media
9029,Licenciatura,Finanzas,Enfermero/a,43,20800.0,Media
9030,Media Superior,Comercio,Economista,31,8500.0,Baja
9031,Media Superior,Gobierno,Jardinero,53,17600.0,Media
9032,Básica,Informal,Telefonista,48,8500.0,Baja
9033,Licenciatura,Manufactura,Actuario/a,30,8500.0,Baja
9034,Licenciatura,Finanzas,Escultor,45,22900.0,Media
9035,Media Superior,Informal,Cajero,21,8500.0,Baja
9036,Licenciatura,Informal,Jardinero,45,10300.0,Baja
9037,Básica,Comercio,Leñador,45,14200.0,Baja
9038,Licenciatura,Construcción,Meteorólogo/a,21,8500.0,Baja
9039,Posgrado,Servicios,Afilador,50,21400.0,Media
9040,Media Superior,Servicios,Psicólogo/a,34,11500.0,Baja
9041,Media Superior,Construcción,Panadero,26,8500.0,Baja
9042,Posgrado,Gobierno,Óptico,47,24500.0,Media
9043,Básica,Gobierno,Profesor/a,22,13800.0,Baja
9044,Licenciatura,Informal,Lutier,32,8500.0,Baja
9045,Media Superior,Informal,Peluquero,47,12000.0,Baja
9046,Posgrado,Comercio,Fumigador,30,17000.0,Media
9047,Licenciatura,Servicios,Médico/a cirujano/a,57,31000.0,Media
9048,Licenciatura,Gobierno,Actuario/a,51,26200.0,Media
9049,Posgrado,Comercio,Mecánico,40,17500.0,Media
9050,Licenciatura,Comercio,Bombero,44,16300.0,Media
9051,Licenciatura,Servicios,Carnicero,22,14800.0,Baja
9052,Media Superior,Informal,Lingüista,20,8500.0,Baja
9053,Básica,Servicios,Jardinero,28,8500.0,Baja
9054,Posgrado,Manufactura,Repartidor,28,17500.0,Media
9055,Media Superior,Gobierno,Radiólogo/a,33,13900.0,Baja
9056,Básica,Servicios,Enfermero/a,30,18800.0,Media
9057,Básica,Comercio,Psicoanalista,36,12500.0,Baja
9058,Licenciatura,Servicios,Lavandero,48,21200.0,Media
9059,Posgrado,Comercio,Leñador,25,8500.0,Baja
9060,Media Superior,Gobierno,Escritor,22,8500.0,Baja
9061,Básica,Comercio,Arquitecto/a,37,8500.0,Baja
9062,Posgrado,Servicios,Enfermero/a,45,17000.0,Media
9063,Licenciatura,Finanzas,Tornero,49,18200.0,Media
9064,Básica,Servicios,Historiador/a,42,16600.0,Media
9065,Posgrado,Servicios,Abogado/a,48,28500.0,Media
9066,Licenciatura,Comercio,Carnicero,47,13800.0,Baja
9067,Posgrado,Manufactura,Barbero,43,26600.0,Media
9068,Posgrado,Servicios,Cocinero,45,20800.0,Media
9069,Media Superior,Manufactura,Físico/a,36,12600.0,Baja
9070,Licenciatura,Construcción,Diseñador/a gráfico,58,30300.0,Media
9071,Licenciatura,Manufactura,Cocinero,50,23300.0,Media
9072,Licenciatura,Finanzas,Maestro,38,12000.0,Baja
9073,Básica,Informal,Contador/a,31,11100.0,Baja
9074,Posgrado,Informal,Cajero,40,12400.0,Baja
9075,Licenciatura,Finanzas,Carnicero,33,8600.0,Baja
9076,Media Superior,Servicios,Geógrafo/a,36,11900.0,Baja
9077,Media Superior,Servicios,Biólogo/a,47,16600.0,Media
9078,Licenciatura,Servicios,Diseñador/a gráfico,22,16900.0,Media
9079,Licenciatura,Servicios,Físico/a,33,21000.0,Media
9080,Media Superior,Comercio,Biólogo/a,38,8500.0,Baja
9081,Básica,Servicios,Chofer transportista,29,8500.0,Baja
9082,Media Superior,Servicios,Afilador,25,8500.0,Baja
9083,Posgrado,Finanzas,Arquitecto/a,55,30800.0,Media
9084,Posgrado,Manufactura,Traductor/a,53,29800.0,Media
9085,Licenciatura,Comercio,Veterinario/a,31,16900.0,Media
9086,Posgrado,Finanzas,Fumigador,46,19200.0,Media
9087,Licenciatura,Gobierno,Herrero,25,19100.0,Media
9088,Media Superior,Finanzas,Historiador/a,32,18300.0,Media
9089,Licenciatura,Comercio,Médico/a cirujano/a,41,24800.0,Media
9090,Media Superior,Finanzas,Soldador,37,19400.0,Media
9091,Posgrado,Servicios,Filólogo/a,35,13200.0,Baja
9092,Básica,Construcción,Lutier,34,15100.0,Media
9093,Media Superior,Servicios,Ferretero,27,8500.0,Baja
9094,Básica,Construcción,Actuario/a,23,10800.0,Baja
9095,Media Superior,Servicios,Bombero,42,8500.0,Baja
9096,Básica,Informal,Pastor,44,8500.0,Baja
9097,Posgrado,Informal,Frutero,40,14300.0,Baja
9098,Media Superior,Servicios,Obrero,31,16500.0,Media
9099,Básica,Informal,Afilador,52,8500.0,Baja
9100,Media Superior,Manufactura,Técnico/a de sonido,54,22800.0,Media
9101,Media Superior,Manufactura,Físico/a,46,23900.0,Media
9102,Licenciatura,Finanzas,Camarero,39,12900.0,Baja
9103,Licenciatura,Gobierno,Carpintero,26,15100.0,Media
9104,Licenciatura,Gobierno,Lutier,28,21500.0,Media
9105,Básica,Manufactura,Agricultor,30,19800.0,Media
9106,Licenciatura,Construcción,Leñador,22,13000.0,Baja
9107,Licenciatura,Manufactura,Apicultor,53,24500.0,Media
9108,Licenciatura,Construcción,Fontanero o plomero,26,8500.0,Baja
9109,Licenciatura,Informal,Telefonista,21,8500.0,Baja
9110,Media Superior,Informal,Lutier,29,8500.0,Baja
9111,Licenciatura,Informal,Radiólogo/a,49,18800.0,Media
9112,Media Superior,Gobierno,Traductor/a,25,9600.0,Baja
9113,Licenciatura,Comercio,Psicólogo/a,52,21500.0,Media
9114,Media Superior,Comercio,Físico/a,35,19300.0,Media
9115,Media Superior,Servicios,Vigilante,28,8500.0,Baja
9116,Media Superior,Construcción,Físico/a,43,13300.0,Baja
9117,Licenciatura,Informal,Frutero,50,15700.0,Media
9118,Licenciatura,Informal,Fontanero o plomero,22,8500.0,Baja
9119,Licenciatura,Gobierno,Vigilante,48,17500.0,Media
9120,Básica,Gobierno,Barrendero,38,15300.0,Media
9121,Básica,Construcción,Escritor,55,11900.0,Baja
9122,Básica,Finanzas,Fumigador,32,8500.0,Baja
9123,Licenciatura,Construcción,Veterinario/a,55,28200.0,Media
9124,Media Superior,Gobierno,Herrero,20,8500.0,Baja
9125,Media Superior,Comercio,Barrendero,27,8500.0,Baja
9126,Media Superior,Manufactura,Peletero,27,10500.0,Baja
9127,Licenciatura,Construcción,Barrendero,47,13800.0,Baja
9128,Licenciatura,Comercio,Frutero,38,13000.0,Baja
9129,Licenciatura,Construcción,Pintor,31,10600.0,Baja
9130,Licenciatura,Gobierno,Técnico/a de sonido,57,28900.0,Media
9131,Básica,Gobierno,Obrero,50,12000.0,Baja
9132,Licenciatura,Comercio,Psicoanalista,33,18500.0,Media
9133,Básica,Servicios,Paleontólogo/a,50,24400.0,Media
9134,Posgrado,Comercio,Relojero,30,8500.0,Baja
9135,Media Superior,Informal,Cocinero,55,8500.0,Baja
9136,Media Superior,Gobierno,Panadero,29,8500.0,Baja
9137,Licenciatura,Construcción,Actuario/a,31,20800.0,Media
9138,Básica,Informal,Matemático/a,34,17400.0,Media
9139,Básica,Manufactura,Veterinario/a,49,21700.0,Media
9140,Media Superior,Manufactura,Mecánico,31,8500.0,Baja
9141,Media Superior,Gobierno,Biólogo/a,31,8500.0,Baja
9142,Media Superior,Servicios,Economista,53,13500.0,Baja
9143,Licenciatura,Servicios,Vigilante,57,19900.0,Media
9144,Media Superior,Manufactura,Historiador/a,24,9400.0,Baja
9145,Licenciatura,Comercio,Panadero,58,26800.0,Media
9146,Media Superior,Informal,Herrero,22,10800.0,Baja
9147,Básica,Construcción,Soldador,37,13000.0,Baja
9148,Básica,Gobierno,Apicultor,44,21500.0,Media
9149,Media Superior,Gobierno,Albañil,42,19100.0,Media
9150,Media Superior,Gobierno,Fumigador,47,13900.0,Baja
9151,Posgrado,Construcción,Obrero,58,16500.0,Media
9152,Licenciatura,Gobierno,Óptico,22,18100.0,Media
9153,Media Superior,Manufactura,Contador/a,27,8500.0,Baja
9154,Licenciatura,Servicios,Químico/a,21,19800.0,Media
9155,Media Superior,Servicios,Biólogo/a,49,11800.0,Baja
9156,Licenciatura,Construcción,Bombero,22,8500.0,Baja
9157,Media Superior,Manufactura,Escritor,53,25400.0,Media
9158,Licenciatura,Comercio,Periodista,34,10400.0,Baja
9159,Básica,Comercio,Relojero,57,8500.0,Baja
9160,Posgrado,Gobierno,Sastre,43,13900.0,Baja
9161,Licenciatura,Gobierno,Programador,56,27100.0,Media
9162,Licenciatura,Comercio,Geógrafo/a,26,13700.0,Baja
9163,Media Superior,Informal,Programador,34,12500.0,Baja
9164,Licenciatura,Comercio,Geógrafo/a,38,15300.0,Media
9165,Media Superior,Manufactura,Músico/a,52,16300.0,Media
9166,Media Superior,Comercio,Ingeniero/a,52,24900.0,Media
9167,Media Superior,Manufactura,Zapatero,31,22700.0,Media
9168,Básica,Comercio,Fumigador,52,16000.0,Media
9169,Licenciatura,Manufactura,Veterinario/a,48,20300.0,Media
9170,Media Superior,Gobierno,Psicoanalista,57,15700.0,Media
9171,Media Superior,Construcción,Fumigador,37,17600.0,Media
9172,Licenciatura,Comercio,Físico/a,57,22600.0,Media
9173,Media Superior,Servicios,Cerrajero,46,14600.0,Baja
9174,Básica,Servicios,Lavandero,37,8500.0,Baja
9175,Media Superior,Servicios,Fumigador,42,10400.0,Baja
9176,Posgrado,Gobierno,Carpintero,52,19300.0,Media
9177,Licenciatura,Comercio,Escritor,47,21300.0,Media
9178,Básica,Finanzas,Periodista,22,8500.0,Baja
9179,Media Superior,Comercio,Barrendero,58,10700.0,Baja
9180,Licenciatura,Comercio,Kinesiólogo/a,23,11300.0,Baja
9181,Licenciatura,Comercio,Maestro,39,8500.0,Baja
9182,Básica,Informal,Pescador,47,10200.0,Baja
9183,Licenciatura,Servicios,Peletero,22,8500.0,Baja
9184,Media Superior,Informal,Psicoanalista,48,20200.0,Media
9185,Licenciatura,Manufactura,Administrador/a,32,19200.0,Media
9186,Posgrado,Informal,Contador/a,26,13800.0,Baja
9187,Licenciatura,Manufactura,Físico/a,21,15800.0,Media
9188,Licenciatura,Finanzas,Carpintero,51,29800.0,Media
9189,Media Superior,Informal,Economista,58,21700.0,Media
9190,Licenciatura,Construcción,Paleontólogo/a,32,15900.0,Media
9191,Posgrado,Comercio,Lechero,21,12400.0,Baja
9192,Licenciatura,Informal,Diseñador/a gráfico,22,11700.0,Baja
9193,Licenciatura,Servicios,Cocinero,50,27300.0,Media
9194,Media Superior,Comercio,Pescador,20,12000.0,Baja
9195,Licenciatura,Informal,Pastor,50,9500.0,Baja
9196,Posgrado,Comercio,Maestro,30,16800.0,Media
9197,Posgrado,Finanzas,Ferretero,29,19500.0,Media
9198,Media Superior,Informal,Cajero,24,8700.0,Baja
9199,Básica,Manufactura,Artesano,45,18500.0,Media
9200,Licenciatura,Servicios,Traductor/a,47,18200.0,Media
9201,Media Superior,Informal,Fumigador,53,17400.0,Media
9202,Licenciatura,Construcción,Fumigador,38,8500.0,Baja
9203,Media Superior,Informal,Cocinero,43,10900.0,Baja
9204,Licenciatura,Finanzas,Administrador/a,45,25800.0,Media
9205,Licenciatura,Servicios,Chofer transportista,28,9400.0,Baja
9206,Licenciatura,Manufactura,Técnico/a de sonido,41,25100.0,Media
9207,Media Superior,Servicios,Bibliotecario/a,36,20100.0,Media
9208,Básica,Informal,Traductor/a,35,8500.0,Baja
9209,Media Superior,Gobierno,Filólogo/a,40,8500.0,Baja
9210,Posgrado,Servicios,Panadero,30,12200.0,Baja
9211,Media Superior,Comercio,Agricultor,44,8500.0,Baja
9212,Media Superior,Construcción,Meteorólogo/a,54,16800.0,Media
9213,Básica,Servicios,Tornero,44,22400.0,Media
9214,Media Superior,Finanzas,Peletero,39,20700.0,Media
9215,Licenciatura,Informal,Frutero,37,8500.0,Baja
9216,Media Superior,Manufactura,Cerrajero,39,18000.0,Media
9217,Media Superior,Comercio,Frutero,46,8500.0,Baja
9218,Licenciatura,Informal,Peluquero,58,17400.0,Media
9219,Media Superior,Finanzas,Barbero,22,10200.0,Baja
9220,Licenciatura,Construcción,Contador/a,37,10500.0,Baja
9221,Licenciatura,Comercio,Escultor,38,11600.0,Baja
9222,Media Superior,Manufactura,Bibliotecario/a,28,8500.0,Baja
9223,Básica,Finanzas,Lingüista,47,16900.0,Media
9224,Media Superior,Manufactura,Físico/a,22,9400.0,Baja
9225,Licenciatura,Manufactura,Filólogo/a,39,8500.0,Baja
9226,Licenciatura,Comercio,Peletero,47,19900.0,Media
9227,Licenciatura,Finanzas,Fumigador,37,16600.0,Media
9228,Licenciatura,Gobierno,Contador/a,42,8500.0,Baja
9229,Básica,Comercio,Físico/a,43,17400.0,Media
9230,Licenciatura,Servicios,Programador,49,15800.0,Media
9231,Licenciatura,Gobierno,Farmacólogo/a,49,23900.0,Media
9232,Básica,Informal,Químico/a,46,13700.0,Baja
9233,Media Superior,Manufactura,Paleontólogo/a,21,8500.0,Baja
9234,Básica,Finanzas,Fumigador,27,14700.0,Baja
9235,Licenciatura,Servicios,Barrendero,41,20600.0,Media
9236,Básica,Comercio,Historiador/a,30,8500.0,Baja
9237,Media Superior,Gobierno,Veterinario/a,49,29800.0,Media
9238,Media Superior,Servicios,Jardinero,22,8500.0,Baja
9239,Licenciatura,Manufactura,Óptico,21,8500.0,Baja
9240,Licenciatura,Construcción,Cocinero,58,17300.0,Media
9241,Media Superior,Manufactura,Pescador,59,22600.0,Media
9242,Licenciatura,Comercio,Panadero,29,8500.0,Baja
9243,Básica,Servicios,Vigilante,52,12200.0,Baja
9244,Media Superior,Servicios,Químico/a,59,22700.0,Media
9245,Licenciatura,Manufactura,Periodista,47,15500.0,Media
9246,Licenciatura,Construcción,Pescador,44,13900.0,Baja
9247,Licenciatura,Manufactura,Contador/a,58,26100.0,Media
9248,Básica,Gobierno,Matemático/a,57,25900.0,Media
9249,Licenciatura,Manufactura,Farmacólogo/a,47,23400.0,Media
9250,Licenciatura,Gobierno,Economista,55,27200.0,Media
9251,Media Superior,Comercio,Desarrollador/a web,22,8800.0,Baja
9252,Licenciatura,Servicios,Lutier,42,18000.0,Media
9253,Media Superior,Informal,Técnico/a de sonido,27,8500.0,Baja
9254,Básica,Informal,Enfermero/a,46,9700.0,Baja
9255,Licenciatura,Informal,Bibliotecario/a,33,15100.0,Media
9256,Licenciatura,Gobierno,Leñador,40,15200.0,Media
9257,Posgrado,Servicios,Tornero,36,20600.0,Media
9258,Licenciatura,Servicios,Abogado/a,53,26000.0,Media
9259,Licenciatura,Servicios,Químico/a,55,20100.0,Media
9260,Licenciatura,Construcción,Peluquero,26,8500.0,Baja
9261,Licenciatura,Servicios,Traductor/a,44,18100.0,Media
9262,Licenciatura,Manufactura,Fumigador,27,9500.0,Baja
9263,Licenciatura,Servicios,Psicólogo/a,46,25800.0,Media
9264,Licenciatura,Comercio,Contador/a,47,24900.0,Media
9265,Básica,Finanzas,Albañil,52,19200.0,Media
9266,Posgrado,Informal,Herrero,29,15900.0,Media
9267,Licenciatura,Informal,Psicólogo/a,47,15700.0,Media
9268,Posgrado,Servicios,Pescador,45,18700.0,Media
9269,Licenciatura,Finanzas,Administrador/a,33,20000.0,Media
9270,Posgrado,Informal,Economista,39,15200.0,Media
9271,Media Superior,Manufactura,Barbero,43,12400.0,Baja
9272,Media Superior,Comercio,Barbero,25,12900.0,Baja
9273,Posgrado,Informal,Artesano,50,22900.0,Media
9274,Posgrado,Servicios,Carpintero,36,18700.0,Media
9275,Licenciatura,Manufactura,Repartidor,25,12300.0,Baja
9276,Media Superior,Manufactura,Lavandero,53,13900.0,Baja
9277,Media Superior,Manufactura,Lavandero,47,10800.0,Baja
9278,Posgrado,Servicios,Filólogo/a,46,18500.0,Media
9279,Básica,Gobierno,Farmacólogo/a,45,24200.0,Media
9280,Media Superior,Manufactura,Obrero,30,14800.0,Baja
9281,Licenciatura,Informal,Traductor/a,44,18400.0,Media
9282,Media Superior,Manufactura,Carpintero,46,9000.0,Baja
9283,Licenciatura,Construcción,Afilador,39,13600.0,Baja
9284,Básica,Servicios,Técnico/a de sonido,41,22000.0,Media
9285,Licenciatura,Servicios,Profesor/a,44,23900.0,Media
9286,Licenciatura,Informal,Psicólogo/a,53,28100.0,Media
9287,Media Superior,Informal,Joyero,38,11300.0,Baja
9288,Básica,Informal,Cocinero,33,8500.0,Baja
9289,Básica,Construcción,Escultor,53,8500.0,Baja
9290,Media Superior,Finanzas,Pescador,46,24800.0,Media
9291,Licenciatura,Comercio,Profesor/a,28,13000.0,Baja
9292,Licenciatura,Manufactura,Carpintero,26,13900.0,Baja
9293,Licenciatura,Finanzas,Psicólogo/a,52,22300.0,Media
9294,Media Superior,Servicios,Ferretero,24,8500.0,Baja
9295,Licenciatura,Manufactura,Lutier,48,17000.0,Media
9296,Licenciatura,Servicios,Camarero,50,15000.0,Media
9297,Básica,Construcción,Geógrafo/a,45,13500.0,Baja
9298,Media Superior,Gobierno,Contador/a,26,10000.0,Baja
9299,Licenciatura,Construcción,Médico/a cirujano/a,23,8500.0,Baja
9300,Licenciatura,Gobierno,Radiólogo/a,38,18500.0,Media
9301,Posgrado,Comercio,Apicultor,30,8500.0,Baja
9302,Posgrado,Gobierno,Vigilante,49,23300.0,Media
9303,Básica,Manufactura,Historiador/a,54,21400.0,Media
9304,Licenciatura,Construcción,Leñador,45,15500.0,Media
9305,Licenciatura,Manufactura,Bibliotecario/a,37,19300.0,Media
9306,Posgrado,Manufactura,Administrador/a,32,12900.0,Baja
9307,Básica,Manufactura,Ferretero,31,11300.0,Baja
9308,Licenciatura,Informal,Contador/a,44,14100.0,Baja
9309,Licenciatura,Construcción,Actuario/a,30,14400.0,Baja
9310,Media Superior,Finanzas,Relojero,37,12400.0,Baja
9311,Licenciatura,Manufactura,Psicoanalista,32,23900.0,Media
9312,Licenciatura,Servicios,Guardabosques,59,25800.0,Media
9313,Media Superior,Gobierno,Técnico/a de sonido,24,8500.0,Baja
9314,Media Superior,Manufactura,Animador,21,11600.0,Baja
9315,Licenciatura,Finanzas,Biólogo/a,59,31700.0,Media
9316,Licenciatura,Servicios,Paleontólogo/a,38,15000.0,Media
9317,Media Superior,Servicios,Administrador/a,43,8500.0,Baja
9318,Licenciatura,Servicios,Programador,28,25000.0,Media
9319,Media Superior,Informal,Cajero,32,8500.0,Baja
9320,Media Superior,Manufactura,Psicólogo/a,59,17000.0,Media
9321,Básica,Comercio,Pintor,52,15100.0,Media
9322,Media Superior,Informal,Lechero,52,15300.0,Media
9323,Posgrado,Manufactura,Leñador,44,17600.0,Media
9324,Licenciatura,Servicios,Albañil,22,8700.0,Baja
9325,Licenciatura,Servicios,Apicultor,57,18300.0,Media
9326,Licenciatura,Gobierno,Guardabosques,34,25200.0,Media
9327,Media Superior,Gobierno,Economista,27,8500.0,Baja
9328,Media Superior,Construcción,Médico/a cirujano/a,55,31200.0,Media
9329,Posgrado,Gobierno,Panadero,27,8500.0,Baja
9330,Licenciatura,Servicios,Agricultor,51,17700.0,Media
9331,Licenciatura,Manufactura,Desarrollador/a web,44,17900.0,Media
9332,Media Superior,Comercio,Kinesiólogo/a,26,12300.0,Baja
9333,Licenciatura,Manufactura,Cocinero,42,14100.0,Baja
9334,Media Superior,Manufactura,Cerrajero,26,8500.0,Baja
9335,Licenciatura,Construcción,Ferretero,53,28700.0,Media
9336,Licenciatura,Finanzas,Lingüista,43,26500.0,Media
9337,Licenciatura,Manufactura,Carpintero,43,8500.0,Baja
9338,Posgrado,Informal,Agricultor,22,8500.0,Baja
9339,Licenciatura,Gobierno,Pastor,45,17900.0,Media
9340,Licenciatura,Manufactura,Vendedor,53,22400.0,Media
9341,Media Superior,Comercio,Psicólogo/a,31,14700.0,Baja
9342,Básica,Construcción,Traductor/a,26,8500.0,Baja
9343,Básica,Comercio,Actuario/a,54,20400.0,Media
9344,Posgrado,Manufactura,Relojero,54,28300.0,Media
9345,Licenciatura,Informal,Paleontólogo/a,28,13700.0,Baja
9346,Media Superior,Comercio,Ferretero,50,13900.0,Baja
9347,Media Superior,Gobierno,Carnicero,39,20000.0,Media
9348,Licenciatura,Servicios,Kinesiólogo/a,25,16900.0,Media
9349,Media Superior,Servicios,Cajero,38,15300.0,Media
9350,Licenciatura,Servicios,Lingüista,59,23800.0,Media
9351,Licenciatura,Gobierno,Peluquero,31,8500.0,Baja
9352,Media Superior,Gobierno,Agricultor,20,8500.0,Baja
9353,Licenciatura,Finanzas,Sastre,39,15100.0,Media
9354,Básica,Finanzas,Desarrollador/a web,31,13400.0,Baja
9355,Media Superior,Manufactura,Actuario/a,22,8500.0,Baja
9356,Básica,Comercio,Camarero,59,21300.0,Media
9357,Media Superior,Gobierno,Barbero,47,24000.0,Media
9358,Media Superior,Comercio,Ingeniero/a,54,15300.0,Media
9359,Media Superior,Gobierno,Guardabosques,33,8500.0,Baja
9360,Licenciatura,Informal,Economista,33,13200.0,Baja
9361,Media Superior,Finanzas,Farmacólogo/a,37,20600.0,Media
9362,Básica,Construcción,Programador,52,15500.0,Media
9363,Licenciatura,Finanzas,Jardinero,59,25400.0,Media
9364,Media Superior,Comercio,Radiólogo/a,23,8500.0,Baja
9365,Media Superior,Construcción,Farmacólogo/a,47,13700.0,Baja
9366,Licenciatura,Servicios,Ferretero,23,8500.0,Baja
9367,Licenciatura,Servicios,Pintor,45,8500.0,Baja
9368,Licenciatura,Construcción,Programador,51,15100.0,Media
9369,Básica,Gobierno,Panadero,51,8500.0,Baja
9370,Posgrado,Construcción,Ingeniero/a,30,20800.0,Media
9371,Licenciatura,Informal,Cerrajero,24,15700.0,Media
9372,Licenciatura,Manufactura,Telefonista,50,20300.0,Media
9373,Licenciatura,Gobierno,Animador,57,21600.0,Media
9374,Licenciatura,Finanzas,Vigilante,24,8500.0,Baja
9375,Licenciatura,Comercio,Soldador,41,16200.0,Media
9376,Media Superior,Servicios,Enfermero/a,46,11800.0,Baja
9377,Básica,Construcción,Peluquero,31,10800.0,Baja
9378,Básica,Comercio,Sastre,44,18000.0,Media
9379,Media Superior,Manufactura,Lechero,30,8500.0,Baja
9380,Básica,Informal,Bombero,40,10400.0,Baja
9381,Licenciatura,Comercio,Peletero,31,10100.0,Baja
9382,Licenciatura,Gobierno,Médico/a cirujano/a,30,8500.0,Baja
9383,Básica,Gobierno,Programador,51,10300.0,Baja
9384,Licenciatura,Servicios,Filólogo/a,25,9800.0,Baja
9385,Licenciatura,Comercio,Apicultor,43,15200.0,Media
9386,Posgrado,Informal,Economista,22,8500.0,Baja
9387,Licenciatura,Comercio,Chofer transportista,46,20100.0,Media
9388,Básica,Comercio,Músico/a,46,17500.0,Media
9389,Licenciatura,Gobierno,Matemático/a,52,16200.0,Media
9390,Licenciatura,Servicios,Escritor,51,18800.0,Media
9391,Básica,Comercio,Frutero,26,8500.0,Baja
9392,Básica,Finanzas,Apicultor,55,24000.0,Media
9393,Licenciatura,Informal,Camarero,44,17100.0,Media
9394,Licenciatura,Manufactura,Herrero,46,21000.0,Media
9395,Media Superior,Servicios,Físico/a,41,22000.0,Media
9396,Media Superior,Finanzas,Jardinero,46,22200.0,Media
9397,Licenciatura,Informal,Jardinero,26,8500.0,Baja
9398,Licenciatura,Gobierno,Maestro,35,17500.0,Media
9399,Licenciatura,Manufactura,Economista,41,16200.0,Media
9400,Licenciatura,Comercio,Jardinero,50,11100.0,Baja
9401,Licenciatura,Construcción,Vendedor,59,14500.0,Baja
9402,Posgrado,Comercio,Guardabosques,42,12400.0,Baja
9403,Posgrado,Informal,Historiador/a,22,9000.0,Baja
9404,Licenciatura,Construcción,Periodista,26,12300.0,Baja
9405,Media Superior,Informal,Relojero,44,15700.0,Media
9406,Básica,Servicios,Óptico,39,18000.0,Media
9407,Básica,Manufactura,Psicoanalista,57,21800.0,Media
9408,Licenciatura,Finanzas,Desarrollador/a web,31,18700.0,Media
9409,Licenciatura,Informal,Vigilante,43,10600.0,Baja
9410,Licenciatura,Comercio,Vigilante,31,8500.0,Baja
9411,Licenciatura,Manufactura,Periodista,31,11400.0,Baja
9412,Licenciatura,Servicios,Abogado/a,38,14700.0,Baja
9413,Básica,Comercio,Actuario/a,57,18300.0,Media
9414,Media Superior,Servicios,Farmacólogo/a,39,16000.0,Media
9415,Media Superior,Comercio,Traductor/a,51,20300.0,Media
9416,Licenciatura,Comercio,Músico/a,40,18600.0,Media
9417,Media Superior,Servicios,Contador/a,32,8500.0,Baja
9418,Media Superior,Gobierno,Pescador,39,8500.0,Baja
9419,Posgrado,Finanzas,Mecánico,23,8500.0,Baja
9420,Licenciatura,Finanzas,Físico/a,26,12400.0,Baja
9421,Básica,Servicios,Frutero,29,15100.0,Media
9422,Básica,Finanzas,Leñador,48,17000.0,Media
9423,Básica,Manufactura,Desarrollador/a web,29,8500.0,Baja
9424,Media Superior,Manufactura,Biólogo/a,55,13900.0,Baja
9425,Media Superior,Servicios,Meteorólogo/a,37,14700.0,Baja
9426,Media Superior,Manufactura,Meteorólogo/a,54,14900.0,Baja
9427,Licenciatura,Servicios,Paleontólogo/a,24,13300.0,Baja
9428,Media Superior,Servicios,Pescador,47,11300.0,Baja
9429,Licenciatura,Comercio,Frutero,58,19600.0,Media
9430,Posgrado,Construcción,Contador/a,38,10700.0,Baja
9431,Media Superior,Comercio,Médico/a cirujano/a,35,18700.0,Media
9432,Licenciatura,Servicios,Frutero,29,8500.0,Baja
9433,Licenciatura,Informal,Animador,26,9800.0,Baja
9434,Posgrado,Manufactura,Jardinero,58,14300.0,Baja
9435,Media Superior,Gobierno,Fontanero o plomero,58,18100.0,Media
9436,Básica,Comercio,Frutero,52,8500.0,Baja
9437,Básica,Gobierno,Físico/a,43,20600.0,Media
9438,Licenciatura,Servicios,Cocinero,45,24600.0,Media
9439,Media Superior,Informal,Apicultor,27,8500.0,Baja
9440,Básica,Gobierno,Artesano,38,11100.0,Baja
9441,Licenciatura,Gobierno,Periodista,32,20700.0,Media
9442,Básica,Informal,Cocinero,33,9000.0,Baja
9443,Licenciatura,Gobierno,Apicultor,48,26600.0,Media
9444,Licenciatura,Informal,Administrador/a,22,14100.0,Baja
9445,Licenciatura,Gobierno,Peluquero,31,11800.0,Baja
9446,Licenciatura,Servicios,Carpintero,59,18200.0,Media
9447,Licenciatura,Comercio,Farmacólogo/a,26,9000.0,Baja
9448,Básica,Informal,Escritor,38,8500.0,Baja
9449,Básica,Comercio,Peletero,46,8500.0,Baja
9450,Posgrado,Manufactura,Animador,23,8500.0,Baja
9451,Licenciatura,Comercio,Fumigador,50,16000.0,Media
9452,Posgrado,Servicios,Carpintero,42,21200.0,Media
9453,Posgrado,Gobierno,Químico/a,37,17400.0,Media
9454,Licenciatura,Servicios,Diseñador/a gráfico,53,33000.0,Media
9455,Media Superior,Servicios,Técnico/a de sonido,21,8500.0,Baja
9456,Licenciatura,Construcción,Carnicero,46,17200.0,Media
9457,Posgrado,Comercio,Telefonista,32,8500.0,Baja
9458,Básica,Finanzas,Repartidor,42,17700.0,Media
9459,Licenciatura,Servicios,Arquitecto/a,20,8500.0,Baja
9460,Media Superior,Servicios,Peluquero,27,8500.0,Baja
9461,Básica,Comercio,Profesor/a,22,14900.0,Baja
9462,Media Superior,Servicios,Pintor,59,14500.0,Baja
9463,Licenciatura,Informal,Barrendero,36,8500.0,Baja
9464,Licenciatura,Manufactura,Farmacólogo/a,26,15000.0,Media
9465,Licenciatura,Gobierno,Soldador,49,8500.0,Baja
9466,Licenciatura,Manufactura,Geógrafo/a,42,16800.0,Media
9467,Básica,Comercio,Lingüista,38,10200.0,Baja
9468,Media Superior,Informal,Músico/a,59,24900.0,Media
9469,Media Superior,Gobierno,Músico/a,49,17500.0,Media
9470,Posgrado,Informal,Bibliotecario/a,46,22700.0,Media
9471,Media Superior,Comercio,Historiador/a,54,9900.0,Baja
9472,Básica,Manufactura,Pastor,30,8500.0,Baja
9473,Media Superior,Comercio,Desarrollador/a web,20,8500.0,Baja
9474,Media Superior,Manufactura,Vendedor,26,10200.0,Baja
9475,Media Superior,Construcción,Diseñador/a gráfico,57,14000.0,Baja
9476,Básica,Servicios,Cajero,30,8600.0,Baja
9477,Licenciatura,Finanzas,Escritor,51,16200.0,Media
9478,Media Superior,Comercio,Paleontólogo/a,55,24800.0,Media
9479,Básica,Finanzas,Médico/a cirujano/a,29,11600.0,Baja
9480,Licenciatura,Gobierno,Historiador/a,28,9000.0,Baja
9481,Básica,Manufactura,Óptico,50,18200.0,Media
9482,Básica,Servicios,Relojero,53,20000.0,Media
9483,Licenciatura,Finanzas,Kinesiólogo/a,48,15900.0,Media
9484,Básica,Servicios,Administrador/a,46,21600.0,Media
9485,Básica,Servicios,Relojero,53,17400.0,Media
9486,Licenciatura,Informal,Apicultor,44,14300.0,Baja
9487,Media Superior,Manufactura,Farmacólogo/a,27,8500.0,Baja
9488,Posgrado,Finanzas,Fumigador,35,8500.0,Baja
9489,Básica,Manufactura,Filólogo/a,56,9800.0,Baja
9490,Media Superior,Servicios,Barrendero,33,11800.0,Baja
9491,Licenciatura,Servicios,Físico/a,57,33200.0,Media
9492,Licenciatura,Servicios,Actuario/a,30,16300.0,Media
9493,Media Superior,Servicios,Repartidor,33,11100.0,Baja
9494,Media Superior,Servicios,Agricultor,37,8500.0,Baja
9495,Media Superior,Manufactura,Pastor,45,15100.0,Media
9496,Media Superior,Comercio,Biólogo/a,50,19100.0,Media
9497,Licenciatura,Servicios,Químico/a,50,29700.0,Media
9498,Licenciatura,Servicios,Biólogo/a,59,26100.0,Media
9499,Media Superior,Gobierno,Filólogo/a,31,8500.0,Baja
9500,Licenciatura,Informal,Apicultor,36,10500.0,Baja
9501,Licenciatura,Construcción,Bombero,56,17900.0,Media
9502,Media Superior,Construcción,Médico/a cirujano/a,30,8500.0,Baja
9503,Básica,Informal,Herrero,58,11800.0,Baja
9504,Licenciatura,Construcción,Relojero,40,8500.0,Baja
9505,Media Superior,Finanzas,Meteorólogo/a,55,26700.0,Media
9506,Media Superior,Gobierno,Repartidor,35,9100.0,Baja
9507,Licenciatura,Gobierno,Músico/a,53,25800.0,Media
9508,Posgrado,Construcción,Enfermero/a,28,17600.0,Media
9509,Licenciatura,Servicios,Herrero,32,9200.0,Baja
9510,Licenciatura,Comercio,Carpintero,59,19800.0,Media
9511,Básica,Gobierno,Escritor,50,17700.0,Media
9512,Licenciatura,Servicios,Imprentero,33,19600.0,Media
9513,Licenciatura,Manufactura,Paleontólogo/a,48,29900.0,Media
9514,Licenciatura,Informal,Economista,42,9700.0,Baja
9515,Licenciatura,Gobierno,Psicólogo/a,24,13300.0,Baja
9516,Posgrado,Gobierno,Telefonista,49,18500.0,Media
9517,Posgrado,Manufactura,Zapatero,36,15400.0,Media
9518,Básica,Informal,Técnico/a de sonido,49,21100.0,Media
9519,Licenciatura,Manufactura,Fontanero o plomero,55,13800.0,Baja
9520,Licenciatura,Servicios,Vendedor,38,12800.0,Baja
9521,Media Superior,Servicios,Pintor,57,12700.0,Baja
9522,Licenciatura,Finanzas,Agricultor,24,12000.0,Baja
9523,Básica,Construcción,Bombero,32,9200.0,Baja
9524,Licenciatura,Servicios,Afilador,56,14700.0,Baja
9525,Media Superior,Informal,Geógrafo/a,26,12100.0,Baja
9526,Licenciatura,Informal,Apicultor,24,8500.0,Baja
9527,Media Superior,Servicios,Peluquero,44,12700.0,Baja
9528,Licenciatura,Construcción,Pintor,46,21000.0,Media
9529,Licenciatura,Construcción,Vigilante,57,17500.0,Media
9530,Licenciatura,Manufactura,Lutier,29,13500.0,Baja
9531,Básica,Manufactura,Matemático/a,34,13400.0,Baja
9532,Licenciatura,Construcción,Afilador,53,14800.0,Baja
9533,Licenciatura,Comercio,Radiólogo/a,46,23600.0,Media
9534,Media Superior,Comercio,Panadero,51,20100.0,Media
9535,Posgrado,Gobierno,Obrero,56,35800.0,Alta
9536,Licenciatura,Finanzas,Óptico,59,28000.0,Media
9537,Licenciatura,Gobierno,Ferretero,24,8500.0,Baja
9538,Media Superior,Servicios,Fontanero o plomero,33,8500.0,Baja
9539,Posgrado,Finanzas,Farmacólogo/a,46,19900.0,Media
9540,Posgrado,Comercio,Kinesiólogo/a,44,28900.0,Media
9541,Media Superior,Informal,Cerrajero,31,8500.0,Baja
9542,Licenciatura,Comercio,Biólogo/a,35,15400.0,Media
9543,Licenciatura,Servicios,Guardabosques,26,8500.0,Baja
9544,Básica,Comercio,Escritor,25,11900.0,Baja
9545,Básica,Gobierno,Lutier,58,17300.0,Media
9546,Media Superior,Informal,Psicoanalista,49,19700.0,Media
9547,Licenciatura,Comercio,Panadero,56,20700.0,Media
9548,Media Superior,Comercio,Zapatero,50,16100.0,Media
9549,Licenciatura,Manufactura,Periodista,23,10700.0,Baja
9550,Básica,Manufactura,Peletero,55,13200.0,Baja
9551,Posgrado,Servicios,Repartidor,31,14600.0,Baja
9552,Licenciatura,Construcción,Kinesiólogo/a,51,20000.0,Media
9553,Media Superior,Servicios,Guardabosques,40,8500.0,Baja
9554,Licenciatura,Informal,Albañil,37,9100.0,Baja
9555,Básica,Finanzas,Maestro,57,23700.0,Media
9556,Licenciatura,Finanzas,Animador,45,18100.0,Media
9557,Media Superior,Comercio,Bibliotecario/a,29,11500.0,Baja
9558,Licenciatura,Servicios,Guardabosques,26,10800.0,Baja
9559,Licenciatura,Servicios,Telefonista,39,8500.0,Baja
9560,Media Superior,Comercio,Ingeniero/a,25,14400.0,Baja
9561,Media Superior,Construcción,Obrero,38,8500.0,Baja
9562,Básica,Servicios,Programador,41,10400.0,Baja
9563,Posgrado,Servicios,Ingeniero/a,39,16500.0,Media
9564,Licenciatura,Comercio,Telefonista,56,17300.0,Media
9565,Licenciatura,Gobierno,Relojero,54,26800.0,Media
9566,Licenciatura,Informal,Paleontólogo/a,34,19600.0,Media
9567,Media Superior,Gobierno,Vendedor,41,8500.0,Baja
9568,Básica,Servicios,Fumigador,26,8500.0,Baja
9569,Básica,Finanzas,Carnicero,29,13000.0,Baja
9570,Media Superior,Informal,Pintor,58,13700.0,Baja
9571,Media Superior,Gobierno,Guardabosques,56,24400.0,Media
9572,Licenciatura,Comercio,Abogado/a,59,29200.0,Media
9573,Media Superior,Construcción,Leñador,38,8500.0,Baja
9574,Licenciatura,Servicios,Músico/a,52,24000.0,Media
9575,Media Superior,Manufactura,Vigilante,55,22300.0,Media
9576,Licenciatura,Servicios,Cerrajero,52,8500.0,Baja
9577,Básica,Gobierno,Carnicero,57,18400.0,Media
9578,Licenciatura,Comercio,Fumigador,56,13200.0,Baja
9579,Básica,Informal,Contador/a,23,8500.0,Baja
9580,Básica,Servicios,Psicólogo/a,48,24900.0,Media
9581,Licenciatura,Servicios,Soldador,39,8500.0,Baja
9582,Licenciatura,Informal,Filólogo/a,42,8500.0,Baja
9583,Licenciatura,Gobierno,Lingüista,36,18400.0,Media
9584,Básica,Comercio,Veterinario/a,58,27100.0,Media
9585,Posgrado,Informal,Carpintero,46,13800.0,Baja
9586,Media Superior,Servicios,Guardabosques,52,22800.0,Media
9587,Media Superior,Servicios,Fontanero o plomero,52,24500.0,Media
9588,Básica,Informal,Farmacólogo/a,23,14900.0,Baja
9589,Media Superior,Manufactura,Jardinero,22,11600.0,Baja
9590,Media Superior,Finanzas,Ingeniero/a,40,24700.0,Media
9591,Básica,Servicios,Repartidor,21,8500.0,Baja
9592,Licenciatura,Comercio,Relojero,43,8500.0,Baja
9593,Licenciatura,Comercio,Telefonista,38,18500.0,Media
9594,Media Superior,Comercio,Pintor,24,11300.0,Baja
9595,Posgrado,Gobierno,Técnico/a de sonido,21,14000.0,Baja
9596,Básica,Construcción,Enfermero/a,45,8500.0,Baja
9597,Licenciatura,Servicios,Barbero,43,15600.0,Media
9598,Media Superior,Comercio,Economista,21,10900.0,Baja
9599,Posgrado,Servicios,Óptico,35,20400.0,Media
9600,Licenciatura,Gobierno,Agricultor,42,26800.0,Media
9601,Licenciatura,Manufactura,Peluquero,56,15000.0,Media
9602,Básica,Informal,Vigilante,25,8500.0,Baja
9603,Básica,Servicios,Matemático/a,30,11800.0,Baja
9604,Licenciatura,Comercio,Telefonista,29,8800.0,Baja
9605,Media Superior,Servicios,Actuario/a,48,28700.0,Media
9606,Básica,Manufactura,Administrador/a,29,11900.0,Baja
9607,Media Superior,Informal,Físico/a,23,8500.0,Baja
9608,Licenciatura,Manufactura,Mecánico,56,18000.0,Media
9609,Básica,Servicios,Bombero,27,8500.0,Baja
9610,Licenciatura,Servicios,Escritor,57,24000.0,Media
9611,Media Superior,Servicios,Relojero,46,8500.0,Baja
9612,Licenciatura,Servicios,Contador/a,36,8500.0,Baja
9613,Licenciatura,Manufactura,Lavandero,46,16100.0,Media
9614,Licenciatura,Informal,Joyero,53,13100.0,Baja
9615,Licenciatura,Comercio,Programador,51,19500.0,Media
9616,Licenciatura,Informal,Chofer transportista,22,17000.0,Media
9617,Básica,Gobierno,Bombero,51,13800.0,Baja
9618,Posgrado,Informal,Paleontólogo/a,47,21300.0,Media
9619,Básica,Servicios,Jardinero,47,12700.0,Baja
9620,Licenciatura,Finanzas,Vigilante,36,25700.0,Media
9621,Licenciatura,Servicios,Cerrajero,50,12100.0,Baja
9622,Licenciatura,Comercio,Médico/a cirujano/a,28,18200.0,Media
9623,Licenciatura,Comercio,Médico/a cirujano/a,25,8500.0,Baja
9624,Licenciatura,Servicios,Guardabosques,45,19800.0,Media
9625,Licenciatura,Manufactura,Artesano,23,15300.0,Media
9626,Licenciatura,Informal,Psicoanalista,20,8500.0,Baja
9627,Licenciatura,Informal,Técnico/a de sonido,20,9600.0,Baja
9628,Media Superior,Construcción,Matemático/a,30,8500.0,Baja
9629,Media Superior,Gobierno,Periodista,27,9200.0,Baja
9630,Media Superior,Construcción,Leñador,42,8500.0,Baja
9631,Licenciatura,Comercio,Actuario/a,27,25000.0,Media
9632,Licenciatura,Manufactura,Administrador/a,51,15600.0,Media
9633,Licenciatura,Comercio,Diseñador/a gráfico,56,26500.0,Media
9634,Media Superior,Construcción,Contador/a,52,21000.0,Media
9635,Posgrado,Finanzas,Músico/a,21,27800.0,Media
9636,Licenciatura,Manufactura,Artesano,48,26300.0,Media
9637,Posgrado,Informal,Historiador/a,20,8500.0,Baja
9638,Media Superior,Comercio,Vigilante,59,11700.0,Baja
9639,Media Superior,Manufactura,Contador/a,34,12800.0,Baja
9640,Licenciatura,Finanzas,Meteorólogo/a,26,8900.0,Baja
9641,Básica,Gobierno,Pastor,30,8500.0,Baja
9642,Media Superior,Informal,Músico/a,26,8500.0,Baja
9643,Licenciatura,Manufactura,Carpintero,29,8500.0,Baja
9644,Posgrado,Finanzas,Radiólogo/a,34,12500.0,Baja
9645,Licenciatura,Informal,Matemático/a,28,8500.0,Baja
9646,Licenciatura,Informal,Guardabosques,37,15400.0,Media
9647,Posgrado,Manufactura,Músico/a,52,27400.0,Media
9648,Media Superior,Construcción,Profesor/a,34,21500.0,Media
9649,Posgrado,Manufactura,Veterinario/a,44,22100.0,Media
9650,Básica,Gobierno,Arquitecto/a,24,13000.0,Baja
9651,Básica,Servicios,Paleontólogo/a,51,29000.0,Media
9652,Básica,Informal,Imprentero,59,17800.0,Media
9653,Básica,Finanzas,Profesor/a,28,10600.0,Baja
9654,Media Superior,Servicios,Lingüista,56,20700.0,Media
9655,Media Superior,Gobierno,Imprentero,53,19000.0,Media
9656,Licenciatura,Construcción,Lutier,37,16100.0,Media
9657,Licenciatura,Informal,Actuario/a,45,18000.0,Media
9658,Media Superior,Gobierno,Psicólogo/a,45,18000.0,Media
9659,Media Superior,Informal,Cerrajero,32,10500.0,Baja
9660,Básica,Servicios,Bombero,22,8500.0,Baja
9661,Licenciatura,Comercio,Maestro,59,19700.0,Media
9662,Licenciatura,Informal,Ingeniero/a,24,10900.0,Baja
9663,Licenciatura,Comercio,Guardabosques,21,8700.0,Baja
9664,Básica,Construcción,Químico/a,54,22800.0,Media
9665,Media Superior,Informal,Cajero,59,14300.0,Baja
9666,Licenciatura,Informal,Lavandero,47,14800.0,Baja
9667,Media Superior,Construcción,Herrero,27,8500.0,Baja
9668,Licenciatura,Finanzas,Animador,31,10600.0,Baja
9669,Media Superior,Servicios,Paleontólogo/a,56,35600.0,Alta
9670,Licenciatura,Finanzas,Vendedor,47,19400.0,Media
9671,Licenciatura,Finanzas,Periodista,25,13500.0,Baja
9672,Media Superior,Construcción,Barrendero,31,8500.0,Baja
9673,Licenciatura,Construcción,Barbero,51,21400.0,Media
9674,Licenciatura,Gobierno,Kinesiólogo/a,53,28500.0,Media
9675,Media Superior,Construcción,Kinesiólogo/a,52,16500.0,Media
9676,Posgrado,Gobierno,Traductor/a,32,26200.0,Media
9677,Básica,Servicios,Abogado/a,56,34000.0,Media
9678,Licenciatura,Finanzas,Guardabosques,27,11800.0,Baja
9679,Licenciatura,Comercio,Herrero,57,15600.0,Media
9680,Básica,Gobierno,Vigilante,48,19200.0,Media
9681,Básica,Manufactura,Zapatero,46,8500.0,Baja
9682,Básica,Comercio,Joyero,28,8500.0,Baja
9683,Licenciatura,Informal,Técnico/a de sonido,37,18800.0,Media
9684,Media Superior,Informal,Carpintero,57,10700.0,Baja
9685,Posgrado,Servicios,Diseñador/a gráfico,58,43000.0,Alta
9686,Licenciatura,Servicios,Abogado/a,57,45400.0,Alta
9687,Licenciatura,Construcción,Economista,48,17600.0,Media
9688,Básica,Construcción,Químico/a,43,15700.0,Media
9689,Licenciatura,Manufactura,Carnicero,24,8500.0,Baja
9690,Licenciatura,Construcción,Farmacólogo/a,25,8500.0,Baja
9691,Licenciatura,Servicios,Lingüista,37,18200.0,Media
9692,Básica,Finanzas,Administrador/a,25,10300.0,Baja
9693,Básica,Manufactura,Fumigador,49,8500.0,Baja
9694,Licenciatura,Informal,Médico/a cirujano/a,43,25700.0,Media
9695,Licenciatura,Finanzas,Veterinario/a,39,19000.0,Media
9696,Licenciatura,Manufactura,Geógrafo/a,22,13300.0,Baja
9697,Licenciatura,Manufactura,Pescador,54,16100.0,Media
9698,Básica,Manufactura,Repartidor,23,8500.0,Baja
9699,Licenciatura,Manufactura,Joyero,38,10500.0,Baja
9700,Media Superior,Finanzas,Joyero,44,18400.0,Media
9701,Media Superior,Servicios,Repartidor,41,12000.0,Baja
9702,Licenciatura,Manufactura,Desarrollador/a web,57,27600.0,Media
9703,Básica,Gobierno,Imprentero,59,23100.0,Media
9704,Licenciatura,Construcción,Abogado/a,59,35200.0,Alta
9705,Básica,Gobierno,Químico/a,57,31100.0,Media
9706,Básica,Servicios,Físico/a,48,18900.0,Media
9707,Licenciatura,Manufactura,Escultor,57,31500.0,Media
9708,Licenciatura,Construcción,Barrendero,27,8500.0,Baja
9709,Licenciatura,Servicios,Desarrollador/a web,26,8500.0,Baja
9710,Media Superior,Comercio,Historiador/a,25,11300.0,Baja
9711,Media Superior,Manufactura,Animador,49,16800.0,Media
9712,Básica,Servicios,Matemático/a,54,20600.0,Media
9713,Licenciatura,Comercio,Desarrollador/a web,21,8500.0,Baja
9714,Básica,Finanzas,Administrador/a,38,17600.0,Media
9715,Licenciatura,Comercio,Carnicero,46,19100.0,Media
9716,Licenciatura,Manufactura,Obrero,24,8500.0,Baja
9717,Básica,Manufactura,Traductor/a,32,16700.0,Media
9718,Media Superior,Gobierno,Lutier,56,23800.0,Media
9719,Media Superior,Informal,Albañil,37,8500.0,Baja
9720,Media Superior,Manufactura,Traductor/a,25,13600.0,Baja
9721,Media Superior,Construcción,Periodista,41,13700.0,Baja
9722,Básica,Informal,Paleontólogo/a,22,19500.0,Media
9723,Media Superior,Finanzas,Contador/a,36,21400.0,Media
9724,Licenciatura,Informal,Administrador/a,22,8500.0,Baja
9725,Básica,Servicios,Cerrajero,33,13100.0,Baja
9726,Posgrado,Comercio,Chofer transportista,58,22000.0,Media
9727,Licenciatura,Servicios,Sastre,36,14100.0,Baja
9728,Licenciatura,Gobierno,Vendedor,48,12600.0,Baja
9729,Licenciatura,Servicios,Escultor,48,14600.0,Baja
9730,Posgrado,Comercio,Meteorólogo/a,47,21200.0,Media
9731,Media Superior,Servicios,Barrendero,51,13300.0,Baja
9732,Licenciatura,Finanzas,Maestro,55,32400.0,Media
9733,Licenciatura,Manufactura,Fontanero o plomero,40,8500.0,Baja
9734,Media Superior,Comercio,Administrador/a,28,12100.0,Baja
9735,Licenciatura,Servicios,Administrador/a,52,27600.0,Media
9736,Media Superior,Comercio,Farmacólogo/a,46,8500.0,Baja
9737,Media Superior,Manufactura,Meteorólogo/a,46,15400.0,Media
9738,Licenciatura,Construcción,Actuario/a,51,19800.0,Media
9739,Básica,Construcción,Pastor,51,8500.0,Baja
9740,Posgrado,Manufactura,Herrero,26,8500.0,Baja
9741,Media Superior,Servicios,Enfermero/a,39,10900.0,Baja
9742,Licenciatura,Manufactura,Joyero,45,17900.0,Media
9743,Media Superior,Comercio,Profesor/a,36,8500.0,Baja
9744,Media Superior,Gobierno,Diseñador/a gráfico,38,10200.0,Baja
9745,Licenciatura,Comercio,Vigilante,43,20100.0,Media
9746,Licenciatura,Informal,Jardinero,52,14800.0,Baja
9747,Posgrado,Informal,Guardabosques,42,20900.0,Media
9748,Posgrado,Manufactura,Tornero,38,17200.0,Media
9749,Básica,Construcción,Cocinero,38,8500.0,Baja
9750,Licenciatura,Servicios,Desarrollador/a web,50,28800.0,Media
9751,Posgrado,Construcción,Jardinero,32,8500.0,Baja
9752,Básica,Informal,Lingüista,23,8500.0,Baja
9753,Licenciatura,Servicios,Músico/a,35,15800.0,Media
9754,Básica,Manufactura,Escultor,46,11100.0,Baja
9755,Media Superior,Servicios,Guardabosques,54,23000.0,Media
9756,Licenciatura,Comercio,Carpintero,41,15400.0,Media
9757,Media Superior,Finanzas,Bombero,40,17300.0,Media
9758,Licenciatura,Informal,Radiólogo/a,45,15600.0,Media
9759,Básica,Servicios,Relojero,30,8500.0,Baja
9760,Licenciatura,Servicios,Kinesiólogo/a,41,13900.0,Baja
9761,Licenciatura,Gobierno,Psicólogo/a,52,22400.0,Media
9762,Licenciatura,Finanzas,Programador,45,16400.0,Media
9763,Media Superior,Finanzas,Albañil,21,10500.0,Baja
9764,Licenciatura,Finanzas,Peletero,41,22100.0,Media
9765,Posgrado,Finanzas,Farmacólogo/a,28,11500.0,Baja
9766,Media Superior,Servicios,Óptico,23,8500.0,Baja
9767,Media Superior,Comercio,Herrero,42,12700.0,Baja
9768,Posgrado,Finanzas,Bombero,42,17200.0,Media
9769,Media Superior,Manufactura,Traductor/a,32,8500.0,Baja
9770,Media Superior,Finanzas,Enfermero/a,31,15700.0,Media
9771,Básica,Informal,Músico/a,37,17400.0,Media
9772,Licenciatura,Informal,Cocinero,36,12100.0,Baja
9773,Licenciatura,Informal,Tornero,25,8500.0,Baja
9774,Básica,Informal,Meteorólogo/a,30,8500.0,Baja
9775,Media Superior,Finanzas,Peluquero,43,16900.0,Media
9776,Licenciatura,Gobierno,Programador,35,16800.0,Media
9777,Media Superior,Finanzas,Leñador,49,27600.0,Media
9778,Media Superior,Comercio,Historiador/a,45,14500.0,Baja
9779,Posgrado,Servicios,Abogado/a,43,29400.0,Media
9780,Licenciatura,Servicios,Farmacólogo/a,24,8500.0,Baja
9781,Licenciatura,Servicios,Ingeniero/a,23,17300.0,Media
9782,Licenciatura,Construcción,Periodista,50,8500.0,Baja
9783,Media Superior,Finanzas,Carpintero,58,30300.0,Media
9784,Licenciatura,Servicios,Joyero,26,13900.0,Baja
9785,Posgrado,Comercio,Jardinero,27,14900.0,Baja
9786,Media Superior,Finanzas,Sastre,30,8500.0,Baja
9787,Licenciatura,Comercio,Arquitecto/a,30,21500.0,Media
9788,Media Superior,Construcción,Administrador/a,58,25800.0,Media
9789,Media Superior,Informal,Fumigador,26,8500.0,Baja
9790,Básica,Gobierno,Psicoanalista,54,21900.0,Media
9791,Licenciatura,Gobierno,Kinesiólogo/a,32,14500.0,Baja
9792,Licenciatura,Comercio,Arquitecto/a,49,23900.0,Media
9793,Media Superior,Informal,Óptico,24,8500.0,Baja
9794,Licenciatura,Construcción,Apicultor,21,8500.0,Baja
9795,Media Superior,Gobierno,Leñador,32,9900.0,Baja
9796,Básica,Servicios,Tornero,26,8500.0,Baja
9797,Media Superior,Servicios,Cajero,42,13200.0,Baja
9798,Licenciatura,Comercio,Cerrajero,32,8500.0,Baja
9799,Media Superior,Informal,Barrendero,55,16500.0,Media
9800,Posgrado,Construcción,Biólogo/a,56,34400.0,Media
9801,Licenciatura,Gobierno,Fumigador,22,13500.0,Baja
9802,Media Superior,Comercio,Técnico/a de sonido,35,19900.0,Media
9803,Posgrado,Comercio,Peletero,27,15800.0,Media
9804,Posgrado,Manufactura,Artesano,55,27400.0,Media
9805,Básica,Manufactura,Kinesiólogo/a,47,21100.0,Media
9806,Básica,Gobierno,Imprentero,47,12800.0,Baja
9807,Posgrado,Comercio,Relojero,52,12500.0,Baja
9808,Licenciatura,Comercio,Albañil,49,21800.0,Media
9809,Licenciatura,Gobierno,Profesor/a,56,31800.0,Media
9810,Básica,Manufactura,Farmacólogo/a,32,8500.0,Baja
9811,Licenciatura,Manufactura,Matemático/a,24,9300.0,Baja
9812,Licenciatura,Comercio,Traductor/a,59,12100.0,Baja
9813,Licenciatura,Manufactura,Escritor,48,22600.0,Media
9814,Media Superior,Gobierno,Barbero,26,11200.0,Baja
9815,Licenciatura,Informal,Fumigador,31,8500.0,Baja
9816,Licenciatura,Construcción,Cajero,21,11400.0,Baja
9817,Media Superior,Gobierno,Pintor,39,12800.0,Baja
9818,Media Superior,Finanzas,Apicultor,52,20100.0,Media
9819,Posgrado,Gobierno,Carpintero,38,17500.0,Media
9820,Básica,Finanzas,Lavandero,42,13700.0,Baja
9821,Básica,Finanzas,Artesano,44,20000.0,Media
9822,Licenciatura,Comercio,Sastre,36,8500.0,Baja
9823,Media Superior,Comercio,Bibliotecario/a,20,10200.0,Baja
9824,Licenciatura,Informal,Pastor,50,11400.0,Baja
9825,Licenciatura,Comercio,Arquitecto/a,45,19700.0,Media
9826,Media Superior,Construcción,Lingüista,24,8500.0,Baja
9827,Media Superior,Manufactura,Técnico/a de sonido,22,8500.0,Baja
9828,Básica,Servicios,Óptico,35,8500.0,Baja
9829,Licenciatura,Servicios,Ingeniero/a,56,25700.0,Media
9830,Básica,Gobierno,Guardabosques,58,16600.0,Media
9831,Media Superior,Comercio,Economista,44,13100.0,Baja
9832,Básica,Construcción,Radiólogo/a,40,12900.0,Baja
9833,Licenciatura,Gobierno,Administrador/a,50,24100.0,Media
9834,Licenciatura,Construcción,Técnico/a de sonido,35,16800.0,Media
9835,Licenciatura,Servicios,Peletero,44,14200.0,Baja
9836,Licenciatura,Servicios,Imprentero,49,15700.0,Media
9837,Básica,Gobierno,Arquitecto/a,29,22800.0,Media
9838,Media Superior,Manufactura,Peluquero,51,10200.0,Baja
9839,Media Superior,Servicios,Sastre,30,8500.0,Baja
9840,Media Superior,Gobierno,Psicólogo/a,22,8500.0,Baja
9841,Posgrado,Manufactura,Cocinero,35,8500.0,Baja
9842,Básica,Finanzas,Programador,44,22500.0,Media
9843,Licenciatura,Comercio,Maestro,49,16700.0,Media
9844,Posgrado,Comercio,Lingüista,35,21900.0,Media
9845,Licenciatura,Comercio,Óptico,30,13000.0,Baja
9846,Media Superior,Manufactura,Frutero,26,10100.0,Baja
9847,Media Superior,Gobierno,Frutero,42,25000.0,Media
9848,Licenciatura,Informal,Jardinero,54,9900.0,Baja
9849,Licenciatura,Servicios,Actuario/a,43,26200.0,Media
9850,Posgrado,Servicios,Programador,31,14100.0,Baja
9851,Básica,Servicios,Carnicero,54,14900.0,Baja
9852,Media Superior,Comercio,Diseñador/a gráfico,46,22800.0,Media
9853,Posgrado,Construcción,Cerrajero,56,24000.0,Media
9854,Licenciatura,Servicios,Traductor/a,51,20400.0,Media
9855,Básica,Comercio,Psicólogo/a,57,14500.0,Baja
9856,Básica,Gobierno,Veterinario/a,35,20500.0,Media
9857,Básica,Manufactura,Pintor,30,11400.0,Baja
9858,Licenciatura,Servicios,Fontanero o plomero,47,17700.0,Media
9859,Media Superior,Manufactura,Ingeniero/a,33,19200.0,Media
9860,Básica,Informal,Sastre,47,8500.0,Baja
9861,Media Superior,Servicios,Traductor/a,55,30600.0,Media
9862,Básica,Informal,Leñador,20,8500.0,Baja
9863,Media Superior,Construcción,Físico/a,46,17100.0,Media
9864,Media Superior,Manufactura,Peletero,34,9700.0,Baja
9865,Media Superior,Informal,Leñador,36,9000.0,Baja
9866,Básica,Comercio,Telefonista,25,8500.0,Baja
9867,Posgrado,Servicios,Músico/a,39,22400.0,Media
9868,Básica,Finanzas,Contador/a,48,22000.0,Media
9869,Media Superior,Construcción,Repartidor,32,8500.0,Baja
9870,Media Superior,Finanzas,Diseñador/a gráfico,27,13100.0,Baja
9871,Básica,Construcción,Pastor,34,8500.0,Baja
9872,Posgrado,Servicios,Fontanero o plomero,42,13300.0,Baja
9873,Posgrado,Finanzas,Telefonista,22,10200.0,Baja
9874,Media Superior,Finanzas,Geógrafo/a,51,20300.0,Media
9875,Media Superior,Comercio,Cocinero,32,15400.0,Media
9876,Básica,Manufactura,Ingeniero/a,47,17600.0,Media
9877,Posgrado,Servicios,Pescador,54,34000.0,Media
9878,Media Superior,Servicios,Paleontólogo/a,37,14200.0,Baja
9879,Básica,Servicios,Escultor,42,8500.0,Baja
9880,Básica,Manufactura,Farmacólogo/a,51,19900.0,Media
9881,Posgrado,Gobierno,Administrador/a,20,12300.0,Baja
9882,Media Superior,Manufactura,Diseñador/a gráfico,44,26100.0,Media
9883,Posgrado,Construcción,Fumigador,33,8500.0,Baja
9884,Licenciatura,Comercio,Diseñador/a gráfico,36,18300.0,Media
9885,Básica,Finanzas,Ferretero,59,20400.0,Media
9886,Posgrado,Construcción,Farmacólogo/a,37,20000.0,Media
9887,Media Superior,Gobierno,Camarero,59,8500.0,Baja
9888,Posgrado,Construcción,Peluquero,53,19400.0,Media
9889,Media Superior,Informal,Lechero,41,8500.0,Baja
9890,Licenciatura,Construcción,Frutero,44,15600.0,Media
9891,Básica,Manufactura,Telefonista,50,11600.0,Baja
9892,Media Superior,Manufactura,Kinesiólogo/a,32,9700.0,Baja
9893,Media Superior,Construcción,Abogado/a,56,29500.0,Media
9894,Licenciatura,Gobierno,Fumigador,28,8500.0,Baja
9895,Posgrado,Gobierno,Paleontólogo/a,54,33000.0,Media
9896,Licenciatura,Comercio,Matemático/a,56,20900.0,Media
9897,Licenciatura,Comercio,Soldador,59,16700.0,Media
9898,Licenciatura,Finanzas,Barbero,49,13300.0,Baja
9899,Licenciatura,Informal,Farmacólogo/a,23,18500.0,Media
9900,Básica,Comercio,Cerrajero,23,8500.0,Baja
9901,Licenciatura,Manufactura,Peluquero,31,8500.0,Baja
9902,Media Superior,Finanzas,Matemático/a,38,8700.0,Baja
9903,Posgrado,Informal,Profesor/a,52,29200.0,Media
9904,Licenciatura,Comercio,Sastre,50,18300.0,Media
9905,Media Superior,Gobierno,Desarrollador/a web,23,11900.0,Baja
9906,Media Superior,Comercio,Bibliotecario/a,29,8500.0,Baja
9907,Licenciatura,Manufactura,Telefonista,20,8500.0,Baja
9908,Media Superior,Finanzas,Físico/a,50,30600.0,Media
9909,Posgrado,Gobierno,Físico/a,48,37500.0,Alta
9910,Licenciatura,Manufactura,Mecánico,58,21800.0,Media
9911,Licenciatura,Servicios,Abogado/a,57,40800.0,Alta
9912,Licenciatura,Finanzas,Jardinero,46,24100.0,Media
9913,Media Superior,Finanzas,Artesano,52,21000.0,Media
9914,Media Superior,Comercio,Abogado/a,31,11400.0,Baja
9915,Licenciatura,Construcción,Óptico,56,23300.0,Media
9916,Media Superior,Informal,Físico/a,55,17700.0,Media
9917,Licenciatura,Gobierno,Lingüista,29,9500.0,Baja
9918,Licenciatura,Manufactura,Panadero,54,23900.0,Media
9919,Media Superior,Comercio,Músico/a,55,11200.0,Baja
9920,Posgrado,Servicios,Contador/a,25,15600.0,Media
9921,Media Superior,Finanzas,Músico/a,57,21100.0,Media
9922,Licenciatura,Manufactura,Escultor,30,8500.0,Baja
9923,Licenciatura,Gobierno,Enfermero/a,25,12600.0,Baja
9924,Media Superior,Gobierno,Administrador/a,53,24200.0,Media
9925,Licenciatura,Manufactura,Contador/a,51,21100.0,Media
9926,Media Superior,Servicios,Actuario/a,52,20700.0,Media
9927,Básica,Informal,Médico/a cirujano/a,41,11600.0,Baja
9928,Licenciatura,Finanzas,Ingeniero/a,31,20500.0,Media
9929,Licenciatura,Informal,Lavandero,29,8500.0,Baja
9930,Licenciatura,Informal,Paleontólogo/a,42,23100.0,Media
9931,Licenciatura,Manufactura,Profesor/a,25,17500.0,Media
9932,Media Superior,Comercio,Cajero,33,8500.0,Baja
9933,Licenciatura,Informal,Abogado/a,57,23200.0,Media
9934,Media Superior,Servicios,Pastor,47,12300.0,Baja
9935,Licenciatura,Manufactura,Profesor/a,33,17400.0,Media
9936,Media Superior,Comercio,Pastor,28,14200.0,Baja
9937,Licenciatura,Informal,Herrero,31,8500.0,Baja
9938,Media Superior,Informal,Contador/a,32,10400.0,Baja
9939,Posgrado,Construcción,Economista,23,8500.0,Baja
9940,Licenciatura,Manufactura,Cocinero,26,8500.0,Baja
9941,Básica,Finanzas,Contador/a,57,22600.0,Media
9942,Media Superior,Construcción,Músico/a,25,15400.0,Media
9943,Media Superior,Comercio,Artesano,30,9200.0,Baja
9944,Licenciatura,Gobierno,Enfermero/a,35,9200.0,Baja
9945,Básica,Manufactura,Veterinario/a,48,16000.0,Media
9946,Media Superior,Servicios,Diseñador/a gráfico,23,20800.0,Media
9947,Media Superior,Comercio,Agricultor,57,8700.0,Baja
9948,Licenciatura,Servicios,Guardabosques,20,8500.0,Baja
9949,Licenciatura,Gobierno,Agricultor,26,10600.0,Baja
9950,Básica,Gobierno,Lechero,54,10700.0,Baja
9951,Media Superior,Informal,Economista,30,9900.0,Baja
9952,Básica,Servicios,Farmacólogo/a,52,15800.0,Media
9953,Media Superior,Servicios,Camarero,33,11600.0,Baja
9954,Básica,Informal,Frutero,24,8500.0,Baja
9955,Licenciatura,Servicios,Jardinero,28,8500.0,Baja
9956,Media Superior,Finanzas,Lingüista,31,14000.0,Baja
9957,Media Superior,Construcción,Relojero,33,12700.0,Baja
9958,Básica,Servicios,Vendedor,53,11400.0,Baja
9959,Licenciatura,Comercio,Peluquero,38,17300.0,Media
9960,Licenciatura,Manufactura,Vigilante,58,16400.0,Media
9961,Media Superior,Informal,Administrador/a,41,12500.0,Baja
9962,Básica,Informal,Fumigador,23,8500.0,Baja
9963,Media Superior,Manufactura,Radiólogo/a,28,9300.0,Baja
9964,Licenciatura,Comercio,Mecánico,28,8500.0,Baja
9965,Licenciatura,Servicios,Leñador,24,12400.0,Baja
9966,Licenciatura,Finanzas,Pintor,55,28200.0,Media
9967,Licenciatura,Informal,Tornero,27,13500.0,Baja
9968,Licenciatura,Construcción,Artesano,53,20200.0,Media
9969,Media Superior,Manufactura,Abogado/a,34,13200.0,Baja
9970,Media Superior,Gobierno,Arquitecto/a,31,16700.0,Media
9971,Media Superior,Gobierno,Frutero,32,8500.0,Baja
9972,Básica,Gobierno,Actuario/a,45,16700.0,Media
9973,Media Superior,Servicios,Administrador/a,42,18200.0,Media
9974,Licenciatura,Finanzas,Diseñador/a gráfico,24,18600.0,Media
9975,Media Superior,Construcción,Repartidor,21,9700.0,Baja
9976,Media Superior,Informal,Ferretero,55,11300.0,Baja
9977,Licenciatura,Construcción,Paleontólogo/a,40,22000.0,Media
9978,Media Superior,Finanzas,Fumigador,38,17900.0,Media
9979,Licenciatura,Servicios,Tornero,36,17800.0,Media
9980,Media Superior,Servicios,Geógrafo/a,50,23400.0,Media
9981,Media Superior,Gobierno,Relojero,54,24200.0,Media
9982,Licenciatura,Gobierno,Psicólogo/a,47,24200.0,Media
9983,Licenciatura,Servicios,Sastre,55,18000.0,Media
9984,Licenciatura,Construcción,Albañil,29,8500.0,Baja
9985,Media Superior,Comercio,Matemático/a,22,14800.0,Baja
9986,Licenciatura,Manufactura,Artesano,20,8500.0,Baja
9987,Licenciatura,Finanzas,Profesor/a,23,12200.0,Baja
9988,Licenciatura,Gobierno,Vigilante,50,27600.0,Media
9989,Media Superior,Comercio,Técnico/a de sonido,42,13800.0,Baja
9990,Media Superior,Gobierno,Repartidor,31,12000.0,Baja
9991,Básica,Gobierno,Repartidor,26,12800.0,Baja
9992,Licenciatura,Construcción,Vendedor,42,21200.0,Media
9993,Básica,Informal,Contador/a,46,9500.0,Baja
9994,Posgrado,Servicios,Frutero,44,10300.0,Baja
9995,Básica,Gobierno,Contador/a,39,17400.0,Media
9996,Media Superior,Servicios,Barrendero,44,11500.0,Baja
9997,Media Superior,Informal,Profesor/a,41,8500.0,Baja
9998,Licenciatura,Construcción,Lechero,50,19300.0,Media
9999,Media Superior,Manufactura,Diseñador/a gráfico,45,20400.0,Media
10000,Licenciatura,Gobierno,Telefonista,54,27900.0,Media
